ticker,chunk,raw,chunk_norm,norm,percentile_rank,conviction,layer,source_industry,theme,momentum,flow,real_fields,fundamentals_real_fields,fundamentals_quality,data_source,market_activity_source,market_activity_data_type,options_premium_is_real,dark_pool_data_is_real,global_ranking_status
2324.TW,3,5.0,3.95,3.93,2.4,C,9,,Other / Unclassified,,neutral,0,0,none,simulated,simulated,neutral_default,False,False,recomputed
2356.TW,3,5.0,3.95,3.93,2.4,C,9,,Other / Unclassified,,neutral,0,0,none,simulated,simulated,neutral_default,False,False,recomputed
2382.TW,3,5.0,3.95,3.93,2.4,C,9,,Other / Unclassified,,neutral,0,0,none,simulated,simulated,neutral_default,False,False,recomputed
3037.TW,3,4.8,2.96,2.91,0.3,B,2,Electronic Components,Semiconductors & Chip Tools,-4.9,neutral,6,6,high,simulated,simulated,neutral_default,False,False,recomputed
3231.TW,3,5.0,3.95,3.93,2.4,C,9,,Other / Unclassified,,neutral,0,0,none,simulated,simulated,neutral_default,False,False,recomputed
3436.T,3,5.0,3.95,3.93,2.4,C,9,,Other / Unclassified,,neutral,0,0,none,simulated,simulated,neutral_default,False,False,recomputed
4062.T,3,5.02,4.04,4.03,67.3,B,3,Electronic Components,"Compute, Data Center & Network Infrastructure",-9.2,low_volume,7,7,high,simulated,simulated,neutral_default,False,False,recomputed
4186.T,3,5.16,4.73,4.74,69.4,B,2,Electronic Components,Semiconductors & Chip Tools,-18.9,neutral,6,6,high,simulated,simulated,neutral_default,False,False,recomputed
4938.TW,3,5.44,6.11,6.16,81.1,B,3,Computer Hardware,"Compute, Data Center & Network Infrastructure",-6.0,low_volume,6,6,high,simulated,simulated,neutral_default,False,False,recomputed
5347.TW,3,5.0,3.95,3.93,2.4,C,9,,Other / Unclassified,,neutral,0,0,none,simulated,simulated,neutral_default,False,False,recomputed
5802.T,3,5.13,4.59,4.59,68.5,B,3,Auto Parts,"Compute, Data Center & Network Infrastructure",-30.6,neutral,6,6,high,simulated,simulated,neutral_default,False,False,recomputed
6146.T,3,5.0,3.95,3.93,2.4,C,9,,Other / Unclassified,,neutral,0,0,none,simulated,simulated,neutral_default,False,False,recomputed
6501.T,3,5.0,3.95,3.93,2.4,C,9,,Other / Unclassified,,neutral,0,0,none,simulated,simulated,neutral_default,False,False,recomputed
6669.TW,3,5.0,3.95,3.93,2.4,C,9,,Other / Unclassified,,neutral,0,0,none,simulated,simulated,neutral_default,False,False,recomputed
6723.T,3,5.49,6.36,6.42,81.9,B,2,Semiconductors,Semiconductors & Chip Tools,-26.1,neutral,6,6,high,simulated,simulated,neutral_default,False,False,recomputed
6754.T,3,5.0,3.95,3.93,2.4,C,9,,Other / Unclassified,,neutral,0,0,none,simulated,simulated,neutral_default,False,False,recomputed
6857.T,3,5.27,5.27,5.3,72.1,B,2,Semiconductor Equipment & Materials,Semiconductors & Chip Tools,-1.0,elevated_volume,7,7,high,simulated,simulated,neutral_default,False,False,recomputed
6920.T,3,5.34,5.62,5.66,74.1,B,2,Semiconductor Equipment & Materials,Semiconductors & Chip Tools,-18.3,elevated_volume,7,7,high,simulated,simulated,neutral_default,False,False,recomputed
6951.T,3,4.89,3.41,3.37,0.9,B,2,Scientific & Technical Instruments,Semiconductors & Chip Tools,-10.4,neutral,6,6,high,simulated,simulated,neutral_default,False,False,recomputed
6967.T,3,5.23,5.08,5.1,70.4,C,9,,Other / Unclassified,,neutral,0,0,none,simulated,simulated,neutral_default,False,False,recomputed
6971.T,3,5.0,3.95,3.93,2.4,C,9,,Other / Unclassified,,neutral,0,0,none,simulated,simulated,neutral_default,False,False,recomputed
7731.T,3,5.0,3.95,3.93,2.4,C,9,,Other / Unclassified,,neutral,0,0,none,simulated,simulated,neutral_default,False,False,recomputed
7735.T,3,5.0,3.95,3.93,2.4,C,9,,Other / Unclassified,,neutral,0,0,none,simulated,simulated,neutral_default,False,False,recomputed
7751.T,3,5.26,5.23,5.25,71.9,B,2,Computer Hardware,Semiconductors & Chip Tools,-4.5,neutral,5,5,substantial,simulated,simulated,neutral_default,False,False,recomputed
8035.T,3,5.16,4.73,4.74,69.4,B,2,Semiconductor Equipment & Materials,Semiconductors & Chip Tools,-19.2,neutral,6,6,high,simulated,simulated,neutral_default,False,False,recomputed
A,3,5.0,3.95,3.93,2.4,C,9,,Other / Unclassified,,neutral,0,0,none,simulated,simulated,neutral_default,False,False,recomputed
AA,1,5.0,3.94,3.93,2.4,C,9,,Other / Unclassified,,neutral,0,0,none,polygon,polygon,stock_market_proxy,False,False,recomputed
AACBU,1,5.0,3.94,3.93,2.4,C,9,,Other / Unclassified,,neutral,0,0,none,polygon,polygon,stock_market_proxy,False,False,recomputed
AACG,1,5.0,3.94,3.93,2.4,C,9,,Other / Unclassified,,neutral,0,0,none,polygon,polygon,stock_market_proxy,False,False,recomputed
AACI,3,5.31,5.47,5.5,72.9,A,9,Shell Companies,Other / Unclassified,-0.4,neutral,5,5,substantial,polygon,polygon,stock_market_proxy,False,False,recomputed
AACIU,2,4.8,2.88,2.91,0.3,B,9,Shell Companies,Other / Unclassified,0.0,low_volume,5,5,substantial,simulated,simulated,neutral_default,False,False,recomputed
AACIW,3,5.23,5.08,5.1,70.4,C,9,,Other / Unclassified,,neutral,1,1,partial,simulated,simulated,neutral_default,False,False,recomputed
AACO,3,5.0,3.95,3.93,2.4,C,9,,Other / Unclassified,,neutral,0,0,none,finnhub,finnhub,stock_market_proxy,False,False,recomputed
AACOU,1,5.0,3.94,3.93,2.4,C,9,,Other / Unclassified,,neutral,0,0,none,polygon,polygon,stock_market_proxy,False,False,recomputed
AAME,1,5.92,8.75,8.6,92.1,A,9,Insurance - Life,Other / Unclassified,-61.8,low_volume,7,7,high,polygon,polygon,stock_market_proxy,False,False,recomputed
AAOI,1,5.8,8.12,7.99,89.5,A,3,Communication Equipment,"Compute, Data Center & Network Infrastructure",-45.1,elevated_volume,8,8,high,polygon,polygon,stock_market_proxy,False,False,recomputed
AAON,3,5.83,8.03,8.15,90.0,B,3,Building Products & Equipment,"Compute, Data Center & Network Infrastructure",-41.1,neutral,7,7,high,simulated,simulated,neutral_default,False,False,recomputed
AAPG,1,5.0,3.94,3.93,2.4,C,9,,Other / Unclassified,,neutral,0,0,none,polygon,polygon,stock_market_proxy,False,False,recomputed
AAPL,1,5.35,5.77,5.71,74.5,C,6,,"Enterprise Software, Services & Automation",,neutral,0,0,none,polygon,polygon,stock_market_proxy,False,False,recomputed
AARD,3,5.61,6.95,7.03,85.2,A,9,Biotechnology,Other / Unclassified,-71.0,neutral,5,5,substantial,polygon,polygon,stock_market_proxy,False,False,recomputed
AB,1,5.0,3.94,3.93,2.4,C,9,,Other / Unclassified,,neutral,0,0,none,polygon,polygon,stock_market_proxy,False,False,recomputed
ABAT,3,7.09,10.0,10.0,96.5,B,9,Waste Management,Other / Unclassified,-81.6,dark_pool_buying,8,8,high,simulated,simulated,neutral_default,False,False,recomputed
ABBNY,3,5.62,7.0,7.08,85.8,B,7,Electrical Equipment & Parts,"Cybersecurity, Identity & Data Protection",-12.3,neutral,6,6,high,simulated,simulated,neutral_default,False,False,recomputed
ABBV,1,5.0,3.94,3.93,2.4,C,9,,Other / Unclassified,,neutral,0,0,none,polygon,polygon,stock_market_proxy,False,False,recomputed
ABCB,3,5.0,3.95,3.93,2.4,C,9,,Other / Unclassified,,neutral,0,0,none,polygon,polygon,stock_market_proxy,False,False,recomputed
ABEO,1,5.0,3.94,3.93,2.4,C,9,,Other / Unclassified,,neutral,0,0,none,finnhub,finnhub,stock_market_proxy,False,False,recomputed
ABLV,1,5.0,3.94,3.93,2.4,C,9,,Other / Unclassified,,neutral,0,0,none,finnhub,finnhub,stock_market_proxy,False,False,recomputed
ABLVW,3,5.0,3.95,3.93,2.4,C,9,,Other / Unclassified,,neutral,3,3,partial,simulated,simulated,neutral_default,False,False,recomputed
ABNB,1,5.0,3.94,3.93,2.4,A,9,Travel Services,Other / Unclassified,-15.7,neutral,7,7,high,polygon,polygon,stock_market_proxy,False,False,recomputed
ABSI,1,5.41,6.08,6.01,79.0,C,5,,"AI Platforms, Models & Quantum",,neutral,0,0,none,finnhub,finnhub,stock_market_proxy,False,False,recomputed
ABT,2,5.0,3.9,3.93,2.4,C,9,,Other / Unclassified,,neutral,0,0,none,simulated,simulated,neutral_default,False,False,recomputed
ABUS,3,5.0,3.95,3.93,2.4,C,9,,Other / Unclassified,,neutral,0,0,none,polygon,polygon,stock_market_proxy,False,False,recomputed
ABVEW,3,5.0,3.95,3.93,2.4,C,9,,Other / Unclassified,,neutral,0,0,none,simulated,simulated,neutral_default,False,False,recomputed
ABX,1,5.0,3.94,3.93,2.4,C,9,,Other / Unclassified,,neutral,0,0,none,finnhub,finnhub,stock_market_proxy,False,False,recomputed
ACA,3,5.0,3.95,3.93,2.4,C,9,,Other / Unclassified,,neutral,0,0,none,simulated,simulated,neutral_default,False,False,recomputed
ACAA,1,5.0,3.94,3.93,2.4,C,9,,Other / Unclassified,,neutral,0,0,none,polygon,polygon,stock_market_proxy,False,False,recomputed
ACAD,1,6.37,10.0,10.0,96.5,A,9,Biotechnology,Other / Unclassified,-35.7,neutral,7,7,high,polygon,polygon,stock_market_proxy,False,False,recomputed
ACDC,1,5.0,3.94,3.93,2.4,C,9,,Other / Unclassified,,neutral,0,0,none,polygon,polygon,stock_market_proxy,False,False,recomputed
ACGCU,3,5.0,3.95,3.93,2.4,C,9,,Other / Unclassified,,neutral,0,0,none,finnhub,finnhub,stock_market_proxy,False,False,recomputed
ACGL,1,5.0,3.94,3.93,2.4,C,9,,Other / Unclassified,,neutral,0,0,none,polygon,polygon,stock_market_proxy,False,False,recomputed
ACHV,1,5.23,5.14,5.1,70.4,A,9,Biotechnology,Other / Unclassified,-15.1,neutral,5,5,substantial,polygon,polygon,stock_market_proxy,False,False,recomputed
ACI,1,6.14,9.9,9.72,95.2,A,9,Grocery Stores,Other / Unclassified,-38.0,neutral,6,6,high,polygon,polygon,stock_market_proxy,False,False,recomputed
ACIU,1,6.06,9.48,9.32,94.1,A,9,Biotechnology,Other / Unclassified,-33.1,elevated_volume,7,7,high,polygon,polygon,stock_market_proxy,False,False,recomputed
ACIW,3,5.0,3.95,3.93,2.4,C,9,,Other / Unclassified,,neutral,0,0,none,simulated,simulated,neutral_default,False,False,recomputed
ACLS,2,5.0,3.9,3.93,2.4,C,9,,Other / Unclassified,,neutral,0,0,none,simulated,simulated,neutral_default,False,False,recomputed
ACM,3,5.0,3.95,3.93,2.4,C,9,,Other / Unclassified,,neutral,0,0,none,simulated,simulated,neutral_default,False,False,recomputed
ACMR,1,5.41,6.08,6.01,79.0,C,2,,Semiconductors & Chip Tools,,neutral,0,0,none,finnhub,finnhub,stock_market_proxy,False,False,recomputed
ACN,3,5.0,3.95,3.93,2.4,C,9,,Other / Unclassified,,neutral,0,0,none,simulated,simulated,neutral_default,False,False,recomputed
ACNB,3,5.08,4.34,4.34,67.6,B,9,Banks - Regional,Other / Unclassified,-4.3,neutral,6,6,high,simulated,simulated,neutral_default,False,False,recomputed
ACOG,3,5.0,3.95,3.93,2.4,C,9,,Other / Unclassified,,neutral,0,0,none,polygon,polygon,stock_market_proxy,False,False,recomputed
ACP,1,5.0,3.94,3.93,2.4,C,9,,Other / Unclassified,,neutral,0,0,none,finnhub,finnhub,stock_market_proxy,False,False,recomputed
ACRE,3,5.0,3.95,3.93,2.4,C,9,,Other / Unclassified,,neutral,0,0,none,finnhub,finnhub,stock_market_proxy,False,False,recomputed
ACRS,1,5.0,3.94,3.93,2.4,C,9,,Other / Unclassified,,neutral,0,0,none,polygon,polygon,stock_market_proxy,False,False,recomputed
ACT,3,5.0,3.95,3.93,2.4,C,9,,Other / Unclassified,,neutral,0,0,none,finnhub,finnhub,stock_market_proxy,False,False,recomputed
ACTU,1,5.0,3.94,3.93,2.4,C,9,,Other / Unclassified,,neutral,0,0,none,finnhub,finnhub,stock_market_proxy,False,False,recomputed
ACVA,3,4.89,3.41,3.37,0.9,A,9,Auto & Truck Dealerships,Other / Unclassified,-0.6,low_volume,8,8,high,finnhub,finnhub,stock_market_proxy,False,False,recomputed
ADAG,3,5.0,3.95,3.93,2.4,C,9,,Other / Unclassified,,neutral,0,0,none,simulated,simulated,neutral_default,False,False,recomputed
ADAMG,1,5.0,3.94,3.93,2.4,C,9,,Other / Unclassified,,neutral,0,0,none,finnhub,finnhub,stock_market_proxy,False,False,recomputed
ADAMH,3,5.0,3.95,3.93,2.4,C,9,,Other / Unclassified,,neutral,0,0,none,polygon,polygon,stock_market_proxy,False,False,recomputed
ADAMM,3,6.43,10.0,10.0,96.5,A,9,REIT - Mortgage,Other / Unclassified,-3.0,dark_pool_buying,7,7,high,polygon,polygon,stock_market_proxy,False,False,recomputed
ADAMO,1,5.0,3.94,3.93,2.4,C,9,,Other / Unclassified,,neutral,0,0,none,finnhub,finnhub,stock_market_proxy,False,False,recomputed
ADBE,1,5.0,3.94,3.93,2.4,C,9,,Other / Unclassified,,neutral,0,0,none,polygon,polygon,stock_market_proxy,False,False,recomputed
ADCT,1,5.59,7.02,6.93,84.8,A,9,Drug Manufacturers - Specialty & Generic,Other / Unclassified,-70.9,neutral,6,6,high,polygon,polygon,stock_market_proxy,False,False,recomputed
ADI,1,5.41,6.08,6.01,79.0,C,2,,Semiconductors & Chip Tools,,neutral,0,0,none,polygon,polygon,stock_market_proxy,False,False,recomputed
ADMA,1,5.0,3.94,3.93,2.4,C,9,,Other / Unclassified,,neutral,0,0,none,polygon,polygon,stock_market_proxy,False,False,recomputed
ADP,1,5.35,5.77,5.71,74.5,C,6,,"Enterprise Software, Services & Automation",,neutral,0,0,none,polygon,polygon,stock_market_proxy,False,False,recomputed
ADPT,3,5.0,3.95,3.93,2.4,C,9,,Other / Unclassified,,neutral,0,0,none,simulated,simulated,neutral_default,False,False,recomputed
ADSK,1,5.74,7.81,7.69,88.4,A,6,Software - Application,"Enterprise Software, Services & Automation",-25.0,neutral,7,7,high,polygon,polygon,stock_market_proxy,False,False,recomputed
ADT,1,5.0,3.94,3.93,2.4,C,9,,Other / Unclassified,,neutral,0,0,none,finnhub,finnhub,stock_market_proxy,False,False,recomputed
ADTN,1,5.0,3.94,3.93,2.4,C,9,,Other / Unclassified,,neutral,0,0,none,finnhub,finnhub,stock_market_proxy,False,False,recomputed
ADTX,3,5.0,3.95,3.93,2.4,C,9,,Other / Unclassified,,neutral,0,0,none,simulated,simulated,neutral_default,False,False,recomputed
ADUR,1,5.94,8.85,8.71,92.3,A,9,Pollution & Treatment Controls,Other / Unclassified,-35.9,neutral,6,6,high,finnhub,finnhub,stock_market_proxy,False,False,recomputed
ADUS,1,5.19,4.93,4.89,69.8,A,9,Medical Care Facilities,Other / Unclassified,-7.7,neutral,7,7,high,finnhub,finnhub,stock_market_proxy,False,False,recomputed
ADX,2,5.0,3.9,3.93,2.4,C,9,,Other / Unclassified,,neutral,0,0,none,simulated,simulated,neutral_default,False,False,recomputed
AEAQ,1,4.8,2.89,2.91,0.3,A,9,Shell Companies,Other / Unclassified,-0.2,low_volume,6,6,high,polygon,polygon,stock_market_proxy,False,False,recomputed
AEAQU,1,5.0,3.94,3.93,2.4,C,9,,Other / Unclassified,,neutral,0,0,none,polygon,polygon,stock_market_proxy,False,False,recomputed
AEE,1,5.0,3.94,3.93,2.4,C,9,,Other / Unclassified,,neutral,0,0,none,polygon,polygon,stock_market_proxy,False,False,recomputed
AEF,1,5.0,3.94,3.93,2.4,A,9,Asset Management,Other / Unclassified,-3.7,neutral,5,5,substantial,polygon,polygon,stock_market_proxy,False,False,recomputed
AEHR,1,5.62,7.18,7.08,85.8,A,2,Semiconductor Equipment & Materials,Semiconductors & Chip Tools,-38.6,neutral,7,7,high,polygon,polygon,stock_market_proxy,False,False,recomputed
AEI,1,5.0,3.94,3.93,2.4,C,9,,Other / Unclassified,,neutral,0,0,none,polygon,polygon,stock_market_proxy,False,False,recomputed
AEIS,1,5.0,3.94,3.93,2.4,C,9,,Other / Unclassified,,neutral,0,0,none,polygon,polygon,stock_market_proxy,False,False,recomputed
AEM,1,5.66,7.39,7.28,86.6,A,9,Gold,Other / Unclassified,-28.1,neutral,7,7,high,polygon,polygon,stock_market_proxy,False,False,recomputed
AEP,1,5.0,3.94,3.93,2.4,C,9,,Other / Unclassified,,neutral,0,0,none,polygon,polygon,stock_market_proxy,False,False,recomputed
AER,3,5.0,3.95,3.93,2.4,C,9,,Other / Unclassified,,neutral,0,0,none,finnhub,finnhub,stock_market_proxy,False,False,recomputed
AES,1,5.35,5.77,5.71,74.5,C,1,,"Energy, Power & Utilities",,neutral,0,0,none,polygon,polygon,stock_market_proxy,False,False,recomputed
AEXA,1,5.0,3.94,3.93,2.4,C,9,,Other / Unclassified,,neutral,0,0,none,finnhub,finnhub,stock_market_proxy,False,False,recomputed
AFGD,3,4.9,3.45,3.42,0.9,B,9,,Other / Unclassified,-0.1,neutral,4,4,substantial,polygon,polygon,stock_market_proxy,False,False,recomputed
AFRM,1,5.4,6.03,5.96,78.9,A,8,Credit Services,"Fintech, Payments & Digital Assets",-12.2,low_volume,8,8,high,polygon,polygon,stock_market_proxy,False,False,recomputed
AFX.DE,3,4.98,3.85,3.83,2.2,B,9,Medical Instruments & Supplies,Other / Unclassified,,neutral,5,5,substantial,simulated,simulated,neutral_default,False,False,recomputed
AGAE,1,5.0,3.94,3.93,2.4,C,9,,Other / Unclassified,,neutral,0,0,none,finnhub,finnhub,stock_market_proxy,False,False,recomputed
AGBK,1,5.0,3.94,3.93,2.4,C,9,,Other / Unclassified,,neutral,0,0,none,finnhub,finnhub,stock_market_proxy,False,False,recomputed
AGCC,1,5.0,3.94,3.93,2.4,C,9,,Other / Unclassified,,neutral,0,0,none,polygon,polygon,stock_market_proxy,False,False,recomputed
AGI,1,5.0,3.94,3.93,2.4,C,9,,Other / Unclassified,,neutral,0,0,none,polygon,polygon,stock_market_proxy,False,False,recomputed
AGIO,1,5.0,3.94,3.93,2.4,C,9,,Other / Unclassified,,neutral,0,0,none,polygon,polygon,stock_market_proxy,False,False,recomputed
AGL,3,5.0,3.95,3.93,2.4,C,9,,Other / Unclassified,,neutral,0,0,none,simulated,simulated,neutral_default,False,False,recomputed
AGMB,1,5.0,3.94,3.93,2.4,C,9,,Other / Unclassified,,neutral,0,0,none,finnhub,finnhub,stock_market_proxy,False,False,recomputed
AGNCL,1,5.0,3.94,3.93,2.4,C,9,,Other / Unclassified,,neutral,0,0,none,polygon,polygon,stock_market_proxy,False,False,recomputed
AGNCN,1,5.0,3.94,3.93,2.4,C,9,,Other / Unclassified,,neutral,0,0,none,polygon,polygon,stock_market_proxy,False,False,recomputed
AGPU,1,5.91,8.7,8.55,91.7,A,4,Software - Infrastructure,"Cloud, Data & Developer Infrastructure",-17.0,neutral,7,7,high,polygon,polygon,stock_market_proxy,False,False,recomputed
AI,1,5.41,6.08,6.01,79.0,C,5,,"AI Platforms, Models & Quantum",,neutral,0,0,none,polygon,polygon,stock_market_proxy,False,False,recomputed
AIFC,1,6.12,9.79,9.62,94.9,A,8,Software - Infrastructure,"Fintech, Payments & Digital Assets",-84.8,neutral,7,7,high,polygon,polygon,stock_market_proxy,False,False,recomputed
AIHS,1,4.85,3.15,3.17,0.5,B,9,Rental & Leasing Services,Other / Unclassified,,neutral,4,4,substantial,finnhub,finnhub,stock_market_proxy,False,False,recomputed
AII,2,4.91,3.44,3.47,1.2,B,9,Insurance - Property & Casualty,Other / Unclassified,-1.2,low_volume,7,7,high,simulated,simulated,neutral_default,False,False,recomputed
AIIOW,1,5.0,3.94,3.93,2.4,C,9,,Other / Unclassified,,neutral,0,0,none,polygon,polygon,stock_market_proxy,False,False,recomputed
AIMDW,1,5.48,6.45,6.37,81.8,C,2,,Semiconductors & Chip Tools,,neutral,3,3,partial,polygon,polygon,stock_market_proxy,False,False,recomputed
AIN,1,5.19,4.93,4.89,69.8,A,9,Textile Manufacturing,Other / Unclassified,-21.8,neutral,7,7,high,polygon,polygon,stock_market_proxy,False,False,recomputed
AIO,1,5.31,5.56,5.5,72.9,A,9,Asset Management,Other / Unclassified,-8.3,neutral,5,5,substantial,polygon,polygon,stock_market_proxy,False,False,recomputed
AIQUY,3,5.0,3.95,3.93,2.4,C,9,,Other / Unclassified,,neutral,0,0,none,simulated,simulated,neutral_default,False,False,recomputed
AIRE,1,5.78,8.02,7.89,89.2,A,9,Real Estate Services,Other / Unclassified,-95.5,neutral,7,7,high,polygon,polygon,stock_market_proxy,False,False,recomputed
AIRG,1,5.0,3.94,3.93,2.4,C,9,,Other / Unclassified,,neutral,0,0,none,polygon,polygon,stock_market_proxy,False,False,recomputed
AIRS,3,5.61,6.95,7.03,85.2,A,9,Medical Care Facilities,Other / Unclassified,-84.4,neutral,6,6,high,polygon,polygon,stock_market_proxy,False,False,recomputed
AIRT,1,4.82,3.0,3.01,0.5,A,9,Conglomerates,Other / Unclassified,-10.4,low_volume,8,8,high,polygon,polygon,stock_market_proxy,False,False,recomputed
AISP,1,5.0,3.94,3.93,2.4,C,9,,Other / Unclassified,,neutral,0,0,none,finnhub,finnhub,stock_market_proxy,False,False,recomputed
AIT,1,5.0,3.94,3.93,2.4,C,9,,Other / Unclassified,,neutral,0,0,none,finnhub,finnhub,stock_market_proxy,False,False,recomputed
AIV,3,6.11,9.41,9.57,94.9,A,9,REIT - Residential,Other / Unclassified,-43.8,neutral,6,6,high,finnhub,finnhub,stock_market_proxy,False,False,recomputed
AIXA.DE,3,4.97,3.8,3.78,2.1,B,2,Semiconductor Equipment & Materials,Semiconductors & Chip Tools,,neutral,6,6,high,simulated,simulated,neutral_default,False,False,recomputed
AIXC,1,5.0,3.94,3.93,2.4,C,9,,Other / Unclassified,,neutral,0,0,none,finnhub,finnhub,stock_market_proxy,False,False,recomputed
AIXI,3,6.03,9.01,9.16,93.6,B,6,Software - Application,"Enterprise Software, Services & Automation",-96.6,elevated_volume,8,8,high,simulated,simulated,neutral_default,False,False,recomputed
AIZ,1,5.33,5.66,5.61,73.8,A,9,Insurance - Property & Casualty,Other / Unclassified,-11.3,neutral,6,6,high,polygon,polygon,stock_market_proxy,False,False,recomputed
AJG,1,5.0,3.94,3.93,2.4,C,9,,Other / Unclassified,,neutral,0,0,none,polygon,polygon,stock_market_proxy,False,False,recomputed
AJINY,3,5.0,3.95,3.93,2.4,C,9,,Other / Unclassified,,neutral,0,0,none,simulated,simulated,neutral_default,False,False,recomputed
AKAM,1,5.41,6.08,6.01,79.0,C,7,,"Cybersecurity, Identity & Data Protection",,neutral,0,0,none,polygon,polygon,stock_market_proxy,False,False,recomputed
AKAN,1,5.0,3.94,3.93,2.4,C,9,,Other / Unclassified,,neutral,0,0,none,finnhub,finnhub,stock_market_proxy,False,False,recomputed
ALAB,3,5.0,3.95,3.93,2.4,C,9,,Other / Unclassified,,neutral,0,0,none,simulated,simulated,neutral_default,False,False,recomputed
ALB,1,5.0,3.94,3.93,2.4,C,9,,Other / Unclassified,,neutral,0,0,none,finnhub,finnhub,stock_market_proxy,False,False,recomputed
ALC,1,5.0,3.94,3.93,2.4,C,9,,Other / Unclassified,,neutral,0,0,none,polygon,polygon,stock_market_proxy,False,False,recomputed
ALCO,1,5.0,3.94,3.93,2.4,C,9,,Other / Unclassified,,neutral,0,0,none,polygon,polygon,stock_market_proxy,False,False,recomputed
ALCY,1,5.0,3.94,3.93,2.4,C,9,,Other / Unclassified,,neutral,0,0,none,polygon,polygon,stock_market_proxy,False,False,recomputed
ALDF,3,5.0,3.95,3.93,2.4,C,9,,Other / Unclassified,,neutral,0,0,none,finnhub,finnhub,stock_market_proxy,False,False,recomputed
ALF,1,5.0,3.94,3.93,2.4,C,9,,Other / Unclassified,,neutral,0,0,none,polygon,polygon,stock_market_proxy,False,False,recomputed
ALFUU,3,5.0,3.95,3.93,2.4,C,9,,Other / Unclassified,,neutral,0,0,none,polygon,polygon,stock_market_proxy,False,False,recomputed
ALGM,3,6.15,9.6,9.77,95.5,B,2,Semiconductors,Semiconductors & Chip Tools,-46.8,elevated_volume,8,8,high,simulated,simulated,neutral_default,False,False,recomputed
ALGN,1,5.0,3.94,3.93,2.4,C,9,,Other / Unclassified,,neutral,0,0,none,polygon,polygon,stock_market_proxy,False,False,recomputed
ALHC,3,5.0,3.95,3.93,2.4,C,9,,Other / Unclassified,,neutral,0,0,none,finnhub,finnhub,stock_market_proxy,False,False,recomputed
ALISU,1,5.0,3.94,3.93,2.4,C,9,,Other / Unclassified,,neutral,0,0,none,polygon,polygon,stock_market_proxy,False,False,recomputed
ALIT,1,5.91,8.7,8.55,91.7,A,6,Software - Application,"Enterprise Software, Services & Automation",-84.1,neutral,6,6,high,polygon,polygon,stock_market_proxy,False,False,recomputed
ALKS,1,5.0,3.94,3.93,2.4,C,9,,Other / Unclassified,,neutral,0,0,none,finnhub,finnhub,stock_market_proxy,False,False,recomputed
ALKT,3,5.0,3.95,3.93,2.4,C,9,,Other / Unclassified,,neutral,0,0,none,finnhub,finnhub,stock_market_proxy,False,False,recomputed
ALL,2,5.0,3.9,3.93,2.4,C,9,,Other / Unclassified,,neutral,0,0,none,simulated,simulated,neutral_default,False,False,recomputed
ALLE,1,5.0,3.94,3.93,2.4,C,9,,Other / Unclassified,,neutral,0,0,none,finnhub,finnhub,stock_market_proxy,False,False,recomputed
ALLR,1,5.0,3.94,3.93,2.4,C,9,,Other / Unclassified,,neutral,0,0,none,finnhub,finnhub,stock_market_proxy,False,False,recomputed
ALLY,1,6.0,9.17,9.01,93.5,A,8,Credit Services,"Fintech, Payments & Digital Assets",-20.4,neutral,6,6,high,polygon,polygon,stock_market_proxy,False,False,recomputed
ALMU,1,5.0,3.94,3.93,2.4,C,9,,Other / Unclassified,,neutral,0,0,none,polygon,polygon,stock_market_proxy,False,False,recomputed
ALNT,1,5.0,3.94,3.93,2.4,C,9,,Other / Unclassified,,neutral,0,0,none,polygon,polygon,stock_market_proxy,False,False,recomputed
ALNY,1,5.95,8.9,8.76,92.6,A,9,Biotechnology,Other / Unclassified,-54.3,neutral,7,7,high,polygon,polygon,stock_market_proxy,False,False,recomputed
ALOVW,3,5.23,5.08,5.1,70.4,C,9,,Other / Unclassified,,neutral,1,1,partial,simulated,simulated,neutral_default,False,False,recomputed
ALOY,1,5.61,7.13,7.03,85.2,A,9,Other Industrial Metals & Mining,Other / Unclassified,-69.4,neutral,6,6,high,polygon,polygon,stock_market_proxy,False,False,recomputed
ALRM,3,5.93,8.52,8.65,92.2,B,6,Software - Application,"Enterprise Software, Services & Automation",-5.1,neutral,7,7,high,simulated,simulated,neutral_default,False,False,recomputed
ALRS,2,5.37,5.79,5.81,78.0,B,9,Banks - Regional,Other / Unclassified,-5.5,neutral,6,6,high,simulated,simulated,neutral_default,False,False,recomputed
ALTI,3,5.0,3.95,3.93,2.4,C,9,,Other / Unclassified,,neutral,0,0,none,simulated,simulated,neutral_default,False,False,recomputed
ALVO,3,5.0,3.95,3.93,2.4,C,9,,Other / Unclassified,,neutral,0,0,none,simulated,simulated,neutral_default,False,False,recomputed
ALX,3,5.34,5.62,5.66,74.1,A,9,REIT - Retail,Other / Unclassified,-14.3,neutral,6,6,high,finnhub,finnhub,stock_market_proxy,False,False,recomputed
ALXO,3,5.0,3.95,3.93,2.4,C,9,,Other / Unclassified,,neutral,0,0,none,polygon,polygon,stock_market_proxy,False,False,recomputed
AMAT,1,5.41,6.08,6.01,79.0,C,2,,Semiconductors & Chip Tools,,neutral,0,0,none,polygon,polygon,stock_market_proxy,False,False,recomputed
AMBA,3,5.41,5.96,6.01,79.0,C,2,,Semiconductors & Chip Tools,,neutral,0,0,none,simulated,simulated,neutral_default,False,False,recomputed
AMBR,1,4.68,2.26,2.3,0.2,A,9,Asset Management,Other / Unclassified,-24.0,low_volume,8,8,high,polygon,polygon,stock_market_proxy,False,False,recomputed
AMC,1,5.0,3.94,3.93,2.4,C,9,,Other / Unclassified,,neutral,0,0,none,finnhub,finnhub,stock_market_proxy,False,False,recomputed
AMCI,1,5.91,8.7,8.55,91.7,A,3,Computer Hardware,"Compute, Data Center & Network Infrastructure",-80.1,low_volume,8,8,high,polygon,polygon,stock_market_proxy,False,False,recomputed
AMD,1,5.16,4.77,4.74,69.4,A,2,Semiconductors,Semiconductors & Chip Tools,-0.5,neutral,7,7,high,polygon,polygon,stock_market_proxy,False,False,recomputed
AME,1,5.0,3.94,3.93,2.4,C,9,,Other / Unclassified,,neutral,0,0,none,polygon,polygon,stock_market_proxy,False,False,recomputed
AMGN,1,5.0,3.94,3.93,2.4,C,9,,Other / Unclassified,,neutral,0,0,none,finnhub,finnhub,stock_market_proxy,False,False,recomputed
AMIX,1,5.0,3.94,3.93,2.4,C,9,,Other / Unclassified,,neutral,0,0,none,finnhub,finnhub,stock_market_proxy,False,False,recomputed
AMKR,3,5.0,3.95,3.93,2.4,C,9,,Other / Unclassified,,neutral,0,0,none,simulated,simulated,neutral_default,False,False,recomputed
AMLX,3,5.46,6.21,6.27,81.4,A,9,Drug Manufacturers - Specialty & Generic,Other / Unclassified,-30.8,neutral,6,6,high,finnhub,finnhub,stock_market_proxy,False,False,recomputed
AMN,1,5.0,3.94,3.93,2.4,C,9,,Other / Unclassified,,neutral,0,0,none,finnhub,finnhub,stock_market_proxy,False,False,recomputed
AMOD,1,6.17,10.0,9.87,95.7,A,6,Software - Application,"Enterprise Software, Services & Automation",-95.3,elevated_volume,6,6,high,polygon,polygon,stock_market_proxy,False,False,recomputed
AMPG,3,6.13,9.5,9.67,95.1,B,2,Communication Equipment,Semiconductors & Chip Tools,-69.5,neutral,7,7,high,simulated,simulated,neutral_default,False,False,recomputed
AMPGZ,2,5.0,3.9,3.93,2.4,C,9,,Other / Unclassified,,neutral,0,0,none,simulated,simulated,neutral_default,False,False,recomputed
AMPH,3,5.0,3.95,3.93,2.4,C,9,,Other / Unclassified,,neutral,0,0,none,simulated,simulated,neutral_default,False,False,recomputed
AMPY,1,5.0,3.94,3.93,2.4,C,9,,Other / Unclassified,,neutral,0,0,none,polygon,polygon,stock_market_proxy,False,False,recomputed
AMRC,3,6.23,10.0,10.0,96.5,B,3,Engineering & Construction,"Compute, Data Center & Network Infrastructure",-49.3,neutral,7,7,high,simulated,simulated,neutral_default,False,False,recomputed
AMRX,1,5.0,3.94,3.93,2.4,C,9,,Other / Unclassified,,neutral,0,0,none,polygon,polygon,stock_market_proxy,False,False,recomputed
AMST,1,5.0,3.94,3.93,2.4,C,9,,Other / Unclassified,,neutral,0,0,none,finnhub,finnhub,stock_market_proxy,False,False,recomputed
AMT,1,5.0,3.94,3.93,2.4,C,9,,Other / Unclassified,,neutral,0,0,none,polygon,polygon,stock_market_proxy,False,False,recomputed
AMTM,1,5.0,3.94,3.93,2.4,C,9,,Other / Unclassified,,neutral,0,0,none,finnhub,finnhub,stock_market_proxy,False,False,recomputed
AMTX,1,5.0,3.94,3.93,2.4,C,9,,Other / Unclassified,,neutral,0,0,none,polygon,polygon,stock_market_proxy,False,False,recomputed
AMWD,3,5.0,3.95,3.93,2.4,C,9,,Other / Unclassified,,neutral,0,0,none,polygon,polygon,stock_market_proxy,False,False,recomputed
AMX,1,5.0,3.94,3.93,2.4,C,9,,Other / Unclassified,,neutral,0,0,none,polygon,polygon,stock_market_proxy,False,False,recomputed
AMZN,1,5.62,7.18,7.08,85.8,A,5,Internet Retail,"AI Platforms, Models & Quantum",-8.5,neutral,7,7,high,polygon,polygon,stock_market_proxy,False,False,recomputed
AN,2,5.0,3.9,3.93,2.4,C,9,,Other / Unclassified,,neutral,0,0,none,simulated,simulated,neutral_default,False,False,recomputed
ANDE,2,5.47,6.3,6.32,81.5,B,9,Food Distribution,Other / Unclassified,-18.2,neutral,6,6,high,simulated,simulated,neutral_default,False,False,recomputed
ANDG,3,5.0,3.95,3.93,2.4,C,9,,Other / Unclassified,,neutral,0,0,none,simulated,simulated,neutral_default,False,False,recomputed
ANET,1,5.1,4.46,4.44,68.3,A,3,Computer Hardware,"Compute, Data Center & Network Infrastructure",0.0,neutral,7,7,high,polygon,polygon,stock_market_proxy,False,False,recomputed
ANIK,1,5.0,3.94,3.93,2.4,A,9,Drug Manufacturers - Specialty & Generic,Other / Unclassified,-11.3,neutral,7,7,high,polygon,polygon,stock_market_proxy,False,False,recomputed
ANIP,3,5.76,7.68,7.79,88.9,A,9,Drug Manufacturers - Specialty & Generic,Other / Unclassified,-24.6,neutral,7,7,high,finnhub,finnhub,stock_market_proxy,False,False,recomputed
ANY,1,5.0,3.94,3.93,2.4,C,9,,Other / Unclassified,,neutral,0,0,none,polygon,polygon,stock_market_proxy,False,False,recomputed
AOMD,1,5.0,3.94,3.93,2.4,C,9,,Other / Unclassified,,neutral,0,0,none,polygon,polygon,stock_market_proxy,False,False,recomputed
AOMN,3,6.03,9.01,9.16,93.6,B,9,,Other / Unclassified,-3.3,dark_pool_buying,5,5,substantial,simulated,simulated,neutral_default,False,False,recomputed
AON,1,5.0,3.94,3.93,2.4,C,9,,Other / Unclassified,,neutral,0,0,none,finnhub,finnhub,stock_market_proxy,False,False,recomputed
AOS,1,5.0,3.94,3.93,2.4,C,9,,Other / Unclassified,,neutral,0,0,none,finnhub,finnhub,stock_market_proxy,False,False,recomputed
AOSL,3,5.47,6.26,6.32,81.5,A,3,Semiconductors,"Compute, Data Center & Network Infrastructure",-45.2,neutral,6,6,high,finnhub,finnhub,stock_market_proxy,False,False,recomputed
AOUT,1,5.0,3.94,3.93,2.4,C,9,,Other / Unclassified,,neutral,0,0,none,polygon,polygon,stock_market_proxy,False,False,recomputed
APA,1,5.0,3.94,3.93,2.4,C,9,,Other / Unclassified,,neutral,0,0,none,polygon,polygon,stock_market_proxy,False,False,recomputed
APAC,3,5.0,3.95,3.93,2.4,C,9,,Other / Unclassified,,neutral,0,0,none,finnhub,finnhub,stock_market_proxy,False,False,recomputed
APC,1,5.0,3.94,3.93,2.4,C,9,,Other / Unclassified,,neutral,0,0,none,polygon,polygon,stock_market_proxy,False,False,recomputed
APD,1,5.0,3.94,3.93,2.4,C,9,,Other / Unclassified,,neutral,0,0,none,finnhub,finnhub,stock_market_proxy,False,False,recomputed
APEI,1,5.0,3.94,3.93,2.4,C,9,,Other / Unclassified,,neutral,0,0,none,finnhub,finnhub,stock_market_proxy,False,False,recomputed
APGE,3,5.0,3.95,3.93,2.4,C,9,Biotechnology,Other / Unclassified,,neutral,2,2,partial,polygon,polygon,stock_market_proxy,False,False,recomputed
APH,1,5.35,5.77,5.71,74.5,A,3,Electronic Components,"Compute, Data Center & Network Infrastructure",-1.2,neutral,7,7,high,polygon,polygon,stock_market_proxy,False,False,recomputed
API,1,5.8,8.12,7.99,89.5,A,6,Software - Application,"Enterprise Software, Services & Automation",-21.1,low_volume,8,8,high,polygon,polygon,stock_market_proxy,False,False,recomputed
APLD,1,7.18,10.0,10.0,96.5,A,3,Information Technology Services,"Compute, Data Center & Network Infrastructure",-52.0,dark_pool_buying,8,8,high,polygon,polygon,stock_market_proxy,False,False,recomputed
APLE,1,5.0,3.94,3.93,2.4,C,9,,Other / Unclassified,,neutral,0,0,none,polygon,polygon,stock_market_proxy,False,False,recomputed
APLMW,1,5.23,5.14,5.1,70.4,C,9,,Other / Unclassified,,neutral,1,1,partial,polygon,polygon,stock_market_proxy,False,False,recomputed
APP,1,5.35,5.77,5.71,74.5,C,6,,"Enterprise Software, Services & Automation",,neutral,0,0,none,polygon,polygon,stock_market_proxy,False,False,recomputed
APPN,1,5.35,5.77,5.71,74.5,C,6,,"Enterprise Software, Services & Automation",,neutral,0,0,none,finnhub,finnhub,stock_market_proxy,False,False,recomputed
APTV,1,5.89,8.59,8.45,91.1,A,9,Auto Parts,Other / Unclassified,-50.1,low_volume,7,7,high,polygon,polygon,stock_market_proxy,False,False,recomputed
AQMS,3,5.85,8.13,8.25,90.6,A,9,Waste Management,Other / Unclassified,-93.2,neutral,6,6,high,polygon,polygon,stock_market_proxy,False,False,recomputed
AR,1,5.73,7.75,7.64,88.0,A,1,Oil & Gas E&P,"Energy, Power & Utilities",-21.2,neutral,6,6,high,polygon,polygon,stock_market_proxy,False,False,recomputed
ARAI,3,5.0,3.95,3.93,2.4,C,9,,Other / Unclassified,,neutral,0,0,none,polygon,polygon,stock_market_proxy,False,False,recomputed
ARAY,1,5.0,3.94,3.93,2.4,C,9,,Other / Unclassified,,neutral,0,0,none,polygon,polygon,stock_market_proxy,False,False,recomputed
ARCI,3,5.64,7.09,7.18,86.3,B,9,Shell Companies,Other / Unclassified,-1.0,neutral,5,5,substantial,simulated,simulated,neutral_default,False,False,recomputed
ARCIU,3,5.54,6.6,6.67,83.4,A,9,Shell Companies,Other / Unclassified,-1.8,low_volume,6,6,high,polygon,polygon,stock_market_proxy,False,False,recomputed
ARCIW,1,5.23,5.14,5.1,70.4,C,9,,Other / Unclassified,,neutral,1,1,partial,polygon,polygon,stock_market_proxy,False,False,recomputed
ARCLU,1,5.0,3.94,3.93,2.4,C,9,,Other / Unclassified,,neutral,0,0,none,polygon,polygon,stock_market_proxy,False,False,recomputed
ARCO,3,5.28,5.32,5.35,72.3,A,9,Restaurants,Other / Unclassified,-15.4,elevated_volume,8,8,high,finnhub,finnhub,stock_market_proxy,False,False,recomputed
ARDC,1,5.92,8.75,8.6,92.1,A,9,Asset Management,Other / Unclassified,-10.3,elevated_volume,6,6,high,polygon,polygon,stock_market_proxy,False,False,recomputed
ARDX,1,5.0,3.94,3.93,2.4,C,9,,Other / Unclassified,,neutral,0,0,none,finnhub,finnhub,stock_market_proxy,False,False,recomputed
ARE,1,5.65,7.34,7.23,86.4,A,9,REIT - Office,Other / Unclassified,-38.5,neutral,7,7,high,polygon,polygon,stock_market_proxy,False,False,recomputed
AREN,1,5.0,3.94,3.93,2.4,C,9,,Other / Unclassified,,neutral,0,0,none,finnhub,finnhub,stock_market_proxy,False,False,recomputed
ARGX,1,5.0,3.94,3.93,2.4,C,9,,Other / Unclassified,,neutral,0,0,none,polygon,polygon,stock_market_proxy,False,False,recomputed
ARKO,1,5.0,3.94,3.93,2.4,C,9,,Other / Unclassified,,neutral,0,0,none,finnhub,finnhub,stock_market_proxy,False,False,recomputed
ARLO,1,5.0,3.94,3.93,2.4,C,9,,Other / Unclassified,,neutral,0,0,none,polygon,polygon,stock_market_proxy,False,False,recomputed
ARM,1,5.56,6.87,6.77,83.9,A,2,Semiconductors,Semiconductors & Chip Tools,-33.0,neutral,7,7,high,polygon,polygon,stock_market_proxy,False,False,recomputed
AROW,3,5.0,3.95,3.93,2.4,C,9,,Other / Unclassified,,neutral,0,0,none,finnhub,finnhub,stock_market_proxy,False,False,recomputed
ARQQ,3,5.0,3.95,3.93,2.4,C,9,,Other / Unclassified,,neutral,0,0,none,simulated,simulated,neutral_default,False,False,recomputed
ARQQW,3,5.0,3.95,3.93,2.4,C,9,,Other / Unclassified,,neutral,0,0,none,simulated,simulated,neutral_default,False,False,recomputed
ARR,1,5.0,3.94,3.93,2.4,C,9,,Other / Unclassified,,neutral,0,0,none,finnhub,finnhub,stock_market_proxy,False,False,recomputed
ARRY,3,5.99,8.82,8.96,93.2,B,1,Solar,"Energy, Power & Utilities",-68.1,neutral,7,7,high,simulated,simulated,neutral_default,False,False,recomputed
ARTL,3,5.0,3.95,3.93,2.4,C,9,,Other / Unclassified,,neutral,0,0,none,simulated,simulated,neutral_default,False,False,recomputed
ARTNA,1,5.42,6.13,6.06,80.5,A,1,Utilities - Regulated Water,"Energy, Power & Utilities",-8.6,neutral,7,7,high,polygon,polygon,stock_market_proxy,False,False,recomputed
ARTV,1,5.0,3.94,3.93,2.4,C,9,,Other / Unclassified,,neutral,0,0,none,polygon,polygon,stock_market_proxy,False,False,recomputed
ARW,1,5.0,3.94,3.93,2.4,C,9,,Other / Unclassified,,neutral,0,0,none,polygon,polygon,stock_market_proxy,False,False,recomputed
ASA,2,5.62,7.07,7.08,85.8,B,9,Asset Management,Other / Unclassified,-32.6,low_volume,7,7,high,simulated,simulated,neutral_default,False,False,recomputed
ASBA,3,5.0,3.95,3.93,2.4,C,9,,Other / Unclassified,,neutral,0,0,none,simulated,simulated,neutral_default,False,False,recomputed
ASBP,3,5.0,3.95,3.93,2.4,C,9,,Other / Unclassified,,neutral,0,0,none,simulated,simulated,neutral_default,False,False,recomputed
ASC,3,5.0,3.95,3.93,2.4,C,9,,Other / Unclassified,,neutral,0,0,none,finnhub,finnhub,stock_market_proxy,False,False,recomputed
ASG,1,5.0,3.94,3.93,2.4,C,9,,Other / Unclassified,,neutral,0,0,none,polygon,polygon,stock_market_proxy,False,False,recomputed
ASGI,1,5.0,3.94,3.93,2.4,C,9,,Other / Unclassified,,neutral,0,0,none,finnhub,finnhub,stock_market_proxy,False,False,recomputed
ASIC,3,5.0,3.95,3.93,2.4,C,9,,Other / Unclassified,,neutral,0,0,none,finnhub,finnhub,stock_market_proxy,False,False,recomputed
ASMB,1,5.0,3.94,3.93,2.4,C,9,,Other / Unclassified,,neutral,0,0,none,finnhub,finnhub,stock_market_proxy,False,False,recomputed
ASMIY,3,5.0,3.95,3.93,2.4,C,9,,Other / Unclassified,,neutral,0,0,none,simulated,simulated,neutral_default,False,False,recomputed
ASML,1,5.41,6.08,6.01,79.0,C,2,,Semiconductors & Chip Tools,,neutral,0,0,none,finnhub,finnhub,stock_market_proxy,False,False,recomputed
ASPC,1,5.74,7.81,7.69,88.4,A,9,Shell Companies,Other / Unclassified,-60.9,low_volume,6,6,high,polygon,polygon,stock_market_proxy,False,False,recomputed
ASPI,3,6.72,10.0,10.0,96.5,B,2,Specialty Chemicals,Semiconductors & Chip Tools,-79.6,neutral,7,7,high,simulated,simulated,neutral_default,False,False,recomputed
ASPSW,1,5.0,3.94,3.93,2.4,C,9,,Other / Unclassified,,neutral,0,0,none,polygon,polygon,stock_market_proxy,False,False,recomputed
ASR,2,5.0,3.9,3.93,2.4,C,9,,Other / Unclassified,,neutral,0,0,none,simulated,simulated,neutral_default,False,False,recomputed
ASST,1,5.0,3.94,3.93,2.4,C,9,,Other / Unclassified,,neutral,0,0,none,polygon,polygon,stock_market_proxy,False,False,recomputed
ASTC,1,5.68,7.49,7.38,87.2,A,9,Scientific & Technical Instruments,Other / Unclassified,-86.2,neutral,7,7,high,finnhub,finnhub,stock_market_proxy,False,False,recomputed
ASTE,3,5.7,7.39,7.49,87.4,A,9,Farm & Heavy Construction Machinery,Other / Unclassified,-39.4,neutral,7,7,high,finnhub,finnhub,stock_market_proxy,False,False,recomputed
ASTH,1,5.39,5.98,5.91,78.7,A,9,Medical Care Facilities,Other / Unclassified,-25.4,neutral,7,7,high,polygon,polygon,stock_market_proxy,False,False,recomputed
ASTI,3,5.0,3.95,3.93,2.4,C,9,,Other / Unclassified,,neutral,0,0,none,simulated,simulated,neutral_default,False,False,recomputed
ASTS,1,5.0,3.94,3.93,2.4,C,9,,Other / Unclassified,,neutral,0,0,none,polygon,polygon,stock_market_proxy,False,False,recomputed
ASX,3,5.0,3.95,3.93,2.4,C,9,,Other / Unclassified,,neutral,0,0,none,simulated,simulated,neutral_default,False,False,recomputed
ASYS,1,4.98,3.83,3.83,2.2,A,2,Semiconductor Equipment & Materials,Semiconductors & Chip Tools,-26.6,neutral,7,7,high,polygon,polygon,stock_market_proxy,False,False,recomputed
ATAT,2,5.42,6.05,6.06,80.5,B,9,Lodging,Other / Unclassified,-24.4,neutral,7,7,high,simulated,simulated,neutral_default,False,False,recomputed
ATEC,1,5.0,3.94,3.93,2.4,C,9,,Other / Unclassified,,neutral,0,0,none,polygon,polygon,stock_market_proxy,False,False,recomputed
ATEX,1,5.0,3.94,3.93,2.4,C,9,,Other / Unclassified,,neutral,0,0,none,finnhub,finnhub,stock_market_proxy,False,False,recomputed
ATEYY,3,5.0,3.95,3.93,2.4,C,9,,Other / Unclassified,,neutral,0,0,none,simulated,simulated,neutral_default,False,False,recomputed
ATHE,1,5.0,3.94,3.93,2.4,C,9,,Other / Unclassified,,neutral,0,0,none,polygon,polygon,stock_market_proxy,False,False,recomputed
ATHS,3,5.0,3.95,3.93,2.4,C,9,,Other / Unclassified,,neutral,0,0,none,finnhub,finnhub,stock_market_proxy,False,False,recomputed
ATI,3,5.0,3.95,3.93,2.4,C,9,,Other / Unclassified,,neutral,0,0,none,simulated,simulated,neutral_default,False,False,recomputed
ATKR,3,5.0,3.95,3.93,2.4,C,9,,Other / Unclassified,,neutral,0,0,none,simulated,simulated,neutral_default,False,False,recomputed
ATLCL,3,5.0,3.95,3.93,2.4,C,9,,Other / Unclassified,,neutral,0,0,none,simulated,simulated,neutral_default,False,False,recomputed
ATLCZ,1,5.0,3.94,3.93,2.4,C,9,,Other / Unclassified,,neutral,0,0,none,polygon,polygon,stock_market_proxy,False,False,recomputed
ATLN,3,5.0,3.95,3.93,2.4,C,9,,Other / Unclassified,,neutral,0,0,none,simulated,simulated,neutral_default,False,False,recomputed
ATO,1,5.81,8.17,8.05,89.8,A,1,Utilities - Regulated Gas,"Energy, Power & Utilities",-16.2,neutral,6,6,high,polygon,polygon,stock_market_proxy,False,False,recomputed
ATOM,1,5.0,3.94,3.93,2.4,C,9,,Other / Unclassified,,neutral,0,0,none,polygon,polygon,stock_market_proxy,False,False,recomputed
ATR,1,5.0,3.94,3.93,2.4,C,9,,Other / Unclassified,,neutral,0,0,none,finnhub,finnhub,stock_market_proxy,False,False,recomputed
ATRC,3,5.0,3.95,3.93,2.4,C,9,,Other / Unclassified,,neutral,0,0,none,polygon,polygon,stock_market_proxy,False,False,recomputed
ATRO,3,5.0,3.95,3.93,2.4,C,9,,Other / Unclassified,,neutral,0,0,none,finnhub,finnhub,stock_market_proxy,False,False,recomputed
ATS,1,5.0,3.94,3.93,2.4,C,9,,Other / Unclassified,,neutral,0,0,none,finnhub,finnhub,stock_market_proxy,False,False,recomputed
ATYR,1,5.0,3.94,3.93,2.4,C,9,,Other / Unclassified,,neutral,0,0,none,finnhub,finnhub,stock_market_proxy,False,False,recomputed
AUB,3,5.0,3.95,3.93,2.4,C,9,,Other / Unclassified,,neutral,0,0,none,polygon,polygon,stock_market_proxy,False,False,recomputed
AUDC,3,5.56,6.7,6.77,83.9,A,3,Communication Equipment,"Compute, Data Center & Network Infrastructure",-1.4,elevated_volume,7,7,high,polygon,polygon,stock_market_proxy,False,False,recomputed
AUGO,3,5.0,3.95,3.93,2.4,C,9,,Other / Unclassified,,neutral,0,0,none,finnhub,finnhub,stock_market_proxy,False,False,recomputed
AUPH,3,5.0,3.95,3.93,2.4,C,9,,Other / Unclassified,,neutral,0,0,none,simulated,simulated,neutral_default,False,False,recomputed
AUR,1,5.0,3.94,3.93,2.4,C,9,,Other / Unclassified,,neutral,0,0,none,polygon,polygon,stock_market_proxy,False,False,recomputed
AVA,1,5.0,3.94,3.93,2.4,C,9,,Other / Unclassified,,neutral,0,0,none,polygon,polygon,stock_market_proxy,False,False,recomputed
AVAH,3,5.0,3.95,3.93,2.4,C,9,,Other / Unclassified,,neutral,0,0,none,finnhub,finnhub,stock_market_proxy,False,False,recomputed
AVGO,1,5.56,6.87,6.77,83.9,A,2,Semiconductors,Semiconductors & Chip Tools,-21.5,neutral,7,7,high,polygon,polygon,stock_market_proxy,False,False,recomputed
AVIR,1,5.28,5.4,5.35,72.3,A,9,Biotechnology,Other / Unclassified,-18.5,neutral,5,5,substantial,polygon,polygon,stock_market_proxy,False,False,recomputed
AVNT,1,5.0,3.94,3.93,2.4,C,9,,Other / Unclassified,,neutral,0,0,none,polygon,polygon,stock_market_proxy,False,False,recomputed
AVNW,3,5.36,5.72,5.76,77.6,B,6,Communication Equipment,"Enterprise Software, Services & Automation",-22.1,low_volume,7,7,high,simulated,simulated,neutral_default,False,False,recomputed
AVR,1,5.0,3.94,3.93,2.4,C,9,,Other / Unclassified,,neutral,0,0,none,polygon,polygon,stock_market_proxy,False,False,recomputed
AVT,1,5.0,3.94,3.93,2.4,C,9,,Other / Unclassified,,neutral,0,0,none,finnhub,finnhub,stock_market_proxy,False,False,recomputed
AVTR,1,5.0,3.94,3.93,2.4,C,9,,Other / Unclassified,,neutral,0,0,none,polygon,polygon,stock_market_proxy,False,False,recomputed
AVTX,1,5.0,3.94,3.93,2.4,C,9,,Other / Unclassified,,neutral,0,0,none,polygon,polygon,stock_market_proxy,False,False,recomputed
AVX,1,5.35,5.77,5.71,74.5,C,3,,"Compute, Data Center & Network Infrastructure",,neutral,0,0,none,polygon,polygon,stock_market_proxy,False,False,recomputed
AVY,1,5.0,3.94,3.93,2.4,C,9,,Other / Unclassified,,neutral,0,0,none,finnhub,finnhub,stock_market_proxy,False,False,recomputed
AWF,3,5.0,3.95,3.93,2.4,C,9,,Other / Unclassified,,neutral,0,0,none,finnhub,finnhub,stock_market_proxy,False,False,recomputed
AWI,1,5.0,3.94,3.93,2.4,C,9,,Other / Unclassified,,neutral,0,0,none,finnhub,finnhub,stock_market_proxy,False,False,recomputed
AWK,1,5.35,5.77,5.71,74.5,C,1,,"Energy, Power & Utilities",,neutral,0,0,none,finnhub,finnhub,stock_market_proxy,False,False,recomputed
AWP,1,5.0,3.94,3.93,2.4,C,9,,Other / Unclassified,,neutral,0,0,none,finnhub,finnhub,stock_market_proxy,False,False,recomputed
AWRE,1,5.0,3.94,3.93,2.4,C,9,,Other / Unclassified,,neutral,0,0,none,polygon,polygon,stock_market_proxy,False,False,recomputed
AX,1,5.96,8.96,8.81,92.7,A,8,Banks - Regional,"Fintech, Payments & Digital Assets",-16.6,neutral,6,6,high,polygon,polygon,stock_market_proxy,False,False,recomputed
AXINU,1,5.0,3.94,3.93,2.4,C,9,,Other / Unclassified,,neutral,0,0,none,polygon,polygon,stock_market_proxy,False,False,recomputed
AXON,1,6.63,10.0,10.0,96.5,A,6,Aerospace & Defense,"Enterprise Software, Services & Automation",-46.5,neutral,7,7,high,polygon,polygon,stock_market_proxy,False,False,recomputed
AXP,1,5.0,3.94,3.93,2.4,C,9,,Other / Unclassified,,neutral,0,0,none,polygon,polygon,stock_market_proxy,False,False,recomputed
AXS,1,5.0,3.94,3.93,2.4,C,9,,Other / Unclassified,,neutral,0,0,none,polygon,polygon,stock_market_proxy,False,False,recomputed
AXSM,1,5.0,3.94,3.93,2.4,C,9,,Other / Unclassified,,neutral,0,0,none,polygon,polygon,stock_market_proxy,False,False,recomputed
AXT,3,5.23,5.08,5.1,70.4,C,9,,Other / Unclassified,,neutral,0,0,none,simulated,simulated,neutral_default,False,False,recomputed
AXTA,3,5.0,3.95,3.93,2.4,C,9,,Other / Unclassified,,neutral,0,0,none,simulated,simulated,neutral_default,False,False,recomputed
AXTI,3,6.14,9.55,9.72,95.2,B,2,Semiconductor Equipment & Materials,Semiconductors & Chip Tools,-43.3,neutral,7,7,high,simulated,simulated,neutral_default,False,False,recomputed
AYI,3,5.0,3.95,3.93,2.4,C,9,,Other / Unclassified,,neutral,0,0,none,simulated,simulated,neutral_default,False,False,recomputed
AZ,3,6.17,9.7,9.87,95.7,B,6,Software - Application,"Enterprise Software, Services & Automation",-31.3,elevated_volume,8,8,high,simulated,simulated,neutral_default,False,False,recomputed
AZI,2,5.0,3.9,3.93,2.4,C,9,,Other / Unclassified,,neutral,0,0,none,simulated,simulated,neutral_default,False,False,recomputed
AZO,1,5.0,3.94,3.93,2.4,C,9,,Other / Unclassified,,neutral,0,0,none,polygon,polygon,stock_market_proxy,False,False,recomputed
AZTA,3,5.0,3.95,3.93,2.4,C,9,,Other / Unclassified,,neutral,0,0,none,simulated,simulated,neutral_default,False,False,recomputed
AZZ,1,5.0,3.94,3.93,2.4,A,9,Specialty Business Services,Other / Unclassified,-13.4,neutral,7,7,high,polygon,polygon,stock_market_proxy,False,False,recomputed
BA,1,5.0,3.94,3.93,2.4,C,9,,Other / Unclassified,,neutral,0,0,none,polygon,polygon,stock_market_proxy,False,False,recomputed
BABA,1,5.0,3.94,3.93,2.4,C,9,,Other / Unclassified,,neutral,0,0,none,finnhub,finnhub,stock_market_proxy,False,False,recomputed
BAC,1,5.0,3.94,3.93,2.4,C,9,,Other / Unclassified,,neutral,0,0,none,finnhub,finnhub,stock_market_proxy,False,False,recomputed
BAER,3,5.0,3.95,3.93,2.4,C,9,,Other / Unclassified,,neutral,0,0,none,polygon,polygon,stock_market_proxy,False,False,recomputed
BAERW,1,5.0,3.94,3.93,2.4,C,9,,Other / Unclassified,,neutral,0,0,none,finnhub,finnhub,stock_market_proxy,False,False,recomputed
BAH,3,5.0,3.95,3.93,2.4,C,9,,Other / Unclassified,,neutral,0,0,none,simulated,simulated,neutral_default,False,False,recomputed
BAK,3,5.0,3.95,3.93,2.4,C,9,,Other / Unclassified,,neutral,0,0,none,finnhub,finnhub,stock_market_proxy,False,False,recomputed
BALL,1,5.0,3.94,3.93,2.4,C,9,,Other / Unclassified,,neutral,0,0,none,finnhub,finnhub,stock_market_proxy,False,False,recomputed
BAM,1,5.0,3.94,3.93,2.4,C,9,,Other / Unclassified,,neutral,0,0,none,polygon,polygon,stock_market_proxy,False,False,recomputed
BANC,1,5.0,3.94,3.93,2.4,C,9,,Other / Unclassified,,neutral,0,0,none,polygon,polygon,stock_market_proxy,False,False,recomputed
BAND,3,5.0,3.95,3.93,2.4,C,9,,Other / Unclassified,,neutral,0,0,none,simulated,simulated,neutral_default,False,False,recomputed
BANR,3,5.6,6.9,6.98,85.2,A,9,Banks - Regional,Other / Unclassified,-10.6,neutral,6,6,high,polygon,polygon,stock_market_proxy,False,False,recomputed
BANX,1,5.0,3.94,3.93,2.4,C,9,,Other / Unclassified,,neutral,0,0,none,polygon,polygon,stock_market_proxy,False,False,recomputed
BAP,1,5.0,3.94,3.93,2.4,C,9,,Other / Unclassified,,neutral,0,0,none,polygon,polygon,stock_market_proxy,False,False,recomputed
BATL,1,5.0,3.94,3.93,2.4,C,9,,Other / Unclassified,,neutral,0,0,none,polygon,polygon,stock_market_proxy,False,False,recomputed
BATRA,1,5.0,3.94,3.93,2.4,C,9,,Other / Unclassified,,neutral,0,0,none,polygon,polygon,stock_market_proxy,False,False,recomputed
BAX,1,5.0,3.94,3.93,2.4,C,9,,Other / Unclassified,,neutral,0,0,none,polygon,polygon,stock_market_proxy,False,False,recomputed
BAYAR,3,5.0,3.95,3.93,2.4,C,9,,Other / Unclassified,,neutral,1,1,partial,simulated,simulated,neutral_default,False,False,recomputed
BB,3,5.66,7.19,7.28,86.6,A,4,Software - Infrastructure,"Cloud, Data & Developer Infrastructure",-31.5,neutral,7,7,high,polygon,polygon,stock_market_proxy,False,False,recomputed
BBAI,1,5.41,6.08,6.01,79.0,C,5,,"AI Platforms, Models & Quantum",,neutral,0,0,none,polygon,polygon,stock_market_proxy,False,False,recomputed
BBAR,1,5.56,6.87,6.77,83.9,A,6,Banks - Regional,"Enterprise Software, Services & Automation",-40.3,neutral,6,6,high,polygon,polygon,stock_market_proxy,False,False,recomputed
BBCP,3,5.0,3.95,3.93,2.4,C,9,,Other / Unclassified,,neutral,0,0,none,polygon,polygon,stock_market_proxy,False,False,recomputed
BBLGW,1,5.87,8.49,8.35,90.9,A,9,,Other / Unclassified,-81.8,elevated_volume,6,6,high,polygon,polygon,stock_market_proxy,False,False,recomputed
BBNX,3,6.45,10.0,10.0,96.5,B,9,Medical Devices,Other / Unclassified,-43.5,neutral,7,7,high,simulated,simulated,neutral_default,False,False,recomputed
BBT,3,6.05,9.11,9.26,94.0,A,9,Banks - Regional,Other / Unclassified,-16.3,neutral,6,6,high,polygon,polygon,stock_market_proxy,False,False,recomputed
BBW,3,5.0,3.95,3.93,2.4,C,9,,Other / Unclassified,,neutral,0,0,none,polygon,polygon,stock_market_proxy,False,False,recomputed
BBY,1,5.0,3.94,3.93,2.4,C,9,,Other / Unclassified,,neutral,0,0,none,finnhub,finnhub,stock_market_proxy,False,False,recomputed
BCAB,1,5.51,6.6,6.52,82.2,A,9,Biotechnology,Other / Unclassified,-97.4,low_volume,5,5,substantial,polygon,polygon,stock_market_proxy,False,False,recomputed
BCAL,1,5.0,3.94,3.93,2.4,C,9,,Other / Unclassified,,neutral,0,0,none,finnhub,finnhub,stock_market_proxy,False,False,recomputed
BCDA,1,5.0,3.94,3.93,2.4,C,9,,Other / Unclassified,,neutral,0,0,none,finnhub,finnhub,stock_market_proxy,False,False,recomputed
BCGWW,1,5.0,3.94,3.93,2.4,C,9,,Other / Unclassified,,neutral,3,3,partial,polygon,polygon,stock_market_proxy,False,False,recomputed
BCH,1,5.0,3.94,3.93,2.4,C,9,,Other / Unclassified,,neutral,0,0,none,polygon,polygon,stock_market_proxy,False,False,recomputed
BCHT,1,6.12,9.79,9.62,94.9,A,9,Pollution & Treatment Controls,Other / Unclassified,-69.5,elevated_volume,8,8,high,polygon,polygon,stock_market_proxy,False,False,recomputed
BCIC,3,5.0,3.95,3.93,2.4,C,9,,Other / Unclassified,,neutral,0,0,none,finnhub,finnhub,stock_market_proxy,False,False,recomputed
BCML,1,5.0,3.94,3.93,2.4,C,9,,Other / Unclassified,,neutral,0,0,none,polygon,polygon,stock_market_proxy,False,False,recomputed
BCSF,1,5.0,3.94,3.93,2.4,C,9,,Other / Unclassified,,neutral,0,0,none,polygon,polygon,stock_market_proxy,False,False,recomputed
BCTXL,3,5.0,3.95,3.93,2.4,C,9,,Other / Unclassified,,neutral,0,0,none,simulated,simulated,neutral_default,False,False,recomputed
BCV,1,5.0,3.94,3.93,2.4,C,9,,Other / Unclassified,,neutral,0,0,none,finnhub,finnhub,stock_market_proxy,False,False,recomputed
BCX,1,5.64,7.28,7.18,86.3,A,9,Asset Management,Other / Unclassified,-11.3,neutral,5,5,substantial,finnhub,finnhub,stock_market_proxy,False,False,recomputed
BDC,2,5.0,3.9,3.93,2.4,C,9,,Other / Unclassified,,neutral,0,0,none,simulated,simulated,neutral_default,False,False,recomputed
BDCI,3,6.36,10.0,10.0,96.5,B,9,Shell Companies,Other / Unclassified,-0.7,dark_pool_buying,6,6,high,simulated,simulated,neutral_default,False,False,recomputed
BDL,3,5.0,3.95,3.93,2.4,C,9,,Other / Unclassified,,neutral,0,0,none,polygon,polygon,stock_market_proxy,False,False,recomputed
BDSX,3,5.0,3.95,3.93,2.4,C,9,,Other / Unclassified,,neutral,0,0,none,finnhub,finnhub,stock_market_proxy,False,False,recomputed
BDX,1,5.0,3.94,3.93,2.4,C,9,,Other / Unclassified,,neutral,0,0,none,polygon,polygon,stock_market_proxy,False,False,recomputed
BE,1,5.35,5.77,5.71,74.5,C,1,,"Energy, Power & Utilities",,neutral,0,0,none,polygon,polygon,stock_market_proxy,False,False,recomputed
BEAM,1,5.0,3.94,3.93,2.4,C,9,,Other / Unclassified,,neutral,0,0,none,polygon,polygon,stock_market_proxy,False,False,recomputed
BEBE,3,5.0,3.95,3.93,2.4,C,9,,Other / Unclassified,,neutral,0,0,none,simulated,simulated,neutral_default,False,False,recomputed
BEEM,1,5.0,3.94,3.93,2.4,C,9,,Other / Unclassified,,neutral,0,0,none,polygon,polygon,stock_market_proxy,False,False,recomputed
BEEP,3,5.23,5.08,5.1,70.4,B,9,Infrastructure Operations,Other / Unclassified,-24.9,elevated_volume,7,7,high,simulated,simulated,neutral_default,False,False,recomputed
BELFA,3,5.0,3.95,3.93,2.4,C,9,,Other / Unclassified,,neutral,0,0,none,finnhub,finnhub,stock_market_proxy,False,False,recomputed
BEN,1,5.0,3.94,3.93,2.4,C,9,,Other / Unclassified,,neutral,0,0,none,finnhub,finnhub,stock_market_proxy,False,False,recomputed
BEP,1,5.0,3.94,3.93,2.4,C,9,,Other / Unclassified,,neutral,0,0,none,finnhub,finnhub,stock_market_proxy,False,False,recomputed
BEPI,1,5.0,3.94,3.93,2.4,C,9,,Other / Unclassified,,neutral,0,0,none,finnhub,finnhub,stock_market_proxy,False,False,recomputed
BEPJ,2,5.0,3.9,3.93,2.4,C,9,,Other / Unclassified,,neutral,0,0,none,simulated,simulated,neutral_default,False,False,recomputed
BESIY,3,5.0,3.95,3.93,2.4,C,9,,Other / Unclassified,,neutral,0,0,none,simulated,simulated,neutral_default,False,False,recomputed
BETR,1,5.0,3.94,3.93,2.4,C,9,,Other / Unclassified,,neutral,0,0,none,polygon,polygon,stock_market_proxy,False,False,recomputed
BFRG,3,5.89,8.32,8.45,91.1,B,9,Health Information Services,Other / Unclassified,-57.8,neutral,7,7,high,simulated,simulated,neutral_default,False,False,recomputed
BFRGW,1,5.23,5.14,5.1,70.4,C,9,,Other / Unclassified,,neutral,2,2,partial,polygon,polygon,stock_market_proxy,False,False,recomputed
BFRI,1,5.0,3.94,3.93,2.4,C,9,,Other / Unclassified,,neutral,0,0,none,polygon,polygon,stock_market_proxy,False,False,recomputed
BFRIW,3,5.0,3.95,3.93,2.4,C,9,,Other / Unclassified,,neutral,0,0,none,finnhub,finnhub,stock_market_proxy,False,False,recomputed
BFST,1,5.0,3.94,3.93,2.4,C,9,,Other / Unclassified,,neutral,0,0,none,polygon,polygon,stock_market_proxy,False,False,recomputed
BGB,3,5.31,5.47,5.5,72.9,B,9,Asset Management,Other / Unclassified,-2.4,neutral,5,5,substantial,simulated,simulated,neutral_default,False,False,recomputed
BGC,3,5.0,3.95,3.93,2.4,C,9,,Other / Unclassified,,neutral,0,0,none,polygon,polygon,stock_market_proxy,False,False,recomputed
BGL,3,5.0,3.95,3.93,2.4,C,9,,Other / Unclassified,,neutral,0,0,none,polygon,polygon,stock_market_proxy,False,False,recomputed
BGLC,1,5.0,3.94,3.93,2.4,C,9,,Other / Unclassified,,neutral,0,0,none,polygon,polygon,stock_market_proxy,False,False,recomputed
BGM,3,5.0,3.95,3.93,2.4,C,9,,Other / Unclassified,,neutral,0,0,none,polygon,polygon,stock_market_proxy,False,False,recomputed
BGS,3,5.0,3.95,3.93,2.4,C,9,,Other / Unclassified,,neutral,0,0,none,polygon,polygon,stock_market_proxy,False,False,recomputed
BGSI,3,6.18,9.75,9.93,96.0,A,9,Auto & Truck Dealerships,Other / Unclassified,-57.7,neutral,7,7,high,polygon,polygon,stock_market_proxy,False,False,recomputed
BGT,2,4.93,3.54,3.57,1.5,B,9,Asset Management,Other / Unclassified,-5.9,neutral,6,6,high,simulated,simulated,neutral_default,False,False,recomputed
BH,3,5.0,3.95,3.93,2.4,C,9,,Other / Unclassified,,neutral,0,0,none,simulated,simulated,neutral_default,False,False,recomputed
BHAV,3,5.37,5.77,5.81,78.0,A,9,Shell Companies,Other / Unclassified,-0.1,elevated_volume,6,6,high,polygon,polygon,stock_market_proxy,False,False,recomputed
BHE,3,5.0,3.95,3.93,2.4,C,9,,Other / Unclassified,,neutral,0,0,none,simulated,simulated,neutral_default,False,False,recomputed
BHF,1,5.25,5.24,5.2,71.8,A,9,Insurance - Life,Other / Unclassified,-25.4,low_volume,7,7,high,polygon,polygon,stock_market_proxy,False,False,recomputed
BHFAL,1,5.0,3.94,3.93,2.4,C,9,,Other / Unclassified,,neutral,0,0,none,polygon,polygon,stock_market_proxy,False,False,recomputed
BHFAM,1,5.0,3.94,3.93,2.4,C,9,,Other / Unclassified,,neutral,0,0,none,polygon,polygon,stock_market_proxy,False,False,recomputed
BHFAP,3,5.08,4.34,4.34,67.6,A,9,Insurance - Life,Other / Unclassified,-15.7,neutral,6,6,high,polygon,polygon,stock_market_proxy,False,False,recomputed
BHK,1,5.61,7.13,7.03,85.2,A,9,Asset Management,Other / Unclassified,-11.5,elevated_volume,7,7,high,polygon,polygon,stock_market_proxy,False,False,recomputed
BHM,3,5.0,3.95,3.93,2.4,C,9,,Other / Unclassified,,neutral,0,0,none,polygon,polygon,stock_market_proxy,False,False,recomputed
BHP,1,5.0,3.94,3.93,2.4,C,9,,Other / Unclassified,,neutral,0,0,none,polygon,polygon,stock_market_proxy,False,False,recomputed
BHRB,1,5.0,3.94,3.93,2.4,C,9,,Other / Unclassified,,neutral,0,0,none,finnhub,finnhub,stock_market_proxy,False,False,recomputed
BHST,1,5.91,8.7,8.55,91.7,A,9,Packaged Foods,Other / Unclassified,-88.2,low_volume,7,7,high,polygon,polygon,stock_market_proxy,False,False,recomputed
BHVN,1,5.0,3.94,3.93,2.4,C,9,,Other / Unclassified,,neutral,0,0,none,finnhub,finnhub,stock_market_proxy,False,False,recomputed
BIAF,2,5.0,3.9,3.93,2.4,C,9,,Other / Unclassified,,neutral,0,0,none,simulated,simulated,neutral_default,False,False,recomputed
BIDU,1,5.84,8.33,8.2,90.3,A,5,Internet Content & Information,"AI Platforms, Models & Quantum",-47.5,neutral,6,6,high,polygon,polygon,stock_market_proxy,False,False,recomputed
BIIB,1,5.0,3.94,3.93,2.4,C,9,,Other / Unclassified,,neutral,0,0,none,finnhub,finnhub,stock_market_proxy,False,False,recomputed
BILI,1,5.0,3.94,3.93,2.4,C,9,,Other / Unclassified,,neutral,0,0,none,polygon,polygon,stock_market_proxy,False,False,recomputed
BILL,3,5.35,5.67,5.71,74.5,C,8,,"Fintech, Payments & Digital Assets",,neutral,0,0,none,finnhub,finnhub,stock_market_proxy,False,False,recomputed
BIO,1,5.0,3.94,3.93,2.4,A,9,Medical Devices,Other / Unclassified,-5.7,neutral,6,6,high,polygon,polygon,stock_market_proxy,False,False,recomputed
BIP,1,5.63,7.23,7.13,86.1,A,1,Utilities - Diversified,"Energy, Power & Utilities",-11.1,neutral,7,7,high,finnhub,finnhub,stock_market_proxy,False,False,recomputed
BIPH,3,5.31,5.47,5.5,72.9,B,9,,Other / Unclassified,-5.4,neutral,4,4,substantial,finnhub,finnhub,stock_market_proxy,False,False,recomputed
BIPI,1,5.31,5.56,5.5,72.9,B,9,,Other / Unclassified,-5.8,neutral,4,4,substantial,finnhub,finnhub,stock_market_proxy,False,False,recomputed
BIRD,3,5.0,3.95,3.93,2.4,C,9,,Other / Unclassified,,neutral,0,0,none,simulated,simulated,neutral_default,False,False,recomputed
BIRK,1,5.0,3.94,3.93,2.4,C,9,,Other / Unclassified,,neutral,0,0,none,polygon,polygon,stock_market_proxy,False,False,recomputed
BIT,1,5.31,5.56,5.5,72.9,A,9,Asset Management,Other / Unclassified,-9.6,neutral,5,5,substantial,polygon,polygon,stock_market_proxy,False,False,recomputed
BIVI,1,5.0,3.94,3.93,2.4,C,9,,Other / Unclassified,,neutral,0,0,none,polygon,polygon,stock_market_proxy,False,False,recomputed
BIVIW,1,5.0,3.94,3.93,2.4,C,9,,Other / Unclassified,,neutral,1,1,partial,polygon,polygon,stock_market_proxy,False,False,recomputed
BIXIU,1,6.36,10.0,10.0,96.5,A,9,Shell Companies,Other / Unclassified,-1.9,dark_pool_buying,6,6,high,polygon,polygon,stock_market_proxy,False,False,recomputed
BIXIW,3,5.0,3.95,3.93,2.4,C,9,,Other / Unclassified,,neutral,0,0,none,finnhub,finnhub,stock_market_proxy,False,False,recomputed
BJ,3,5.51,6.45,6.52,82.2,A,9,Discount Stores,Other / Unclassified,-6.7,elevated_volume,8,8,high,finnhub,finnhub,stock_market_proxy,False,False,recomputed
BJRI,1,5.0,3.94,3.93,2.4,C,9,,Other / Unclassified,,neutral,0,0,none,finnhub,finnhub,stock_market_proxy,False,False,recomputed
BK,1,5.0,3.94,3.93,2.4,C,9,,Other / Unclassified,,neutral,0,0,none,polygon,polygon,stock_market_proxy,False,False,recomputed
BKH,3,5.0,3.95,3.93,2.4,C,9,,Other / Unclassified,,neutral,0,0,none,polygon,polygon,stock_market_proxy,False,False,recomputed
BKNG,1,5.0,3.94,3.93,2.4,C,9,,Other / Unclassified,,neutral,0,0,none,finnhub,finnhub,stock_market_proxy,False,False,recomputed
BKR,1,5.56,6.87,6.77,83.9,A,1,Oil & Gas Equipment & Services,"Energy, Power & Utilities",-19.9,neutral,6,6,high,polygon,polygon,stock_market_proxy,False,False,recomputed
BKSY,1,5.0,3.94,3.93,2.4,C,9,,Other / Unclassified,,neutral,0,0,none,polygon,polygon,stock_market_proxy,False,False,recomputed
BKTI,3,5.91,8.42,8.55,91.7,B,3,Communication Equipment,"Compute, Data Center & Network Infrastructure",-22.4,neutral,7,7,high,simulated,simulated,neutral_default,False,False,recomputed
BLBD,3,5.95,8.62,8.76,92.6,A,9,Farm & Heavy Construction Machinery,Other / Unclassified,-31.5,neutral,7,7,high,finnhub,finnhub,stock_market_proxy,False,False,recomputed
BLFS,3,5.0,3.95,3.93,2.4,C,9,,Other / Unclassified,,neutral,0,0,none,polygon,polygon,stock_market_proxy,False,False,recomputed
BLIN,1,5.0,3.94,3.93,2.4,C,9,,Other / Unclassified,,neutral,0,0,none,polygon,polygon,stock_market_proxy,False,False,recomputed
BLIV,3,5.0,3.95,3.93,2.4,C,9,,Other / Unclassified,,neutral,0,0,none,finnhub,finnhub,stock_market_proxy,False,False,recomputed
BLK,1,5.0,3.94,3.93,2.4,A,9,Asset Management,Other / Unclassified,-9.2,neutral,7,7,high,polygon,polygon,stock_market_proxy,False,False,recomputed
BLKB,1,5.0,3.94,3.93,2.4,C,9,,Other / Unclassified,,neutral,0,0,none,polygon,polygon,stock_market_proxy,False,False,recomputed
BLLN,1,5.0,3.94,3.93,2.4,C,9,,Other / Unclassified,,neutral,0,0,none,polygon,polygon,stock_market_proxy,False,False,recomputed
BLRKU,1,5.0,3.94,3.93,2.4,C,9,,Other / Unclassified,,neutral,0,0,none,finnhub,finnhub,stock_market_proxy,False,False,recomputed
BLRKW,3,5.0,3.95,3.93,2.4,C,9,,Other / Unclassified,,neutral,0,0,none,simulated,simulated,neutral_default,False,False,recomputed
BLTE,1,5.0,3.94,3.93,2.4,C,9,,Other / Unclassified,,neutral,0,0,none,finnhub,finnhub,stock_market_proxy,False,False,recomputed
BLUWW,3,5.0,3.95,3.93,2.4,C,9,,Other / Unclassified,,neutral,0,0,none,simulated,simulated,neutral_default,False,False,recomputed
BLZE,1,5.0,3.94,3.93,2.4,C,9,,Other / Unclassified,,neutral,0,0,none,polygon,polygon,stock_market_proxy,False,False,recomputed
BLZR,1,5.0,3.94,3.93,2.4,C,9,,Other / Unclassified,,neutral,0,0,none,polygon,polygon,stock_market_proxy,False,False,recomputed
BLZRU,1,5.35,5.77,5.71,74.5,A,9,Shell Companies,Other / Unclassified,-0.4,elevated_volume,5,5,substantial,polygon,polygon,stock_market_proxy,False,False,recomputed
BMBL,1,5.0,3.94,3.93,2.4,C,9,,Other / Unclassified,,neutral,0,0,none,polygon,polygon,stock_market_proxy,False,False,recomputed
BME,3,5.08,4.34,4.34,67.6,B,9,Asset Management,Other / Unclassified,-6.4,neutral,5,5,substantial,simulated,simulated,neutral_default,False,False,recomputed
BMEZ,1,5.0,3.94,3.93,2.4,C,9,,Other / Unclassified,,neutral,0,0,none,finnhub,finnhub,stock_market_proxy,False,False,recomputed
BMGL,3,5.0,3.95,3.93,2.4,C,9,,Other / Unclassified,,neutral,0,0,none,finnhub,finnhub,stock_market_proxy,False,False,recomputed
BMHL,3,6.27,10.0,10.0,96.5,B,8,Capital Markets,"Fintech, Payments & Digital Assets",-33.0,dark_pool_buying,8,8,high,simulated,simulated,neutral_default,False,False,recomputed
BMI,1,5.0,3.94,3.93,2.4,C,9,,Other / Unclassified,,neutral,0,0,none,polygon,polygon,stock_market_proxy,False,False,recomputed
BML,1,5.0,3.94,3.93,2.4,C,9,,Other / Unclassified,,neutral,0,0,none,simulated,simulated,neutral_default,False,False,recomputed
BMNR,3,5.0,3.95,3.93,2.4,C,9,,Other / Unclassified,,neutral,0,0,none,finnhub,finnhub,stock_market_proxy,False,False,recomputed
BMO,1,5.0,3.94,3.93,2.4,C,9,,Other / Unclassified,,neutral,0,0,none,polygon,polygon,stock_market_proxy,False,False,recomputed
BMRA,3,5.3,5.42,5.45,72.6,B,9,Medical Devices,Other / Unclassified,-40.3,low_volume,8,8,high,simulated,simulated,neutral_default,False,False,recomputed
BMRC,3,5.0,3.95,3.93,2.4,C,9,,Other / Unclassified,,neutral,0,0,none,finnhub,finnhub,stock_market_proxy,False,False,recomputed
BMRN,1,5.86,8.43,8.3,90.8,A,9,Biotechnology,Other / Unclassified,-21.4,neutral,7,7,high,finnhub,finnhub,stock_market_proxy,False,False,recomputed
BMY,1,5.0,3.94,3.93,2.4,C,9,,Other / Unclassified,,neutral,0,0,none,polygon,polygon,stock_market_proxy,False,False,recomputed
BNBX,1,5.0,3.94,3.93,2.4,C,9,,Other / Unclassified,,neutral,0,0,none,polygon,polygon,stock_market_proxy,False,False,recomputed
BNC,2,5.65,7.22,7.23,86.4,B,9,Farm & Heavy Construction Machinery,Other / Unclassified,-51.2,low_volume,7,7,high,simulated,simulated,neutral_default,False,False,recomputed
BNCWW,3,5.23,5.08,5.1,70.4,C,9,,Other / Unclassified,,neutral,2,2,partial,simulated,simulated,neutral_default,False,False,recomputed
BNCWZ,1,5.0,3.94,3.93,2.4,C,9,,Other / Unclassified,,neutral,0,0,none,polygon,polygon,stock_market_proxy,False,False,recomputed
BNGO,1,5.49,6.5,6.42,81.9,A,9,Medical Instruments & Supplies,Other / Unclassified,-31.5,low_volume,8,8,high,polygon,polygon,stock_market_proxy,False,False,recomputed
BNH,1,5.31,5.56,5.5,72.9,B,9,,Other / Unclassified,-6.8,neutral,4,4,substantial,polygon,polygon,stock_market_proxy,False,False,recomputed
BNKK,1,5.0,3.94,3.93,2.4,C,9,,Other / Unclassified,,neutral,0,0,none,polygon,polygon,stock_market_proxy,False,False,recomputed
BNT,2,5.0,3.9,3.93,2.4,C,9,,Other / Unclassified,,neutral,0,0,none,simulated,simulated,neutral_default,False,False,recomputed
BNTC,1,5.0,3.94,3.93,2.4,C,9,,Other / Unclassified,,neutral,0,0,none,polygon,polygon,stock_market_proxy,False,False,recomputed
BNTX,3,5.0,3.95,3.93,2.4,C,9,,Other / Unclassified,,neutral,0,0,none,simulated,simulated,neutral_default,False,False,recomputed
BNZI,3,5.0,3.95,3.93,2.4,C,9,,Other / Unclassified,,neutral,0,0,none,finnhub,finnhub,stock_market_proxy,False,False,recomputed
BNZIW,3,5.0,3.95,3.93,2.4,C,9,,Other / Unclassified,,neutral,0,0,none,finnhub,finnhub,stock_market_proxy,False,False,recomputed
BODI,3,5.0,3.95,3.93,2.4,C,9,,Other / Unclassified,,neutral,0,0,none,finnhub,finnhub,stock_market_proxy,False,False,recomputed
BOF,1,5.17,4.83,4.79,69.5,A,9,Packaged Foods,Other / Unclassified,-27.9,neutral,6,6,high,polygon,polygon,stock_market_proxy,False,False,recomputed
BORR,1,5.45,6.29,6.22,81.3,A,1,Oil & Gas Drilling,"Energy, Power & Utilities",-34.9,neutral,7,7,high,polygon,polygon,stock_market_proxy,False,False,recomputed
BOTJ,3,5.0,3.95,3.93,2.4,C,9,,Other / Unclassified,,neutral,0,0,none,simulated,simulated,neutral_default,False,False,recomputed
BOX,3,5.7,7.39,7.49,87.4,A,4,Software - Infrastructure,"Cloud, Data & Developer Infrastructure",-0.7,neutral,7,7,high,polygon,polygon,stock_market_proxy,False,False,recomputed
BOXL,3,5.0,3.95,3.93,2.4,C,9,,Other / Unclassified,,neutral,0,0,none,simulated,simulated,neutral_default,False,False,recomputed
BPAC,1,5.18,4.88,4.84,69.6,A,9,,Other / Unclassified,0.0,elevated_volume,5,5,substantial,polygon,polygon,stock_market_proxy,False,False,recomputed
BPACU,1,5.0,3.94,3.93,2.4,C,9,,Other / Unclassified,,neutral,0,0,none,polygon,polygon,stock_market_proxy,False,False,recomputed
BPOPM,3,5.31,5.47,5.5,72.9,B,9,,Other / Unclassified,-0.9,neutral,4,4,substantial,simulated,simulated,neutral_default,False,False,recomputed
BPRE,1,5.0,3.94,3.93,2.4,C,9,,Other / Unclassified,,neutral,0,0,none,finnhub,finnhub,stock_market_proxy,False,False,recomputed
BRAI,1,6.87,10.0,10.0,96.5,A,3,Computer Hardware,"Compute, Data Center & Network Infrastructure",-69.6,dark_pool_buying,7,7,high,polygon,polygon,stock_market_proxy,False,False,recomputed
BRBR,1,6.23,10.0,10.0,96.5,A,9,Packaged Foods,Other / Unclassified,-78.0,elevated_volume,7,7,high,polygon,polygon,stock_market_proxy,False,False,recomputed
BRBS,1,5.0,3.94,3.93,2.4,C,9,,Other / Unclassified,,neutral,0,0,none,polygon,polygon,stock_market_proxy,False,False,recomputed
BRIA,1,5.3,5.51,5.45,72.6,A,9,Apparel Retail,Other / Unclassified,-39.6,neutral,7,7,high,polygon,polygon,stock_market_proxy,False,False,recomputed
BRK.B,1,5.0,3.94,3.93,2.4,C,9,,Other / Unclassified,,neutral,0,0,none,finnhub,finnhub,stock_market_proxy,False,False,recomputed
BRKR,3,5.0,3.95,3.93,2.4,C,9,,Other / Unclassified,,neutral,0,0,none,simulated,simulated,neutral_default,False,False,recomputed
BRKRP,3,5.0,3.95,3.93,2.4,C,9,,Other / Unclassified,,neutral,0,0,none,simulated,simulated,neutral_default,False,False,recomputed
BRLS,1,5.0,3.94,3.93,2.4,C,9,,Other / Unclassified,,neutral,0,0,none,finnhub,finnhub,stock_market_proxy,False,False,recomputed
BRLSW,3,5.0,3.95,3.93,2.4,C,9,,Other / Unclassified,,neutral,0,0,none,simulated,simulated,neutral_default,False,False,recomputed
BRLT,1,5.0,3.94,3.93,2.4,C,9,,Other / Unclassified,,neutral,0,0,none,finnhub,finnhub,stock_market_proxy,False,False,recomputed
BRN,3,5.0,3.95,3.93,2.4,C,9,,Other / Unclassified,,neutral,0,0,none,finnhub,finnhub,stock_market_proxy,False,False,recomputed
BRSP,3,5.0,3.95,3.93,2.4,C,9,,Other / Unclassified,,neutral,0,0,none,polygon,polygon,stock_market_proxy,False,False,recomputed
BRX,1,5.0,3.94,3.93,2.4,C,9,,Other / Unclassified,,neutral,0,0,none,polygon,polygon,stock_market_proxy,False,False,recomputed
BRZE,1,5.07,4.3,4.28,67.6,A,6,Software - Application,"Enterprise Software, Services & Automation",-21.4,neutral,7,7,high,polygon,polygon,stock_market_proxy,False,False,recomputed
BSAAU,1,5.0,3.94,3.93,2.4,C,9,,Other / Unclassified,,neutral,0,0,none,polygon,polygon,stock_market_proxy,False,False,recomputed
BSM,2,5.0,3.9,3.93,2.4,C,9,,Other / Unclassified,,neutral,0,0,none,simulated,simulated,neutral_default,False,False,recomputed
BSRR,3,5.0,3.95,3.93,2.4,C,9,,Other / Unclassified,,neutral,0,0,none,simulated,simulated,neutral_default,False,False,recomputed
BSX,1,5.0,3.94,3.93,2.4,C,9,,Other / Unclassified,,neutral,0,0,none,polygon,polygon,stock_market_proxy,False,False,recomputed
BTBD,1,4.92,3.52,3.52,1.4,A,9,Restaurants,Other / Unclassified,-27.3,low_volume,8,8,high,polygon,polygon,stock_market_proxy,False,False,recomputed
BTBT,1,5.35,5.77,5.71,74.5,C,3,,"Compute, Data Center & Network Infrastructure",,neutral,0,0,none,finnhub,finnhub,stock_market_proxy,False,False,recomputed
BTCS,1,5.68,7.49,7.38,87.2,A,8,Capital Markets,"Fintech, Payments & Digital Assets",-77.5,low_volume,8,8,high,polygon,polygon,stock_market_proxy,False,False,recomputed
BTDR,1,5.96,8.96,8.81,92.7,A,3,Software - Application,"Compute, Data Center & Network Infrastructure",-59.8,neutral,7,7,high,polygon,polygon,stock_market_proxy,False,False,recomputed
BTG,1,5.15,4.72,4.69,68.9,A,9,Gold,Other / Unclassified,-18.5,neutral,7,7,high,polygon,polygon,stock_market_proxy,False,False,recomputed
BTM,1,5.0,3.94,3.93,2.4,C,9,,Other / Unclassified,,neutral,0,0,none,polygon,polygon,stock_market_proxy,False,False,recomputed
BTMD,1,5.0,3.94,3.93,2.4,C,9,,Other / Unclassified,,neutral,0,0,none,finnhub,finnhub,stock_market_proxy,False,False,recomputed
BTMWW,3,5.0,3.95,3.93,2.4,C,9,,Other / Unclassified,,neutral,0,0,none,simulated,simulated,neutral_default,False,False,recomputed
BTO,1,5.08,4.36,4.34,67.6,A,9,Asset Management,Other / Unclassified,-11.4,neutral,5,5,substantial,polygon,polygon,stock_market_proxy,False,False,recomputed
BTQ,1,6.03,9.32,9.16,93.6,A,3,Software - Infrastructure,"Compute, Data Center & Network Infrastructure",-78.2,low_volume,7,7,high,polygon,polygon,stock_market_proxy,False,False,recomputed
BTSG,1,5.0,3.94,3.93,2.4,C,9,,Other / Unclassified,,neutral,0,0,none,polygon,polygon,stock_market_proxy,False,False,recomputed
BTSGU,1,4.91,3.47,3.47,1.2,A,9,Health Information Services,Other / Unclassified,-18.0,low_volume,8,8,high,finnhub,finnhub,stock_market_proxy,False,False,recomputed
BTTC,1,6.06,9.48,9.32,94.1,A,9,,Other / Unclassified,-93.6,neutral,5,5,substantial,finnhub,finnhub,stock_market_proxy,False,False,recomputed
BTU,1,5.0,3.94,3.93,2.4,C,9,,Other / Unclassified,,neutral,0,0,none,polygon,polygon,stock_market_proxy,False,False,recomputed
BTZ,1,4.93,3.57,3.57,1.5,A,9,Asset Management,Other / Unclassified,-8.5,neutral,6,6,high,finnhub,finnhub,stock_market_proxy,False,False,recomputed
BUDA,1,4.85,3.15,3.17,0.5,A,9,Beverages - Non-Alcoholic,Other / Unclassified,-31.4,low_volume,8,8,high,finnhub,finnhub,stock_market_proxy,False,False,recomputed
BULLW,3,5.0,3.95,3.93,2.4,C,9,,Other / Unclassified,,neutral,0,0,none,finnhub,finnhub,stock_market_proxy,False,False,recomputed
BUR,1,5.0,3.94,3.93,2.4,C,9,,Other / Unclassified,,neutral,0,0,none,finnhub,finnhub,stock_market_proxy,False,False,recomputed
BUSE,3,5.0,3.95,3.93,2.4,C,9,,Other / Unclassified,,neutral,0,0,none,simulated,simulated,neutral_default,False,False,recomputed
BVC,1,5.51,6.6,6.52,82.2,A,6,Software - Application,"Enterprise Software, Services & Automation",-25.6,neutral,6,6,high,finnhub,finnhub,stock_market_proxy,False,False,recomputed
BVFL,3,5.0,3.95,3.93,2.4,C,9,,Other / Unclassified,,neutral,0,0,none,simulated,simulated,neutral_default,False,False,recomputed
BW,3,6.79,10.0,10.0,96.5,B,9,Specialty Industrial Machinery,Other / Unclassified,-74.2,neutral,7,7,high,simulated,simulated,neutral_default,False,False,recomputed
BWA,1,5.0,3.94,3.93,2.4,C,9,,Other / Unclassified,,neutral,0,0,none,finnhub,finnhub,stock_market_proxy,False,False,recomputed
BWB,2,5.0,3.9,3.93,2.4,C,9,,Other / Unclassified,,neutral,0,0,none,simulated,simulated,neutral_default,False,False,recomputed
BWEN,1,5.0,3.94,3.93,2.4,C,9,,Other / Unclassified,,neutral,0,0,none,finnhub,finnhub,stock_market_proxy,False,False,recomputed
BWMX,3,5.0,3.95,3.93,2.4,C,9,,Other / Unclassified,,neutral,0,0,none,simulated,simulated,neutral_default,False,False,recomputed
BWXT,1,5.0,3.94,3.93,2.4,C,9,,Other / Unclassified,,neutral,0,0,none,finnhub,finnhub,stock_market_proxy,False,False,recomputed
BX,1,5.0,3.94,3.93,2.4,C,9,,Other / Unclassified,,neutral,0,0,none,finnhub,finnhub,stock_market_proxy,False,False,recomputed
BXMT,1,5.0,3.94,3.93,2.4,C,9,,Other / Unclassified,,neutral,0,0,none,finnhub,finnhub,stock_market_proxy,False,False,recomputed
BY,1,5.0,3.94,3.93,2.4,C,9,,Other / Unclassified,,neutral,0,0,none,finnhub,finnhub,stock_market_proxy,False,False,recomputed
BYAH,3,5.0,3.95,3.93,2.4,C,9,,Other / Unclassified,,neutral,0,0,none,polygon,polygon,stock_market_proxy,False,False,recomputed
BYND,2,5.0,3.9,3.93,2.4,C,9,,Other / Unclassified,,neutral,0,0,none,simulated,simulated,neutral_default,False,False,recomputed
BYSI,1,5.8,8.12,7.99,89.5,A,9,Biotechnology,Other / Unclassified,-72.6,low_volume,6,6,high,finnhub,finnhub,stock_market_proxy,False,False,recomputed
BZAIW,1,5.0,3.94,3.93,2.4,C,9,,Other / Unclassified,,neutral,0,0,none,finnhub,finnhub,stock_market_proxy,False,False,recomputed
BZFDW,3,5.0,3.95,3.93,2.4,C,9,,Other / Unclassified,,neutral,0,0,none,finnhub,finnhub,stock_market_proxy,False,False,recomputed
BZH,1,5.0,3.94,3.93,2.4,C,9,,Other / Unclassified,,neutral,0,0,none,finnhub,finnhub,stock_market_proxy,False,False,recomputed
BZUN,3,5.0,3.95,3.93,2.4,C,9,,Other / Unclassified,,neutral,0,0,none,finnhub,finnhub,stock_market_proxy,False,False,recomputed
C,1,5.0,3.94,3.93,2.4,A,9,Banks - Diversified,Other / Unclassified,-12.2,neutral,6,6,high,finnhub,finnhub,stock_market_proxy,False,False,recomputed
CAAS,2,5.0,3.9,3.93,2.4,C,9,,Other / Unclassified,,neutral,0,0,none,simulated,simulated,neutral_default,False,False,recomputed
CABR,1,5.0,3.94,3.93,2.4,C,9,,Other / Unclassified,,neutral,0,0,none,finnhub,finnhub,stock_market_proxy,False,False,recomputed
CACI,3,5.0,3.95,3.93,2.4,C,9,,Other / Unclassified,,neutral,0,0,none,finnhub,finnhub,stock_market_proxy,False,False,recomputed
CADL,3,5.61,6.95,7.03,85.2,B,9,Biotechnology,Other / Unclassified,-28.6,neutral,5,5,substantial,simulated,simulated,neutral_default,False,False,recomputed
CAG,1,5.99,9.11,8.96,93.2,A,9,Packaged Foods,Other / Unclassified,-31.4,elevated_volume,7,7,high,finnhub,finnhub,stock_market_proxy,False,False,recomputed
CAJPY,3,5.0,3.95,3.93,2.4,C,9,,Other / Unclassified,,neutral,0,0,none,simulated,simulated,neutral_default,False,False,recomputed
CAKE,3,5.0,3.95,3.93,2.4,C,9,,Other / Unclassified,,neutral,0,0,none,simulated,simulated,neutral_default,False,False,recomputed
CAL,1,5.0,3.94,3.93,2.4,C,9,,Other / Unclassified,,neutral,0,0,none,finnhub,finnhub,stock_market_proxy,False,False,recomputed
CALX,3,5.0,3.95,3.93,2.4,C,9,,Other / Unclassified,,neutral,0,0,none,simulated,simulated,neutral_default,False,False,recomputed
CAMT,1,5.56,6.87,6.77,83.9,A,2,Semiconductor Equipment & Materials,Semiconductors & Chip Tools,-26.6,neutral,6,6,high,finnhub,finnhub,stock_market_proxy,False,False,recomputed
CAN,1,5.89,8.59,8.45,91.1,A,3,Computer Hardware,"Compute, Data Center & Network Infrastructure",-84.9,low_volume,8,8,high,finnhub,finnhub,stock_market_proxy,False,False,recomputed
CANF,1,5.0,3.94,3.93,2.4,C,9,,Other / Unclassified,,neutral,0,0,none,finnhub,finnhub,stock_market_proxy,False,False,recomputed
CAPL,1,5.0,3.94,3.93,2.4,C,9,,Other / Unclassified,,neutral,0,0,none,finnhub,finnhub,stock_market_proxy,False,False,recomputed
CAPN,3,5.0,3.95,3.93,2.4,C,9,,Other / Unclassified,,neutral,0,0,none,finnhub,finnhub,stock_market_proxy,False,False,recomputed
CAPNR,1,5.0,3.94,3.93,2.4,C,9,,Other / Unclassified,,neutral,1,1,partial,finnhub,finnhub,stock_market_proxy,False,False,recomputed
CAR,2,5.0,3.9,3.93,2.4,C,9,,Other / Unclassified,,neutral,0,0,none,simulated,simulated,neutral_default,False,False,recomputed
CARG,1,5.0,3.94,3.93,2.4,C,9,,Other / Unclassified,,neutral,0,0,none,finnhub,finnhub,stock_market_proxy,False,False,recomputed
CARL,3,5.0,3.95,3.93,2.4,C,9,,Other / Unclassified,,neutral,0,0,none,polygon,polygon,stock_market_proxy,False,False,recomputed
CARR,1,5.0,3.94,3.93,2.4,C,9,,Other / Unclassified,,neutral,0,0,none,finnhub,finnhub,stock_market_proxy,False,False,recomputed
CARS,1,5.0,3.94,3.93,2.4,C,9,,Other / Unclassified,,neutral,0,0,none,finnhub,finnhub,stock_market_proxy,False,False,recomputed
CASS,1,5.0,3.94,3.93,2.4,C,9,,Other / Unclassified,,neutral,0,0,none,finnhub,finnhub,stock_market_proxy,False,False,recomputed
CASY,1,5.42,6.13,6.06,80.5,A,9,Specialty Retail,Other / Unclassified,-30.8,neutral,7,7,high,finnhub,finnhub,stock_market_proxy,False,False,recomputed
CAT,1,5.19,4.93,4.89,69.8,A,9,Farm & Heavy Construction Machinery,Other / Unclassified,-23.4,neutral,7,7,high,finnhub,finnhub,stock_market_proxy,False,False,recomputed
CATX,1,5.0,3.94,3.93,2.4,C,9,,Other / Unclassified,,neutral,0,0,none,finnhub,finnhub,stock_market_proxy,False,False,recomputed
CAVA,3,5.0,3.95,3.93,2.4,C,9,,Other / Unclassified,,neutral,0,0,none,finnhub,finnhub,stock_market_proxy,False,False,recomputed
CB,1,5.0,3.94,3.93,2.4,C,9,,Other / Unclassified,,neutral,0,0,none,finnhub,finnhub,stock_market_proxy,False,False,recomputed
CBAT,1,5.0,3.94,3.93,2.4,C,9,,Other / Unclassified,,neutral,0,0,none,finnhub,finnhub,stock_market_proxy,False,False,recomputed
CBC,3,5.14,4.63,4.64,68.8,A,9,Banks - Regional,Other / Unclassified,-4.6,low_volume,7,7,high,polygon,polygon,stock_market_proxy,False,False,recomputed
CBFV,1,5.0,3.94,3.93,2.4,C,9,,Other / Unclassified,,neutral,0,0,none,finnhub,finnhub,stock_market_proxy,False,False,recomputed
CBIO,1,6.22,10.0,10.0,96.5,A,9,Biotechnology,Other / Unclassified,-50.0,neutral,5,5,substantial,finnhub,finnhub,stock_market_proxy,False,False,recomputed
CBNA,3,5.38,5.82,5.86,78.2,A,9,Banks - Regional,Other / Unclassified,0.0,neutral,6,6,high,polygon,polygon,stock_market_proxy,False,False,recomputed
CBOE,1,5.0,3.94,3.93,2.4,C,9,,Other / Unclassified,,neutral,0,0,none,finnhub,finnhub,stock_market_proxy,False,False,recomputed
CBRE,1,5.0,3.94,3.93,2.4,C,9,,Other / Unclassified,,neutral,0,0,none,finnhub,finnhub,stock_market_proxy,False,False,recomputed
CBRL,1,5.0,3.94,3.93,2.4,C,9,,Other / Unclassified,,neutral,0,0,none,finnhub,finnhub,stock_market_proxy,False,False,recomputed
CCD,3,5.59,6.85,6.93,84.8,A,9,Asset Management,Other / Unclassified,-9.5,elevated_volume,6,6,high,polygon,polygon,stock_market_proxy,False,False,recomputed
CCEC,1,5.0,3.94,3.93,2.4,C,9,,Other / Unclassified,,neutral,0,0,none,finnhub,finnhub,stock_market_proxy,False,False,recomputed
CCI,1,5.0,3.94,3.93,2.4,C,9,,Other / Unclassified,,neutral,0,0,none,finnhub,finnhub,stock_market_proxy,False,False,recomputed
CCIF,1,5.7,7.6,7.49,87.4,A,9,Asset Management,Other / Unclassified,-46.3,neutral,5,5,substantial,finnhub,finnhub,stock_market_proxy,False,False,recomputed
CCII,1,5.0,3.94,3.93,2.4,C,9,,Other / Unclassified,,neutral,0,0,none,finnhub,finnhub,stock_market_proxy,False,False,recomputed
CCIIU,1,5.31,5.56,5.5,72.9,A,9,Shell Companies,Other / Unclassified,-4.9,neutral,5,5,substantial,finnhub,finnhub,stock_market_proxy,False,False,recomputed
CCIX,2,5.0,3.9,3.93,2.4,C,9,,Other / Unclassified,,neutral,0,0,none,simulated,simulated,neutral_default,False,False,recomputed
CCIXW,1,5.0,3.94,3.93,2.4,C,9,,Other / Unclassified,,neutral,0,0,none,simulated,simulated,neutral_default,False,False,recomputed
CCJ,1,5.35,5.77,5.71,74.5,C,1,,"Energy, Power & Utilities",,neutral,0,0,none,finnhub,finnhub,stock_market_proxy,False,False,recomputed
CCL,1,5.0,3.94,3.93,2.4,C,9,,Other / Unclassified,,neutral,0,0,none,finnhub,finnhub,stock_market_proxy,False,False,recomputed
CCLDO,1,5.0,3.94,3.93,2.4,C,9,,Other / Unclassified,,neutral,0,0,none,simulated,simulated,neutral_default,False,False,recomputed
CCNEP,1,5.0,3.94,3.93,2.4,C,9,,Other / Unclassified,,neutral,0,0,none,finnhub,finnhub,stock_market_proxy,False,False,recomputed
CCO,1,5.0,3.94,3.93,2.4,C,9,,Other / Unclassified,,neutral,0,0,none,finnhub,finnhub,stock_market_proxy,False,False,recomputed
CCRN,1,5.0,3.94,3.93,2.4,C,9,,Other / Unclassified,,neutral,0,0,none,simulated,simulated,neutral_default,False,False,recomputed
CCU,3,5.0,3.95,3.93,2.4,C,9,,Other / Unclassified,,neutral,0,0,none,finnhub,finnhub,stock_market_proxy,False,False,recomputed
CCXI,2,5.0,3.9,3.93,2.4,C,9,,Other / Unclassified,,neutral,0,0,none,simulated,simulated,neutral_default,False,False,recomputed
CCZ,1,5.54,6.76,6.67,83.4,A,9,,Other / Unclassified,-4.7,low_volume,5,5,substantial,finnhub,finnhub,stock_market_proxy,False,False,recomputed
CD,2,5.0,3.9,3.93,2.4,C,9,,Other / Unclassified,,neutral,0,0,none,simulated,simulated,neutral_default,False,False,recomputed
CDIOW,3,5.0,3.95,3.93,2.4,C,9,,Other / Unclassified,,neutral,0,0,none,finnhub,finnhub,stock_market_proxy,False,False,recomputed
CDNL,1,5.0,3.94,3.93,2.4,C,9,,Other / Unclassified,,neutral,0,0,none,finnhub,finnhub,stock_market_proxy,False,False,recomputed
CDNS,1,5.24,5.19,5.15,71.7,A,2,Software - Application,Semiconductors & Chip Tools,-14.5,neutral,7,7,high,finnhub,finnhub,stock_market_proxy,False,False,recomputed
CDRE,3,6.04,9.06,9.21,93.9,A,9,Aerospace & Defense,Other / Unclassified,-45.4,neutral,7,7,high,polygon,polygon,stock_market_proxy,False,False,recomputed
CDTG,3,5.84,8.08,8.2,90.3,B,9,Waste Management,Other / Unclassified,-94.0,low_volume,8,8,high,simulated,simulated,neutral_default,False,False,recomputed
CDW,1,5.66,7.39,7.28,86.6,A,6,Information Technology Services,"Enterprise Software, Services & Automation",-12.4,neutral,7,7,high,finnhub,finnhub,stock_market_proxy,False,False,recomputed
CDZI,3,5.75,7.64,7.74,88.7,A,9,Pollution & Treatment Controls,Other / Unclassified,-47.7,neutral,7,7,high,finnhub,finnhub,stock_market_proxy,False,False,recomputed
CDZIP,1,5.88,8.54,8.4,91.0,A,9,Pollution & Treatment Controls,Other / Unclassified,-6.2,dark_pool_buying,8,8,high,finnhub,finnhub,stock_market_proxy,False,False,recomputed
CE,1,5.0,3.94,3.93,2.4,C,9,,Other / Unclassified,,neutral,0,0,none,finnhub,finnhub,stock_market_proxy,False,False,recomputed
CEG,1,5.35,5.77,5.71,74.5,C,1,,"Energy, Power & Utilities",,neutral,0,0,none,finnhub,finnhub,stock_market_proxy,False,False,recomputed
CELU,3,4.98,3.85,3.83,2.2,B,9,Biotechnology,Other / Unclassified,-35.2,low_volume,8,8,high,simulated,simulated,neutral_default,False,False,recomputed
CELUW,3,5.0,3.95,3.93,2.4,C,9,,Other / Unclassified,,neutral,0,0,none,simulated,simulated,neutral_default,False,False,recomputed
CELZ,1,5.0,3.94,3.93,2.4,C,9,,Other / Unclassified,,neutral,0,0,none,finnhub,finnhub,stock_market_proxy,False,False,recomputed
CENT,1,5.08,4.36,4.34,67.6,A,9,Packaged Foods,Other / Unclassified,-13.7,neutral,7,7,high,finnhub,finnhub,stock_market_proxy,False,False,recomputed
CENTA,3,5.0,3.95,3.93,2.4,C,9,,Other / Unclassified,,neutral,0,0,none,finnhub,finnhub,stock_market_proxy,False,False,recomputed
CENX,3,5.0,3.95,3.93,2.4,C,9,,Other / Unclassified,,neutral,0,0,none,simulated,simulated,neutral_default,False,False,recomputed
CEPT,3,5.0,3.95,3.93,2.4,C,9,,Other / Unclassified,,neutral,0,0,none,simulated,simulated,neutral_default,False,False,recomputed
CERS,2,5.0,3.9,3.93,2.4,C,9,,Other / Unclassified,,neutral,0,0,none,simulated,simulated,neutral_default,False,False,recomputed
CET,3,5.0,3.95,3.93,2.4,C,9,,Other / Unclassified,,neutral,0,0,none,finnhub,finnhub,stock_market_proxy,False,False,recomputed
CETY,1,5.0,3.94,3.93,2.4,C,9,,Other / Unclassified,,neutral,0,0,none,finnhub,finnhub,stock_market_proxy,False,False,recomputed
CEVA,3,5.13,4.59,4.59,68.5,A,2,Semiconductors,Semiconductors & Chip Tools,-29.1,neutral,7,7,high,polygon,polygon,stock_market_proxy,False,False,recomputed
CF,1,5.0,3.94,3.93,2.4,C,9,,Other / Unclassified,,neutral,0,0,none,finnhub,finnhub,stock_market_proxy,False,False,recomputed
CFG,1,5.52,6.66,6.57,82.8,A,9,Banks - Regional,Other / Unclassified,-15.6,neutral,6,6,high,finnhub,finnhub,stock_market_proxy,False,False,recomputed
CGABL,1,5.0,3.94,3.93,2.4,C,9,,Other / Unclassified,,neutral,0,0,none,finnhub,finnhub,stock_market_proxy,False,False,recomputed
CGBD,1,5.6,7.07,6.98,85.2,A,9,Asset Management,Other / Unclassified,-11.0,neutral,6,6,high,finnhub,finnhub,stock_market_proxy,False,False,recomputed
CGC,3,5.0,3.95,3.93,2.4,C,9,,Other / Unclassified,,neutral,0,0,none,finnhub,finnhub,stock_market_proxy,False,False,recomputed
CGCTW,1,5.0,3.94,3.93,2.4,C,9,,Other / Unclassified,,neutral,0,0,none,finnhub,finnhub,stock_market_proxy,False,False,recomputed
CGEN,3,5.0,3.95,3.93,2.4,C,9,,Other / Unclassified,,neutral,0,0,none,polygon,polygon,stock_market_proxy,False,False,recomputed
CGO,1,5.22,5.09,5.05,70.2,A,9,Asset Management,Other / Unclassified,-6.6,elevated_volume,7,7,high,finnhub,finnhub,stock_market_proxy,False,False,recomputed
CGTX,3,5.0,3.95,3.93,2.4,C,9,,Other / Unclassified,,neutral,0,0,none,finnhub,finnhub,stock_market_proxy,False,False,recomputed
CHAI,3,5.41,5.96,6.01,79.0,C,5,,"AI Platforms, Models & Quantum",,neutral,0,0,none,polygon,polygon,stock_market_proxy,False,False,recomputed
CHAR,3,5.0,3.95,3.93,2.4,C,9,,Other / Unclassified,,neutral,0,0,none,simulated,simulated,neutral_default,False,False,recomputed
CHCI,2,5.0,3.9,3.93,2.4,C,9,,Other / Unclassified,,neutral,0,0,none,simulated,simulated,neutral_default,False,False,recomputed
CHD,1,5.0,3.94,3.93,2.4,C,9,,Other / Unclassified,,neutral,0,0,none,finnhub,finnhub,stock_market_proxy,False,False,recomputed
CHE,1,5.0,3.94,3.93,2.4,C,9,,Other / Unclassified,,neutral,0,0,none,finnhub,finnhub,stock_market_proxy,False,False,recomputed
CHGG,3,5.65,7.14,7.23,86.4,B,7,Education & Training Services,"Cybersecurity, Identity & Data Protection",-52.3,low_volume,7,7,high,simulated,simulated,neutral_default,False,False,recomputed
CHH,1,5.0,3.94,3.93,2.4,C,9,,Other / Unclassified,,neutral,0,0,none,finnhub,finnhub,stock_market_proxy,False,False,recomputed
CHKP,1,5.41,6.08,6.01,79.0,C,7,,"Cybersecurity, Identity & Data Protection",,neutral,0,0,none,finnhub,finnhub,stock_market_proxy,False,False,recomputed
CHMG,1,5.0,3.94,3.93,2.4,C,9,,Other / Unclassified,,neutral,0,0,none,finnhub,finnhub,stock_market_proxy,False,False,recomputed
CHNR,3,5.0,3.95,3.93,2.4,C,9,,Other / Unclassified,,neutral,0,0,none,simulated,simulated,neutral_default,False,False,recomputed
CHOW,3,5.0,3.95,3.93,2.4,C,9,,Other / Unclassified,,neutral,0,0,none,simulated,simulated,neutral_default,False,False,recomputed
CHPT,2,5.0,3.9,3.93,2.4,C,9,,Other / Unclassified,,neutral,0,0,none,simulated,simulated,neutral_default,False,False,recomputed
CHR,2,5.0,3.9,3.93,2.4,C,9,,Other / Unclassified,,neutral,0,0,none,simulated,simulated,neutral_default,False,False,recomputed
CHRD,1,5.66,7.39,7.28,86.6,A,1,Oil & Gas E&P,"Energy, Power & Utilities",-13.3,neutral,7,7,high,finnhub,finnhub,stock_market_proxy,False,False,recomputed
CHRW,1,5.0,3.94,3.93,2.4,C,9,,Other / Unclassified,,neutral,0,0,none,finnhub,finnhub,stock_market_proxy,False,False,recomputed
CHSCM,2,5.0,3.9,3.93,2.4,C,9,,Other / Unclassified,,neutral,0,0,none,simulated,simulated,neutral_default,False,False,recomputed
CHSCN,1,5.08,4.36,4.34,67.6,A,9,Farm Products,Other / Unclassified,-2.8,neutral,6,6,high,finnhub,finnhub,stock_market_proxy,False,False,recomputed
CHSCO,1,5.0,3.94,3.93,2.4,C,9,,Other / Unclassified,,neutral,0,0,none,finnhub,finnhub,stock_market_proxy,False,False,recomputed
CHTR,1,5.0,3.94,3.93,2.4,C,9,,Other / Unclassified,,neutral,0,0,none,finnhub,finnhub,stock_market_proxy,False,False,recomputed
CHWY,1,5.0,3.94,3.93,2.4,C,9,,Other / Unclassified,,neutral,0,0,none,finnhub,finnhub,stock_market_proxy,False,False,recomputed
CI,1,5.0,3.94,3.93,2.4,A,9,Healthcare Plans,Other / Unclassified,-8.0,neutral,7,7,high,finnhub,finnhub,stock_market_proxy,False,False,recomputed
CICB,3,5.0,3.95,3.93,2.4,C,9,,Other / Unclassified,,neutral,0,0,none,simulated,simulated,neutral_default,False,False,recomputed
CIEN,1,5.0,3.94,3.93,2.4,C,9,,Other / Unclassified,,neutral,0,0,none,finnhub,finnhub,stock_market_proxy,False,False,recomputed
CIFR,1,5.89,8.59,8.45,91.1,A,3,Information Technology Services,"Compute, Data Center & Network Infrastructure",-50.1,neutral,7,7,high,finnhub,finnhub,stock_market_proxy,False,False,recomputed
CIM,3,5.0,3.95,3.93,2.4,C,9,,Other / Unclassified,,neutral,0,0,none,finnhub,finnhub,stock_market_proxy,False,False,recomputed
CINF,1,5.86,8.43,8.3,90.8,A,9,Insurance - Property & Casualty,Other / Unclassified,-15.4,neutral,6,6,high,finnhub,finnhub,stock_market_proxy,False,False,recomputed
CING,1,5.0,3.94,3.93,2.4,C,9,,Other / Unclassified,,neutral,0,0,none,finnhub,finnhub,stock_market_proxy,False,False,recomputed
CINT,2,5.0,3.9,3.93,2.4,C,9,,Other / Unclassified,,neutral,0,0,none,simulated,simulated,neutral_default,False,False,recomputed
CISS,1,6.22,10.0,10.0,96.5,A,9,Marine Shipping,Other / Unclassified,-100.0,low_volume,8,8,high,finnhub,finnhub,stock_market_proxy,False,False,recomputed
CJMB,1,5.0,3.94,3.93,2.4,C,9,,Other / Unclassified,,neutral,0,0,none,finnhub,finnhub,stock_market_proxy,False,False,recomputed
CKX,3,5.0,3.95,3.93,2.4,C,9,,Other / Unclassified,,neutral,0,0,none,finnhub,finnhub,stock_market_proxy,False,False,recomputed
CL,1,5.08,4.36,4.34,67.6,A,9,Household & Personal Products,Other / Unclassified,-11.0,neutral,6,6,high,finnhub,finnhub,stock_market_proxy,False,False,recomputed
CLAR,3,5.0,3.95,3.93,2.4,A,9,Leisure,Other / Unclassified,-10.7,neutral,6,6,high,finnhub,finnhub,stock_market_proxy,False,False,recomputed
CLB,1,5.0,3.94,3.93,2.4,C,9,,Other / Unclassified,,neutral,0,0,none,finnhub,finnhub,stock_market_proxy,False,False,recomputed
CLBK,1,5.34,5.71,5.66,74.1,A,9,Banks - Regional,Other / Unclassified,-8.6,neutral,6,6,high,finnhub,finnhub,stock_market_proxy,False,False,recomputed
CLBR,1,5.0,3.94,3.93,2.4,C,9,,Other / Unclassified,,neutral,0,0,none,finnhub,finnhub,stock_market_proxy,False,False,recomputed
CLBT,3,5.41,5.96,6.01,79.0,C,7,,"Cybersecurity, Identity & Data Protection",,neutral,0,0,none,finnhub,finnhub,stock_market_proxy,False,False,recomputed
CLDI,3,5.0,3.95,3.93,2.4,C,9,,Other / Unclassified,,neutral,0,0,none,polygon,polygon,stock_market_proxy,False,False,recomputed
CLDX,3,5.0,3.95,3.93,2.4,C,9,,Other / Unclassified,,neutral,0,0,none,finnhub,finnhub,stock_market_proxy,False,False,recomputed
CLF,1,5.0,3.94,3.93,2.4,C,9,,Other / Unclassified,,neutral,0,0,none,finnhub,finnhub,stock_market_proxy,False,False,recomputed
CLH,3,5.0,3.95,3.93,2.4,C,9,,Other / Unclassified,,neutral,0,0,none,simulated,simulated,neutral_default,False,False,recomputed
CLMT,1,5.23,5.14,5.1,70.4,A,9,Specialty Chemicals,Other / Unclassified,-4.7,neutral,7,7,high,finnhub,finnhub,stock_market_proxy,False,False,recomputed
CLNE,3,5.0,3.95,3.93,2.4,C,9,,Other / Unclassified,,neutral,0,0,none,simulated,simulated,neutral_default,False,False,recomputed
CLOV,1,5.3,5.51,5.45,72.6,A,9,Healthcare Plans,Other / Unclassified,-15.7,neutral,7,7,high,finnhub,finnhub,stock_market_proxy,False,False,recomputed
CLRB,1,5.0,3.94,3.93,2.4,C,9,,Other / Unclassified,,neutral,0,0,none,finnhub,finnhub,stock_market_proxy,False,False,recomputed
CLS,3,5.0,3.95,3.93,2.4,C,9,,Other / Unclassified,,neutral,0,0,none,simulated,simulated,neutral_default,False,False,recomputed
CLSK,1,5.35,5.77,5.71,74.5,C,3,,"Compute, Data Center & Network Infrastructure",,neutral,0,0,none,finnhub,finnhub,stock_market_proxy,False,False,recomputed
CLST,1,5.08,4.36,4.34,67.6,A,9,Banks - Regional,Other / Unclassified,-7.4,neutral,6,6,high,finnhub,finnhub,stock_market_proxy,False,False,recomputed
CLW,1,5.0,3.94,3.93,2.4,C,9,,Other / Unclassified,,neutral,0,0,none,finnhub,finnhub,stock_market_proxy,False,False,recomputed
CLYM,1,5.8,8.12,7.99,89.5,A,9,Biotechnology,Other / Unclassified,-40.0,low_volume,6,6,high,finnhub,finnhub,stock_market_proxy,False,False,recomputed
CM,1,5.56,6.87,6.77,83.9,A,9,Banks - Diversified,Other / Unclassified,-11.9,neutral,6,6,high,finnhub,finnhub,stock_market_proxy,False,False,recomputed
CMA,1,5.0,3.94,3.93,2.4,C,9,,Other / Unclassified,,neutral,0,0,none,simulated,simulated,neutral_default,False,False,recomputed
CMBT,1,5.0,3.94,3.93,2.4,C,9,,Other / Unclassified,,neutral,0,0,none,finnhub,finnhub,stock_market_proxy,False,False,recomputed
CME,1,5.0,3.94,3.93,2.4,C,9,,Other / Unclassified,,neutral,0,0,none,finnhub,finnhub,stock_market_proxy,False,False,recomputed
CMG,1,5.0,3.94,3.93,2.4,C,9,,Other / Unclassified,,neutral,0,0,none,finnhub,finnhub,stock_market_proxy,False,False,recomputed
CMI,1,5.73,7.75,7.64,88.0,A,1,Specialty Industrial Machinery,"Energy, Power & Utilities",-28.6,neutral,7,7,high,finnhub,finnhub,stock_market_proxy,False,False,recomputed
CMIIW,1,5.0,3.94,3.93,2.4,C,9,,Other / Unclassified,,neutral,0,0,none,finnhub,finnhub,stock_market_proxy,False,False,recomputed
CMMB,1,5.0,3.94,3.93,2.4,C,9,,Other / Unclassified,,neutral,0,0,none,finnhub,finnhub,stock_market_proxy,False,False,recomputed
CMND,1,5.51,6.6,6.52,82.2,A,9,Biotechnology,Other / Unclassified,-99.8,low_volume,6,6,high,finnhub,finnhub,stock_market_proxy,False,False,recomputed
CMPR,1,6.18,10.0,9.93,96.0,A,9,Specialty Business Services,Other / Unclassified,-30.1,neutral,7,7,high,finnhub,finnhub,stock_market_proxy,False,False,recomputed
CMPX,3,5.0,3.95,3.93,2.4,C,9,,Other / Unclassified,,neutral,0,0,none,finnhub,finnhub,stock_market_proxy,False,False,recomputed
CMRC,3,6.05,9.11,9.26,94.0,A,6,Software - Application,"Enterprise Software, Services & Automation",-38.7,low_volume,7,7,high,polygon,polygon,stock_market_proxy,False,False,recomputed
CMS,1,5.69,7.54,7.44,87.3,A,1,Utilities - Regulated Electric,"Energy, Power & Utilities",-17.3,elevated_volume,7,7,high,finnhub,finnhub,stock_market_proxy,False,False,recomputed
CMSA,1,5.0,3.94,3.93,2.4,C,9,,Other / Unclassified,,neutral,0,0,none,finnhub,finnhub,stock_market_proxy,False,False,recomputed
CMSC,3,5.59,6.85,6.93,84.8,B,9,,Other / Unclassified,-13.3,elevated_volume,5,5,substantial,simulated,simulated,neutral_default,False,False,recomputed
CMTG,3,5.0,3.95,3.93,2.4,C,9,,Other / Unclassified,,neutral,0,0,none,simulated,simulated,neutral_default,False,False,recomputed
CMTL,3,5.0,3.95,3.93,2.4,C,9,,Other / Unclassified,,neutral,0,0,none,simulated,simulated,neutral_default,False,False,recomputed
CNA,3,5.0,3.95,3.93,2.4,C,9,,Other / Unclassified,,neutral,0,0,none,finnhub,finnhub,stock_market_proxy,False,False,recomputed
CNC,1,5.0,3.94,3.93,2.4,C,9,,Other / Unclassified,,neutral,0,0,none,finnhub,finnhub,stock_market_proxy,False,False,recomputed
CNCK,1,5.0,3.94,3.93,2.4,C,9,,Other / Unclassified,,neutral,0,0,none,finnhub,finnhub,stock_market_proxy,False,False,recomputed
CNET,3,5.0,3.95,3.93,2.4,C,9,,Other / Unclassified,,neutral,0,0,none,finnhub,finnhub,stock_market_proxy,False,False,recomputed
CNEY,1,5.0,3.94,3.93,2.4,C,9,,Other / Unclassified,,neutral,0,0,none,finnhub,finnhub,stock_market_proxy,False,False,recomputed
CNI,1,5.0,3.94,3.93,2.4,C,9,,Other / Unclassified,,neutral,0,0,none,finnhub,finnhub,stock_market_proxy,False,False,recomputed
CNL,3,5.0,3.95,3.93,2.4,C,9,,Other / Unclassified,,neutral,0,0,none,simulated,simulated,neutral_default,False,False,recomputed
CNM,1,5.91,8.7,8.55,91.7,A,3,Industrial Distribution,"Compute, Data Center & Network Infrastructure",-31.1,neutral,6,6,high,finnhub,finnhub,stock_market_proxy,False,False,recomputed
CNNE,1,5.0,3.94,3.93,2.4,C,9,,Other / Unclassified,,neutral,0,0,none,finnhub,finnhub,stock_market_proxy,False,False,recomputed
CNO,1,5.33,5.66,5.61,73.8,A,9,Insurance - Life,Other / Unclassified,-6.3,neutral,6,6,high,finnhub,finnhub,stock_market_proxy,False,False,recomputed
CNOBP,1,5.46,6.34,6.27,81.4,A,9,Banks - Regional,Other / Unclassified,-0.8,neutral,6,6,high,finnhub,finnhub,stock_market_proxy,False,False,recomputed
CNP,1,5.56,6.87,6.77,83.9,A,1,Utilities - Regulated Electric,"Energy, Power & Utilities",-13.9,neutral,6,6,high,finnhub,finnhub,stock_market_proxy,False,False,recomputed
CNQ,3,6.19,9.8,9.98,96.2,B,1,Oil & Gas E&P,"Energy, Power & Utilities",-7.9,neutral,7,7,high,simulated,simulated,neutral_default,False,False,recomputed
CNTB,1,5.0,3.94,3.93,2.4,C,9,,Other / Unclassified,,neutral,0,0,none,finnhub,finnhub,stock_market_proxy,False,False,recomputed
CNTN,1,5.0,3.94,3.93,2.4,C,9,,Other / Unclassified,,neutral,0,0,none,finnhub,finnhub,stock_market_proxy,False,False,recomputed
CNVS,1,6.8,10.0,10.0,96.5,A,6,Entertainment,"Enterprise Software, Services & Automation",-42.0,neutral,7,7,high,finnhub,finnhub,stock_market_proxy,False,False,recomputed
CNX,3,5.0,3.95,3.93,2.4,C,9,,Other / Unclassified,,neutral,0,0,none,simulated,simulated,neutral_default,False,False,recomputed
CNXN,1,5.0,3.94,3.93,2.4,C,9,,Other / Unclassified,,neutral,0,0,none,finnhub,finnhub,stock_market_proxy,False,False,recomputed
COCH,3,5.0,3.95,3.93,2.4,C,9,,Other / Unclassified,,neutral,0,0,none,finnhub,finnhub,stock_market_proxy,False,False,recomputed
CODI,1,5.15,4.72,4.69,68.9,A,9,Conglomerates,Other / Unclassified,-13.8,neutral,7,7,high,finnhub,finnhub,stock_market_proxy,False,False,recomputed
COF,1,5.0,3.94,3.93,2.4,C,9,,Other / Unclassified,,neutral,0,0,none,finnhub,finnhub,stock_market_proxy,False,False,recomputed
COHN,3,6.03,9.01,9.16,93.6,A,8,Capital Markets,"Fintech, Payments & Digital Assets",-61.1,low_volume,8,8,high,polygon,polygon,stock_market_proxy,False,False,recomputed
COHR,1,5.0,3.94,3.93,2.4,C,9,,Other / Unclassified,,neutral,0,0,none,finnhub,finnhub,stock_market_proxy,False,False,recomputed
COHU,1,5.22,5.09,5.05,70.2,A,2,Semiconductor Equipment & Materials,Semiconductors & Chip Tools,-4.2,neutral,7,7,high,finnhub,finnhub,stock_market_proxy,False,False,recomputed
COIN,1,5.35,5.77,5.71,74.5,C,8,,"Fintech, Payments & Digital Assets",,neutral,0,0,none,finnhub,finnhub,stock_market_proxy,False,False,recomputed
COLA,2,5.0,3.9,3.93,2.4,C,9,Shell Companies,Other / Unclassified,,neutral,2,2,partial,simulated,simulated,neutral_default,False,False,recomputed
COLM,3,5.38,5.82,5.86,78.2,A,9,Apparel Manufacturing,Other / Unclassified,-16.2,neutral,6,6,high,finnhub,finnhub,stock_market_proxy,False,False,recomputed
COMM,1,5.0,3.94,3.93,2.4,C,9,,Other / Unclassified,,neutral,0,0,none,simulated,simulated,neutral_default,False,False,recomputed
COMP,1,5.0,3.94,3.93,2.4,C,9,,Other / Unclassified,,neutral,0,0,none,finnhub,finnhub,stock_market_proxy,False,False,recomputed
CON,1,5.23,5.14,5.1,70.4,A,9,Medical Care Facilities,Other / Unclassified,0.0,neutral,7,7,high,finnhub,finnhub,stock_market_proxy,False,False,recomputed
COO,1,5.0,3.94,3.93,2.4,C,9,,Other / Unclassified,,neutral,0,0,none,finnhub,finnhub,stock_market_proxy,False,False,recomputed
COOK,3,5.0,3.95,3.93,2.4,C,9,,Other / Unclassified,,neutral,0,0,none,finnhub,finnhub,stock_market_proxy,False,False,recomputed
COOTW,3,5.0,3.95,3.93,2.4,C,9,,Other / Unclassified,,neutral,0,0,none,polygon,polygon,stock_market_proxy,False,False,recomputed
COP,1,5.35,5.77,5.71,74.5,A,1,Oil & Gas E&P,"Energy, Power & Utilities",-8.1,neutral,7,7,high,finnhub,finnhub,stock_market_proxy,False,False,recomputed
COR,3,5.0,3.95,3.93,2.4,C,9,,Other / Unclassified,,neutral,0,0,none,finnhub,finnhub,stock_market_proxy,False,False,recomputed
CORT,1,4.94,3.62,3.62,1.8,A,9,Biotechnology,Other / Unclassified,-3.2,low_volume,8,8,high,finnhub,finnhub,stock_market_proxy,False,False,recomputed
CORZ,1,6.05,9.43,9.26,94.0,A,3,Software - Infrastructure,"Compute, Data Center & Network Infrastructure",-45.3,neutral,7,7,high,finnhub,finnhub,stock_market_proxy,False,False,recomputed
COSM,1,5.0,3.94,3.93,2.4,C,9,,Other / Unclassified,,neutral,0,0,none,finnhub,finnhub,stock_market_proxy,False,False,recomputed
COST,1,4.9,3.41,3.42,0.9,A,9,Discount Stores,Other / Unclassified,-13.8,neutral,7,7,high,finnhub,finnhub,stock_market_proxy,False,False,recomputed
CPA,1,5.0,3.94,3.93,2.4,C,9,,Other / Unclassified,,neutral,0,0,none,finnhub,finnhub,stock_market_proxy,False,False,recomputed
CPAC,1,5.0,3.94,3.93,2.4,C,9,,Other / Unclassified,,neutral,0,0,none,finnhub,finnhub,stock_market_proxy,False,False,recomputed
CPBI,3,5.56,6.7,6.77,83.9,A,9,Banks - Regional,Other / Unclassified,-6.8,neutral,7,7,high,polygon,polygon,stock_market_proxy,False,False,recomputed
CPF,1,5.0,3.94,3.93,2.4,C,9,,Other / Unclassified,,neutral,0,0,none,finnhub,finnhub,stock_market_proxy,False,False,recomputed
CPHI,3,5.0,3.95,3.93,2.4,C,9,,Other / Unclassified,,neutral,0,0,none,finnhub,finnhub,stock_market_proxy,False,False,recomputed
CPRI,1,5.0,3.94,3.93,2.4,C,9,,Other / Unclassified,,neutral,0,0,none,finnhub,finnhub,stock_market_proxy,False,False,recomputed
CPRT,1,6.03,9.32,9.16,93.6,A,9,Specialty Business Services,Other / Unclassified,-41.8,neutral,6,6,high,finnhub,finnhub,stock_market_proxy,False,False,recomputed
CPSH,1,5.0,3.94,3.93,2.4,C,9,,Other / Unclassified,,neutral,0,0,none,finnhub,finnhub,stock_market_proxy,False,False,recomputed
CPSS,3,5.49,6.36,6.42,81.9,A,6,Credit Services,"Enterprise Software, Services & Automation",-8.2,neutral,6,6,high,polygon,polygon,stock_market_proxy,False,False,recomputed
CPT,1,5.0,3.94,3.93,2.4,C,9,,Other / Unclassified,,neutral,0,0,none,finnhub,finnhub,stock_market_proxy,False,False,recomputed
CR,3,5.0,3.95,3.93,2.4,C,9,,Other / Unclassified,,neutral,0,0,none,simulated,simulated,neutral_default,False,False,recomputed
CRACW,3,5.0,3.95,3.93,2.4,C,9,,Other / Unclassified,,neutral,0,0,none,finnhub,finnhub,stock_market_proxy,False,False,recomputed
CRAQR,1,5.0,3.94,3.93,2.4,C,9,,Other / Unclassified,,neutral,0,0,none,finnhub,finnhub,stock_market_proxy,False,False,recomputed
CRBG,3,5.0,3.95,3.93,2.4,C,9,,Other / Unclassified,,neutral,0,0,none,simulated,simulated,neutral_default,False,False,recomputed
CRBP,3,5.0,3.95,3.93,2.4,C,9,,Other / Unclassified,,neutral,0,0,none,simulated,simulated,neutral_default,False,False,recomputed
CRC,3,5.0,3.95,3.93,2.4,C,9,,Other / Unclassified,,neutral,0,0,none,simulated,simulated,neutral_default,False,False,recomputed
CRDL,3,5.0,3.95,3.93,2.4,C,9,,Other / Unclassified,,neutral,0,0,none,finnhub,finnhub,stock_market_proxy,False,False,recomputed
CRDO,3,5.0,3.95,3.93,2.4,C,9,,Other / Unclassified,,neutral,0,0,none,finnhub,finnhub,stock_market_proxy,False,False,recomputed
CRF,1,5.0,3.94,3.93,2.4,C,9,,Other / Unclassified,,neutral,0,0,none,finnhub,finnhub,stock_market_proxy,False,False,recomputed
CRGOW,1,5.79,8.07,7.94,89.4,C,6,,"Enterprise Software, Services & Automation",,neutral,2,2,partial,finnhub,finnhub,stock_market_proxy,False,False,recomputed
CRL,3,5.0,3.95,3.93,2.4,C,9,,Other / Unclassified,,neutral,0,0,none,polygon,polygon,stock_market_proxy,False,False,recomputed
CRM,1,5.7,7.6,7.49,87.4,A,6,Software - Application,"Enterprise Software, Services & Automation",-15.1,low_volume,8,8,high,finnhub,finnhub,stock_market_proxy,False,False,recomputed
CRML,1,5.0,3.94,3.93,2.4,C,9,,Other / Unclassified,,neutral,0,0,none,finnhub,finnhub,stock_market_proxy,False,False,recomputed
CRMLW,3,5.0,3.95,3.93,2.4,C,9,,Other / Unclassified,,neutral,0,0,none,polygon,polygon,stock_market_proxy,False,False,recomputed
CRMT,1,5.0,3.94,3.93,2.4,C,9,,Other / Unclassified,,neutral,0,0,none,finnhub,finnhub,stock_market_proxy,False,False,recomputed
CRS,3,5.0,3.95,3.93,2.4,C,9,,Other / Unclassified,,neutral,0,0,none,simulated,simulated,neutral_default,False,False,recomputed
CRSP,1,5.0,3.94,3.93,2.4,C,9,,Other / Unclassified,,neutral,0,0,none,finnhub,finnhub,stock_market_proxy,False,False,recomputed
CRSR,3,5.0,3.95,3.93,2.4,C,9,,Other / Unclassified,,neutral,0,0,none,finnhub,finnhub,stock_market_proxy,False,False,recomputed
CRUS,3,5.0,3.95,3.93,2.4,C,9,,Other / Unclassified,,neutral,0,0,none,simulated,simulated,neutral_default,False,False,recomputed
CRWD,1,5.41,6.08,6.01,79.0,C,7,,"Cybersecurity, Identity & Data Protection",,neutral,0,0,none,finnhub,finnhub,stock_market_proxy,False,False,recomputed
CRWV,1,5.91,8.7,8.55,91.7,A,3,Software - Infrastructure,"Compute, Data Center & Network Infrastructure",-38.2,neutral,7,7,high,finnhub,finnhub,stock_market_proxy,False,False,recomputed
CSAI,3,5.0,3.95,3.93,2.4,C,9,,Other / Unclassified,,neutral,0,0,none,polygon,polygon,stock_market_proxy,False,False,recomputed
CSCO,1,5.35,5.77,5.71,74.5,C,3,,"Compute, Data Center & Network Infrastructure",,neutral,0,0,none,finnhub,finnhub,stock_market_proxy,False,False,recomputed
CSGP,1,5.0,3.94,3.93,2.4,C,9,,Other / Unclassified,,neutral,0,0,none,finnhub,finnhub,stock_market_proxy,False,False,recomputed
CSIQ,1,5.35,5.77,5.71,74.5,C,1,,"Energy, Power & Utilities",,neutral,0,0,none,finnhub,finnhub,stock_market_proxy,False,False,recomputed
CSPI,1,5.71,7.65,7.54,87.9,A,3,Information Technology Services,"Compute, Data Center & Network Infrastructure",-49.3,neutral,7,7,high,finnhub,finnhub,stock_market_proxy,False,False,recomputed
CSQ,3,5.0,3.95,3.93,2.4,C,9,,Other / Unclassified,,neutral,0,0,none,simulated,simulated,neutral_default,False,False,recomputed
CSR,1,5.13,4.62,4.59,68.5,A,9,REIT - Residential,Other / Unclassified,-18.8,low_volume,7,7,high,finnhub,finnhub,stock_market_proxy,False,False,recomputed
CSTL,1,5.0,3.94,3.93,2.4,C,9,,Other / Unclassified,,neutral,0,0,none,finnhub,finnhub,stock_market_proxy,False,False,recomputed
CSV,1,5.0,3.94,3.93,2.4,C,9,,Other / Unclassified,,neutral,0,0,none,finnhub,finnhub,stock_market_proxy,False,False,recomputed
CTAA,1,5.0,3.94,3.93,2.4,C,9,,Other / Unclassified,,neutral,0,0,none,finnhub,finnhub,stock_market_proxy,False,False,recomputed
CTAAR,1,5.0,3.94,3.93,2.4,C,9,,Other / Unclassified,,neutral,0,0,none,finnhub,finnhub,stock_market_proxy,False,False,recomputed
CTAS,1,5.0,3.94,3.93,2.4,C,9,,Other / Unclassified,,neutral,0,0,none,finnhub,finnhub,stock_market_proxy,False,False,recomputed
CTBI,1,5.63,7.23,7.13,86.1,A,9,Banks - Regional,Other / Unclassified,-5.5,elevated_volume,7,7,high,finnhub,finnhub,stock_market_proxy,False,False,recomputed
CTDD,3,5.0,3.95,3.93,2.4,C,9,,Other / Unclassified,,neutral,0,0,none,simulated,simulated,neutral_default,False,False,recomputed
CTEV,1,6.4,10.0,10.0,96.5,A,6,Health Information Services,"Enterprise Software, Services & Automation",-64.9,elevated_volume,8,8,high,finnhub,finnhub,stock_market_proxy,False,False,recomputed
CTKB,1,5.0,3.94,3.93,2.4,C,9,,Other / Unclassified,,neutral,0,0,none,finnhub,finnhub,stock_market_proxy,False,False,recomputed
CTM,3,5.0,3.95,3.93,2.4,C,9,,Other / Unclassified,,neutral,0,0,none,simulated,simulated,neutral_default,False,False,recomputed
CTOS,1,5.52,6.66,6.57,82.8,A,1,Rental & Leasing Services,"Energy, Power & Utilities",-21.1,neutral,7,7,high,finnhub,finnhub,stock_market_proxy,False,False,recomputed
CTRS,1,5.0,3.94,3.93,2.4,C,9,,Other / Unclassified,,neutral,0,0,none,simulated,simulated,neutral_default,False,False,recomputed
CTS,3,5.0,3.95,3.93,2.4,C,9,,Other / Unclassified,,neutral,0,0,none,simulated,simulated,neutral_default,False,False,recomputed
CTSH,1,5.84,8.33,8.2,90.3,A,6,Information Technology Services,"Enterprise Software, Services & Automation",-33.0,neutral,6,6,high,finnhub,finnhub,stock_market_proxy,False,False,recomputed
CTW,2,4.85,3.14,3.17,0.5,B,9,Electronic Gaming & Multimedia,Other / Unclassified,-26.9,low_volume,7,7,high,simulated,simulated,neutral_default,False,False,recomputed
CUBB,1,5.31,5.56,5.5,72.9,B,9,,Other / Unclassified,-7.5,neutral,4,4,substantial,finnhub,finnhub,stock_market_proxy,False,False,recomputed
CUBE,1,5.08,4.36,4.34,67.6,A,9,REIT - Industrial,Other / Unclassified,-11.1,neutral,6,6,high,finnhub,finnhub,stock_market_proxy,False,False,recomputed
CUPR,1,5.0,3.94,3.93,2.4,C,9,,Other / Unclassified,,neutral,0,0,none,finnhub,finnhub,stock_market_proxy,False,False,recomputed
CURR,2,5.0,3.9,3.93,2.4,C,9,,Other / Unclassified,,neutral,0,0,none,simulated,simulated,neutral_default,False,False,recomputed
CUZ,1,5.0,3.94,3.93,2.4,C,9,,Other / Unclassified,,neutral,0,0,none,finnhub,finnhub,stock_market_proxy,False,False,recomputed
CVBF,3,5.0,3.95,3.93,2.4,C,9,,Other / Unclassified,,neutral,0,0,none,simulated,simulated,neutral_default,False,False,recomputed
CVCO,3,5.0,3.95,3.93,2.4,C,9,,Other / Unclassified,,neutral,0,0,none,polygon,polygon,stock_market_proxy,False,False,recomputed
CVEO,3,5.0,3.95,3.93,2.4,C,9,,Other / Unclassified,,neutral,0,0,none,finnhub,finnhub,stock_market_proxy,False,False,recomputed
CVLT,1,5.0,3.94,3.93,2.4,C,9,,Other / Unclassified,,neutral,0,0,none,finnhub,finnhub,stock_market_proxy,False,False,recomputed
CVNA,1,5.0,3.94,3.93,2.4,C,9,,Other / Unclassified,,neutral,0,0,none,finnhub,finnhub,stock_market_proxy,False,False,recomputed
CVR,1,5.0,3.94,3.93,2.4,C,9,,Other / Unclassified,,neutral,0,0,none,finnhub,finnhub,stock_market_proxy,False,False,recomputed
CVRX,1,5.0,3.94,3.93,2.4,C,9,,Other / Unclassified,,neutral,0,0,none,finnhub,finnhub,stock_market_proxy,False,False,recomputed
CVS,1,5.0,3.94,3.93,2.4,C,9,,Other / Unclassified,,neutral,0,0,none,finnhub,finnhub,stock_market_proxy,False,False,recomputed
CVU,3,4.92,3.55,3.52,1.4,A,9,Aerospace & Defense,Other / Unclassified,-13.0,neutral,7,7,high,finnhub,finnhub,stock_market_proxy,False,False,recomputed
CVX,1,5.55,6.81,6.72,83.7,A,1,Oil & Gas Integrated,"Energy, Power & Utilities",-5.8,low_volume,8,8,high,finnhub,finnhub,stock_market_proxy,False,False,recomputed
CW,3,5.0,3.95,3.93,2.4,C,9,,Other / Unclassified,,neutral,0,0,none,simulated,simulated,neutral_default,False,False,recomputed
CX,1,5.0,3.94,3.93,2.4,C,9,,Other / Unclassified,,neutral,0,0,none,finnhub,finnhub,stock_market_proxy,False,False,recomputed
CXAI,2,7.14,10.0,10.0,96.5,B,5,Software - Application,"AI Platforms, Models & Quantum",-96.0,dark_pool_buying,8,8,high,simulated,simulated,neutral_default,False,False,recomputed
CXAIW,3,5.0,3.95,3.93,2.4,C,9,,Other / Unclassified,,neutral,0,0,none,simulated,simulated,neutral_default,False,False,recomputed
CXE,3,5.0,3.95,3.93,2.4,C,9,,Other / Unclassified,,neutral,0,0,none,simulated,simulated,neutral_default,False,False,recomputed
CXH,3,5.0,3.95,3.93,2.4,C,9,,Other / Unclassified,,neutral,0,0,none,simulated,simulated,neutral_default,False,False,recomputed
CXM,1,5.0,3.94,3.93,2.4,C,9,,Other / Unclassified,,neutral,0,0,none,finnhub,finnhub,stock_market_proxy,False,False,recomputed
CYCU,3,5.0,3.95,3.93,2.4,C,9,,Other / Unclassified,,neutral,0,0,none,finnhub,finnhub,stock_market_proxy,False,False,recomputed
CYCUW,1,5.0,3.94,3.93,2.4,C,9,,Other / Unclassified,,neutral,0,0,none,finnhub,finnhub,stock_market_proxy,False,False,recomputed
CYTK,1,5.0,3.94,3.93,2.4,C,9,,Other / Unclassified,,neutral,0,0,none,finnhub,finnhub,stock_market_proxy,False,False,recomputed
CZFS,1,5.0,3.94,3.93,2.4,C,9,,Other / Unclassified,,neutral,0,0,none,finnhub,finnhub,stock_market_proxy,False,False,recomputed
CZR,1,5.78,8.02,7.89,89.2,A,9,Resorts & Casinos,Other / Unclassified,-3.0,neutral,6,6,high,finnhub,finnhub,stock_market_proxy,False,False,recomputed
D,1,5.81,8.17,8.05,89.8,A,1,Utilities - Regulated Electric,"Energy, Power & Utilities",-13.3,neutral,7,7,high,finnhub,finnhub,stock_market_proxy,False,False,recomputed
DAR,1,5.56,6.87,6.77,83.9,A,9,Packaged Foods,Other / Unclassified,-12.2,neutral,7,7,high,finnhub,finnhub,stock_market_proxy,False,False,recomputed
DASH,1,5.73,7.75,7.64,88.0,A,8,Internet Retail,"Fintech, Payments & Digital Assets",-32.0,neutral,7,7,high,finnhub,finnhub,stock_market_proxy,False,False,recomputed
DASTY,3,5.0,3.95,3.93,2.4,C,9,,Other / Unclassified,,neutral,0,0,none,simulated,simulated,neutral_default,False,False,recomputed
DAVA,1,5.0,3.94,3.93,2.4,C,9,,Other / Unclassified,,neutral,0,0,none,finnhub,finnhub,stock_market_proxy,False,False,recomputed
DAVEW,3,5.0,3.95,3.93,2.4,C,9,,Other / Unclassified,,neutral,0,0,none,simulated,simulated,neutral_default,False,False,recomputed
DB,3,5.33,5.57,5.61,73.8,B,9,Banks - Regional,Other / Unclassified,-19.3,neutral,6,6,high,simulated,simulated,neutral_default,False,False,recomputed
DBL,1,5.0,3.94,3.93,2.4,C,9,,Other / Unclassified,,neutral,0,0,none,finnhub,finnhub,stock_market_proxy,False,False,recomputed
DBRG,3,5.73,7.54,7.64,88.0,C,3,Asset Management,"Compute, Data Center & Network Infrastructure",,neutral,3,3,partial,finnhub,finnhub,stock_market_proxy,False,False,recomputed
DBVT,3,6.16,9.65,9.82,95.5,A,9,Biotechnology,Other / Unclassified,-60.2,elevated_volume,7,7,high,finnhub,finnhub,stock_market_proxy,False,False,recomputed
DBX,3,5.35,5.67,5.71,74.5,C,4,,"Cloud, Data & Developer Infrastructure",,neutral,0,0,none,simulated,simulated,neutral_default,False,False,recomputed
DCGO,3,5.0,3.95,3.93,2.4,C,9,,Other / Unclassified,,neutral,0,0,none,polygon,polygon,stock_market_proxy,False,False,recomputed
DCI,1,5.52,6.66,6.57,82.8,A,1,Specialty Industrial Machinery,"Energy, Power & Utilities",-20.3,neutral,7,7,high,finnhub,finnhub,stock_market_proxy,False,False,recomputed
DCO,1,5.0,3.94,3.93,2.4,C,9,,Other / Unclassified,,neutral,0,0,none,finnhub,finnhub,stock_market_proxy,False,False,recomputed
DCOM,3,5.0,3.95,3.93,2.4,C,9,,Other / Unclassified,,neutral,0,0,none,simulated,simulated,neutral_default,False,False,recomputed
DCOY,1,5.74,7.81,7.69,88.4,A,9,Biotechnology,Other / Unclassified,-97.1,low_volume,6,6,high,finnhub,finnhub,stock_market_proxy,False,False,recomputed
DCTH,1,5.49,6.5,6.42,81.9,A,9,Medical Devices,Other / Unclassified,-11.4,neutral,7,7,high,finnhub,finnhub,stock_market_proxy,False,False,recomputed
DCX,1,5.0,3.94,3.93,2.4,C,9,,Other / Unclassified,,neutral,0,0,none,finnhub,finnhub,stock_market_proxy,False,False,recomputed
DD,3,5.13,4.59,4.59,68.5,B,9,Specialty Chemicals,Other / Unclassified,-14.2,low_volume,7,7,high,simulated,simulated,neutral_default,False,False,recomputed
DDC,1,5.0,3.94,3.93,2.4,C,9,,Other / Unclassified,,neutral,0,0,none,finnhub,finnhub,stock_market_proxy,False,False,recomputed
DDD,3,5.0,3.95,3.93,2.4,C,9,,Other / Unclassified,,neutral,0,0,none,simulated,simulated,neutral_default,False,False,recomputed
DDOG,1,5.35,5.77,5.71,74.5,C,4,,"Cloud, Data & Developer Infrastructure",,neutral,0,0,none,finnhub,finnhub,stock_market_proxy,False,False,recomputed
DDS,1,5.0,3.94,3.93,2.4,C,9,,Other / Unclassified,,neutral,0,0,none,finnhub,finnhub,stock_market_proxy,False,False,recomputed
DE,1,5.0,3.94,3.93,2.4,C,9,,Other / Unclassified,,neutral,0,0,none,finnhub,finnhub,stock_market_proxy,False,False,recomputed
DEA,3,5.0,3.95,3.93,2.4,C,9,,Other / Unclassified,,neutral,0,0,none,finnhub,finnhub,stock_market_proxy,False,False,recomputed
DECK,1,5.19,4.93,4.89,69.8,A,9,Footwear & Accessories,Other / Unclassified,-33.5,neutral,7,7,high,finnhub,finnhub,stock_market_proxy,False,False,recomputed
DEI,1,5.0,3.94,3.93,2.4,C,9,,Other / Unclassified,,neutral,0,0,none,finnhub,finnhub,stock_market_proxy,False,False,recomputed
DELL,1,5.35,5.77,5.71,74.5,C,3,,"Compute, Data Center & Network Infrastructure",,neutral,0,0,none,finnhub,finnhub,stock_market_proxy,False,False,recomputed
DERM,3,5.0,3.95,3.93,2.4,C,9,,Other / Unclassified,,neutral,0,0,none,simulated,simulated,neutral_default,False,False,recomputed
DEVS,1,5.0,3.94,3.93,2.4,C,9,,Other / Unclassified,,neutral,0,0,none,finnhub,finnhub,stock_market_proxy,False,False,recomputed
DFDVW,1,5.0,3.94,3.93,2.4,C,9,,Other / Unclassified,,neutral,0,0,none,finnhub,finnhub,stock_market_proxy,False,False,recomputed
DFNS,1,5.0,3.94,3.93,2.4,C,9,,Other / Unclassified,,neutral,0,0,none,finnhub,finnhub,stock_market_proxy,False,False,recomputed
DFP,3,5.31,5.47,5.5,72.9,B,9,Asset Management,Other / Unclassified,-10.1,neutral,5,5,substantial,simulated,simulated,neutral_default,False,False,recomputed
DG,1,5.42,6.13,6.06,80.5,A,9,Discount Stores,Other / Unclassified,-20.7,neutral,7,7,high,finnhub,finnhub,stock_market_proxy,False,False,recomputed
DGII,1,5.73,7.75,7.64,88.0,A,3,Communication Equipment,"Compute, Data Center & Network Infrastructure",-11.8,neutral,7,7,high,finnhub,finnhub,stock_market_proxy,False,False,recomputed
DGX,1,5.64,7.28,7.18,86.3,A,9,Diagnostics & Research,Other / Unclassified,-7.9,neutral,7,7,high,finnhub,finnhub,stock_market_proxy,False,False,recomputed
DGXX,1,6.19,10.0,9.98,96.2,A,3,Utilities - Independent Power Producers,"Compute, Data Center & Network Infrastructure",-60.5,neutral,7,7,high,finnhub,finnhub,stock_market_proxy,False,False,recomputed
DHF,3,5.0,3.95,3.93,2.4,C,9,,Other / Unclassified,,neutral,0,0,none,simulated,simulated,neutral_default,False,False,recomputed
DHI,1,5.66,7.39,7.28,86.6,A,9,Residential Construction,Other / Unclassified,-20.1,elevated_volume,7,7,high,finnhub,finnhub,stock_market_proxy,False,False,recomputed
DHR,1,5.0,3.94,3.93,2.4,C,9,,Other / Unclassified,,neutral,0,0,none,finnhub,finnhub,stock_market_proxy,False,False,recomputed
DINO,1,5.0,3.94,3.93,2.4,C,9,,Other / Unclassified,,neutral,0,0,none,finnhub,finnhub,stock_market_proxy,False,False,recomputed
DIOD,3,5.41,5.96,6.01,79.0,C,2,,Semiconductors & Chip Tools,,neutral,0,0,none,simulated,simulated,neutral_default,False,False,recomputed
DIS,1,5.0,3.94,3.93,2.4,C,9,,Other / Unclassified,,neutral,0,0,none,finnhub,finnhub,stock_market_proxy,False,False,recomputed
DJCO,2,5.7,7.48,7.49,87.4,B,6,Software - Application,"Enterprise Software, Services & Automation",-7.7,low_volume,8,8,high,simulated,simulated,neutral_default,False,False,recomputed
DLHC,1,5.7,7.6,7.49,87.4,A,7,Specialty Business Services,"Cybersecurity, Identity & Data Protection",-36.1,neutral,7,7,high,finnhub,finnhub,stock_market_proxy,False,False,recomputed
DLR,1,5.35,5.77,5.71,74.5,C,3,,"Compute, Data Center & Network Infrastructure",,neutral,0,0,none,finnhub,finnhub,stock_market_proxy,False,False,recomputed
DLTEY,3,5.0,3.95,3.93,2.4,C,9,,Other / Unclassified,,neutral,0,0,none,simulated,simulated,neutral_default,False,False,recomputed
DLTR,1,5.0,3.94,3.93,2.4,C,9,,Other / Unclassified,,neutral,0,0,none,finnhub,finnhub,stock_market_proxy,False,False,recomputed
DLXY,1,5.0,3.94,3.93,2.4,C,9,,Other / Unclassified,,neutral,0,0,none,finnhub,finnhub,stock_market_proxy,False,False,recomputed
DLY,3,5.0,3.95,3.93,2.4,C,9,,Other / Unclassified,,neutral,0,0,none,polygon,polygon,stock_market_proxy,False,False,recomputed
DMAA,3,5.0,3.95,3.93,2.4,C,9,,Other / Unclassified,,neutral,0,0,none,polygon,polygon,stock_market_proxy,False,False,recomputed
DMAAR,1,5.0,3.94,3.93,2.4,C,9,,Other / Unclassified,,neutral,0,0,none,finnhub,finnhub,stock_market_proxy,False,False,recomputed
DMAAU,3,4.58,1.88,1.79,0.0,A,9,Shell Companies,Other / Unclassified,-6.1,low_volume,6,6,high,finnhub,finnhub,stock_market_proxy,False,False,recomputed
DMII,1,5.0,3.94,3.93,2.4,C,9,,Other / Unclassified,,neutral,0,0,none,simulated,simulated,neutral_default,False,False,recomputed
DMIIR,1,5.0,3.94,3.93,2.4,C,9,,Other / Unclassified,,neutral,1,1,partial,simulated,simulated,neutral_default,False,False,recomputed
DMO,1,5.0,3.94,3.93,2.4,C,9,,Other / Unclassified,,neutral,0,0,none,simulated,simulated,neutral_default,False,False,recomputed
DMRA,2,5.0,3.9,3.93,2.4,C,9,,Other / Unclassified,,neutral,0,0,none,simulated,simulated,neutral_default,False,False,recomputed
DMRC,1,5.0,3.94,3.93,2.4,C,9,,Other / Unclassified,,neutral,0,0,none,simulated,simulated,neutral_default,False,False,recomputed
DNA,1,5.66,7.39,7.28,86.6,B,9,Biotechnology,Other / Unclassified,-28.7,dark_pool_buying,8,8,high,simulated,simulated,neutral_default,False,False,recomputed
DNLI,1,5.0,3.94,3.93,2.4,C,9,,Other / Unclassified,,neutral,0,0,none,simulated,simulated,neutral_default,False,False,recomputed
DNN,1,5.35,5.77,5.71,74.5,C,1,,"Energy, Power & Utilities",,neutral,0,0,none,simulated,simulated,neutral_default,False,False,recomputed
DNPLY,3,5.0,3.95,3.93,2.4,C,9,,Other / Unclassified,,neutral,0,0,none,simulated,simulated,neutral_default,False,False,recomputed
DNUT,3,5.94,8.57,8.71,92.3,A,9,Grocery Stores,Other / Unclassified,-37.9,neutral,7,7,high,finnhub,finnhub,stock_market_proxy,False,False,recomputed
DOC,1,5.0,3.94,3.93,2.4,C,9,,Other / Unclassified,,neutral,0,0,none,simulated,simulated,neutral_default,False,False,recomputed
DOCN,1,5.35,5.77,5.71,74.5,C,4,,"Cloud, Data & Developer Infrastructure",,neutral,0,0,none,simulated,simulated,neutral_default,False,False,recomputed
DOCU,1,5.0,3.94,3.93,2.4,C,9,,Other / Unclassified,,neutral,0,0,none,simulated,simulated,neutral_default,False,False,recomputed
DOLE,1,5.27,5.35,5.3,72.1,B,9,Farm Products,Other / Unclassified,-20.4,neutral,6,6,high,simulated,simulated,neutral_default,False,False,recomputed
DOMO,3,5.35,5.67,5.71,74.5,C,6,,"Enterprise Software, Services & Automation",,neutral,0,0,none,simulated,simulated,neutral_default,False,False,recomputed
DOO,1,5.0,3.94,3.93,2.4,C,9,,Other / Unclassified,,neutral,0,0,none,simulated,simulated,neutral_default,False,False,recomputed
DORM,3,5.0,3.95,3.93,2.4,C,9,,Other / Unclassified,,neutral,0,0,none,simulated,simulated,neutral_default,False,False,recomputed
DOV,1,5.0,3.94,3.93,2.4,C,9,,Other / Unclassified,,neutral,0,0,none,simulated,simulated,neutral_default,False,False,recomputed
DOW,1,5.0,3.94,3.93,2.4,C,9,,Other / Unclassified,,neutral,0,0,none,simulated,simulated,neutral_default,False,False,recomputed
DPG,3,5.0,3.95,3.93,2.4,C,9,,Other / Unclassified,,neutral,0,0,none,polygon,polygon,stock_market_proxy,False,False,recomputed
DPRO,1,5.0,3.94,3.93,2.4,C,9,,Other / Unclassified,,neutral,0,0,none,simulated,simulated,neutral_default,False,False,recomputed
DPZ,1,5.0,3.94,3.93,2.4,C,9,,Other / Unclassified,,neutral,0,0,none,simulated,simulated,neutral_default,False,False,recomputed
DQ,1,5.0,3.94,3.93,2.4,C,9,,Other / Unclassified,,neutral,0,0,none,simulated,simulated,neutral_default,False,False,recomputed
DRAM,1,5.0,3.94,3.93,2.4,C,9,,Other / Unclassified,,neutral,0,0,none,simulated,simulated,neutral_default,False,False,recomputed
DRDB,3,5.92,8.47,8.6,92.1,A,7,Shell Companies,"Cybersecurity, Identity & Data Protection",-0.1,dark_pool_buying,6,6,high,polygon,polygon,stock_market_proxy,False,False,recomputed
DRI,2,5.0,3.9,3.93,2.4,C,9,,Other / Unclassified,,neutral,0,0,none,simulated,simulated,neutral_default,False,False,recomputed
DRVN,3,5.0,3.95,3.93,2.4,C,9,,Other / Unclassified,,neutral,0,0,none,finnhub,finnhub,stock_market_proxy,False,False,recomputed
DSAC,1,5.54,6.76,6.67,83.4,B,9,Shell Companies,Other / Unclassified,-0.8,low_volume,5,5,substantial,simulated,simulated,neutral_default,False,False,recomputed
DSACU,3,4.9,3.45,3.42,0.9,B,9,Shell Companies,Other / Unclassified,-1.1,neutral,4,4,substantial,polygon,polygon,stock_market_proxy,False,False,recomputed
DSCSY,3,5.4,5.91,5.96,78.9,B,2,Semiconductor Equipment & Materials,Semiconductors & Chip Tools,-30.7,low_volume,7,7,high,simulated,simulated,neutral_default,False,False,recomputed
DSGR,2,5.0,3.9,3.93,2.4,C,9,,Other / Unclassified,,neutral,0,0,none,simulated,simulated,neutral_default,False,False,recomputed
DSL,1,5.56,6.87,6.77,83.9,B,9,Asset Management,Other / Unclassified,-10.1,neutral,5,5,substantial,simulated,simulated,neutral_default,False,False,recomputed
DSP,2,5.0,3.9,3.93,2.4,C,9,,Other / Unclassified,,neutral,0,0,none,simulated,simulated,neutral_default,False,False,recomputed
DSX,3,5.0,3.95,3.93,2.4,C,9,,Other / Unclassified,,neutral,0,0,none,finnhub,finnhub,stock_market_proxy,False,False,recomputed
DSYWW,1,5.0,3.94,3.93,2.4,C,9,,Other / Unclassified,,neutral,0,0,none,simulated,simulated,neutral_default,False,False,recomputed
DT,3,5.35,5.67,5.71,74.5,C,4,,"Cloud, Data & Developer Infrastructure",,neutral,0,0,none,simulated,simulated,neutral_default,False,False,recomputed
DTCRF,3,5.0,3.95,3.93,2.4,C,9,,Other / Unclassified,,neutral,0,0,none,simulated,simulated,neutral_default,False,False,recomputed
DTE,1,5.0,3.94,3.93,2.4,C,9,,Other / Unclassified,,neutral,0,0,none,simulated,simulated,neutral_default,False,False,recomputed
DTK,2,5.31,5.49,5.5,72.9,B,9,,Other / Unclassified,-18.3,neutral,4,4,substantial,simulated,simulated,neutral_default,False,False,recomputed
DTSS,1,5.0,3.94,3.93,2.4,C,9,,Other / Unclassified,,neutral,0,0,none,simulated,simulated,neutral_default,False,False,recomputed
DTW,1,5.0,3.94,3.93,2.4,C,9,,Other / Unclassified,,neutral,0,0,none,simulated,simulated,neutral_default,False,False,recomputed
DUK,1,5.81,8.17,8.05,89.8,B,1,Utilities - Regulated Electric,"Energy, Power & Utilities",-11.9,neutral,6,6,high,simulated,simulated,neutral_default,False,False,recomputed
DUO,3,5.0,3.95,3.93,2.4,C,9,,Other / Unclassified,,neutral,0,0,none,finnhub,finnhub,stock_market_proxy,False,False,recomputed
DUOL,2,5.35,5.69,5.71,74.5,C,6,,"Enterprise Software, Services & Automation",,neutral,0,0,none,simulated,simulated,neutral_default,False,False,recomputed
DV,1,5.0,3.94,3.93,2.4,C,9,,Other / Unclassified,,neutral,0,0,none,simulated,simulated,neutral_default,False,False,recomputed
DVA,1,5.0,3.94,3.93,2.4,C,9,,Other / Unclassified,,neutral,0,0,none,simulated,simulated,neutral_default,False,False,recomputed
DVN,1,5.26,5.3,5.25,71.9,B,1,Oil & Gas E&P,"Energy, Power & Utilities",-6.8,low_volume,8,8,high,simulated,simulated,neutral_default,False,False,recomputed
DXC,2,5.0,3.9,3.93,2.4,C,9,,Other / Unclassified,,neutral,0,0,none,simulated,simulated,neutral_default,False,False,recomputed
DXCM,1,5.0,3.94,3.93,2.4,C,9,,Other / Unclassified,,neutral,0,0,none,simulated,simulated,neutral_default,False,False,recomputed
DY,3,5.0,3.95,3.93,2.4,C,9,,Other / Unclassified,,neutral,0,0,none,simulated,simulated,neutral_default,False,False,recomputed
DYN,1,5.0,3.94,3.93,2.4,C,9,,Other / Unclassified,,neutral,0,0,none,simulated,simulated,neutral_default,False,False,recomputed
DYNCW,3,5.0,3.95,3.93,2.4,C,9,,Other / Unclassified,,neutral,0,0,none,polygon,polygon,stock_market_proxy,False,False,recomputed
E,1,5.0,3.94,3.93,2.4,C,9,,Other / Unclassified,,neutral,0,0,none,simulated,simulated,neutral_default,False,False,recomputed
EA,1,5.0,3.94,3.93,2.4,C,9,,Other / Unclassified,,neutral,0,0,none,simulated,simulated,neutral_default,False,False,recomputed
EAD,1,5.0,3.94,3.93,2.4,C,9,,Other / Unclassified,,neutral,0,0,none,simulated,simulated,neutral_default,False,False,recomputed
EARN,3,6.17,9.7,9.87,95.7,A,9,Asset Management,Other / Unclassified,-28.7,dark_pool_buying,7,7,high,polygon,polygon,stock_market_proxy,False,False,recomputed
EAT,1,5.0,3.94,3.93,2.4,C,9,,Other / Unclassified,,neutral,0,0,none,simulated,simulated,neutral_default,False,False,recomputed
EBAY,1,5.15,4.72,4.69,68.9,B,9,Internet Retail,Other / Unclassified,-9.0,low_volume,8,8,high,simulated,simulated,neutral_default,False,False,recomputed
EBMT,1,5.0,3.94,3.93,2.4,C,9,,Other / Unclassified,,neutral,0,0,none,simulated,simulated,neutral_default,False,False,recomputed
EC,3,5.0,3.95,3.93,2.4,C,9,,Other / Unclassified,,neutral,0,0,none,simulated,simulated,neutral_default,False,False,recomputed
ECAT,3,5.0,3.95,3.93,2.4,C,9,,Other / Unclassified,,neutral,0,0,none,simulated,simulated,neutral_default,False,False,recomputed
ECBK,1,5.19,4.93,4.89,69.8,B,9,Banks - Regional,Other / Unclassified,-2.9,low_volume,7,7,high,simulated,simulated,neutral_default,False,False,recomputed
ECCC,1,4.93,3.57,3.57,1.5,B,9,Asset Management,Other / Unclassified,-3.9,neutral,6,6,high,simulated,simulated,neutral_default,False,False,recomputed
ECCV,1,5.0,3.94,3.93,2.4,C,9,,Other / Unclassified,,neutral,0,0,none,simulated,simulated,neutral_default,False,False,recomputed
ECCX,3,5.0,3.95,3.93,2.4,C,9,,Other / Unclassified,,neutral,0,0,none,polygon,polygon,stock_market_proxy,False,False,recomputed
ECG,1,5.0,3.94,3.93,2.4,C,9,,Other / Unclassified,,neutral,0,0,none,simulated,simulated,neutral_default,False,False,recomputed
ECL,1,5.0,3.94,3.93,2.4,C,9,,Other / Unclassified,,neutral,0,0,none,simulated,simulated,neutral_default,False,False,recomputed
ECO,3,5.61,6.95,7.03,85.2,B,9,Marine Shipping,Other / Unclassified,-0.6,neutral,7,7,high,simulated,simulated,neutral_default,False,False,recomputed
ECX,1,5.0,3.94,3.93,2.4,C,9,,Other / Unclassified,,neutral,0,0,none,simulated,simulated,neutral_default,False,False,recomputed
ED,1,5.0,3.94,3.93,2.4,C,9,,Other / Unclassified,,neutral,0,0,none,simulated,simulated,neutral_default,False,False,recomputed
EDBLW,1,5.0,3.94,3.93,2.4,C,9,,Other / Unclassified,,neutral,3,3,partial,simulated,simulated,neutral_default,False,False,recomputed
EDD,1,5.31,5.56,5.5,72.9,B,9,Asset Management,Other / Unclassified,-9.7,neutral,5,5,substantial,simulated,simulated,neutral_default,False,False,recomputed
EDF,1,5.84,8.33,8.2,90.3,B,9,Asset Management,Other / Unclassified,-13.4,elevated_volume,6,6,high,simulated,simulated,neutral_default,False,False,recomputed
EDIT,1,5.61,7.13,7.03,85.2,B,9,Biotechnology,Other / Unclassified,-33.7,neutral,6,6,high,simulated,simulated,neutral_default,False,False,recomputed
EDN,3,5.0,3.95,3.93,2.4,C,9,,Other / Unclassified,,neutral,0,0,none,simulated,simulated,neutral_default,False,False,recomputed
EDRY,1,5.0,3.94,3.93,2.4,C,9,,Other / Unclassified,,neutral,0,0,none,simulated,simulated,neutral_default,False,False,recomputed
EEIQ,1,5.0,3.94,3.93,2.4,C,9,,Other / Unclassified,,neutral,0,0,none,simulated,simulated,neutral_default,False,False,recomputed
EFSC,1,5.67,7.44,7.33,87.1,B,9,Banks - Regional,Other / Unclassified,-13.8,neutral,5,5,substantial,simulated,simulated,neutral_default,False,False,recomputed
EFSI,3,5.0,3.95,3.93,2.4,C,9,,Other / Unclassified,,neutral,0,0,none,simulated,simulated,neutral_default,False,False,recomputed
EFT,1,4.93,3.57,3.57,1.5,B,9,Asset Management,Other / Unclassified,-3.9,neutral,6,6,high,simulated,simulated,neutral_default,False,False,recomputed
EFX,1,5.0,3.94,3.93,2.4,C,9,,Other / Unclassified,,neutral,0,0,none,simulated,simulated,neutral_default,False,False,recomputed
EGBN,3,5.0,3.95,3.93,2.4,C,9,,Other / Unclassified,,neutral,0,0,none,finnhub,finnhub,stock_market_proxy,False,False,recomputed
EGY,1,5.66,7.39,7.28,86.6,B,1,Oil & Gas E&P,"Energy, Power & Utilities",-11.3,neutral,7,7,high,simulated,simulated,neutral_default,False,False,recomputed
EHGO,1,6.66,10.0,10.0,96.5,B,9,Business Equipment & Supplies,Other / Unclassified,-93.5,dark_pool_buying,8,8,high,simulated,simulated,neutral_default,False,False,recomputed
EHLD,1,5.0,3.94,3.93,2.4,C,9,,Other / Unclassified,,neutral,0,0,none,simulated,simulated,neutral_default,False,False,recomputed
EIIA,2,5.0,3.9,3.93,2.4,C,9,,Other / Unclassified,,neutral,0,0,none,simulated,simulated,neutral_default,False,False,recomputed
EIKN,1,5.0,3.94,3.93,2.4,C,9,,Other / Unclassified,,neutral,0,0,none,simulated,simulated,neutral_default,False,False,recomputed
EIM,1,4.93,3.57,3.57,1.5,B,9,Asset Management,Other / Unclassified,-11.4,neutral,6,6,high,simulated,simulated,neutral_default,False,False,recomputed
EIX,1,5.0,3.94,3.93,2.4,C,9,,Other / Unclassified,,neutral,0,0,none,simulated,simulated,neutral_default,False,False,recomputed
EKSO,1,5.0,3.94,3.93,2.4,C,9,,Other / Unclassified,,neutral,0,0,none,simulated,simulated,neutral_default,False,False,recomputed
EL,1,5.42,6.13,6.06,80.5,B,9,Household & Personal Products,Other / Unclassified,-20.2,neutral,7,7,high,simulated,simulated,neutral_default,False,False,recomputed
ELAB,1,5.94,8.85,8.71,92.3,B,9,Biotechnology,Other / Unclassified,-99.9,neutral,6,6,high,simulated,simulated,neutral_default,False,False,recomputed
ELAN,1,5.38,5.92,5.86,78.2,B,9,Drug Manufacturers - Specialty & Generic,Other / Unclassified,-16.7,neutral,7,7,high,simulated,simulated,neutral_default,False,False,recomputed
ELBM,3,5.0,3.95,3.93,2.4,C,9,,Other / Unclassified,,neutral,0,0,none,simulated,simulated,neutral_default,False,False,recomputed
ELC,1,5.0,3.94,3.93,2.4,C,9,,Other / Unclassified,,neutral,0,0,none,simulated,simulated,neutral_default,False,False,recomputed
ELDN,3,5.57,6.75,6.83,84.5,A,9,Biotechnology,Other / Unclassified,-44.5,neutral,5,5,substantial,finnhub,finnhub,stock_market_proxy,False,False,recomputed
ELLO,1,5.0,3.94,3.93,2.4,C,9,,Other / Unclassified,,neutral,0,0,none,simulated,simulated,neutral_default,False,False,recomputed
ELMD,1,5.0,3.94,3.93,2.4,C,9,,Other / Unclassified,,neutral,0,0,none,simulated,simulated,neutral_default,False,False,recomputed
ELME,1,5.95,8.9,8.76,92.6,B,9,REIT - Residential,Other / Unclassified,-45.0,dark_pool_buying,7,7,high,simulated,simulated,neutral_default,False,False,recomputed
ELTK,1,5.35,5.77,5.71,74.5,B,2,Electronic Components,Semiconductors & Chip Tools,-30.7,low_volume,8,8,high,simulated,simulated,neutral_default,False,False,recomputed
ELTX,1,5.0,3.94,3.93,2.4,C,9,,Other / Unclassified,,neutral,0,0,none,simulated,simulated,neutral_default,False,False,recomputed
ELUT,1,5.3,5.51,5.45,72.6,B,9,Medical Devices,Other / Unclassified,-32.8,elevated_volume,8,8,high,simulated,simulated,neutral_default,False,False,recomputed
ELV,1,5.0,3.94,3.93,2.4,C,9,,Other / Unclassified,,neutral,0,0,none,simulated,simulated,neutral_default,False,False,recomputed
EMA,3,7.16,10.0,10.0,96.5,B,1,Utilities - Regulated Electric,"Energy, Power & Utilities",-16.1,dark_pool_buying,7,7,high,simulated,simulated,neutral_default,False,False,recomputed
EMBC,1,5.0,3.94,3.93,2.4,C,9,,Other / Unclassified,,neutral,0,0,none,simulated,simulated,neutral_default,False,False,recomputed
EMBJ,3,5.0,3.95,3.93,2.4,C,9,,Other / Unclassified,,neutral,0,0,none,simulated,simulated,neutral_default,False,False,recomputed
EME,3,5.56,6.7,6.77,83.9,B,1,Engineering & Construction,"Energy, Power & Utilities",-16.8,neutral,7,7,high,simulated,simulated,neutral_default,False,False,recomputed
EMF,1,5.0,3.94,3.93,2.4,B,9,Asset Management,Other / Unclassified,-7.3,neutral,6,6,high,simulated,simulated,neutral_default,False,False,recomputed
EMN,1,5.0,3.94,3.93,2.4,C,9,,Other / Unclassified,,neutral,0,0,none,simulated,simulated,neutral_default,False,False,recomputed
EMO,3,5.0,3.95,3.93,2.4,C,9,,Other / Unclassified,,neutral,0,0,none,polygon,polygon,stock_market_proxy,False,False,recomputed
EMPD,3,5.0,3.95,3.93,2.4,C,9,,Other / Unclassified,,neutral,0,0,none,finnhub,finnhub,stock_market_proxy,False,False,recomputed
EMR,1,5.35,5.77,5.71,74.5,C,1,,"Energy, Power & Utilities",,neutral,0,0,none,simulated,simulated,neutral_default,False,False,recomputed
ENB,1,5.0,3.94,3.93,2.4,C,9,,Other / Unclassified,,neutral,0,0,none,simulated,simulated,neutral_default,False,False,recomputed
ENJ,1,5.0,3.94,3.93,2.4,C,9,,Other / Unclassified,,neutral,0,0,none,simulated,simulated,neutral_default,False,False,recomputed
ENOV,1,5.0,3.94,3.93,2.4,C,9,,Other / Unclassified,,neutral,0,0,none,simulated,simulated,neutral_default,False,False,recomputed
ENPH,1,5.35,5.77,5.71,74.5,C,1,,"Energy, Power & Utilities",,neutral,0,0,none,simulated,simulated,neutral_default,False,False,recomputed
ENR,1,5.0,3.94,3.93,2.4,C,9,,Other / Unclassified,,neutral,0,0,none,simulated,simulated,neutral_default,False,False,recomputed
ENTG,1,5.41,6.08,6.01,79.0,C,2,,Semiconductors & Chip Tools,,neutral,0,0,none,simulated,simulated,neutral_default,False,False,recomputed
ENVA,3,6.1,9.36,9.52,94.7,A,6,Credit Services,"Enterprise Software, Services & Automation",-30.6,neutral,7,7,high,finnhub,finnhub,stock_market_proxy,False,False,recomputed
ENVB,1,5.0,3.94,3.93,2.4,C,9,,Other / Unclassified,,neutral,0,0,none,simulated,simulated,neutral_default,False,False,recomputed
ENVX,1,5.0,3.94,3.93,2.4,C,9,,Other / Unclassified,,neutral,0,0,none,simulated,simulated,neutral_default,False,False,recomputed
EOG,1,5.0,3.94,3.93,2.4,C,9,,Other / Unclassified,,neutral,0,0,none,simulated,simulated,neutral_default,False,False,recomputed
EONR,3,5.0,3.95,3.93,2.4,C,9,,Other / Unclassified,,neutral,0,0,none,simulated,simulated,neutral_default,False,False,recomputed
EOT,3,5.84,8.08,8.2,90.3,B,9,Asset Management,Other / Unclassified,-13.1,elevated_volume,6,6,high,simulated,simulated,neutral_default,False,False,recomputed
EPAM,1,5.0,3.94,3.93,2.4,C,9,,Other / Unclassified,,neutral,0,0,none,simulated,simulated,neutral_default,False,False,recomputed
EPC,3,5.0,3.95,3.93,2.4,C,9,,Other / Unclassified,,neutral,0,0,none,finnhub,finnhub,stock_market_proxy,False,False,recomputed
EPD,1,5.0,3.94,3.93,2.4,C,9,,Other / Unclassified,,neutral,0,0,none,simulated,simulated,neutral_default,False,False,recomputed
EPM,3,5.0,3.95,3.93,2.4,C,9,,Other / Unclassified,,neutral,0,0,none,finnhub,finnhub,stock_market_proxy,False,False,recomputed
EPRX,1,5.0,3.94,3.93,2.4,C,9,,Other / Unclassified,,neutral,0,0,none,simulated,simulated,neutral_default,False,False,recomputed
EPSM,1,5.0,3.94,3.93,2.4,C,9,,Other / Unclassified,,neutral,0,0,none,simulated,simulated,neutral_default,False,False,recomputed
EQ,1,5.0,3.94,3.93,2.4,C,9,,Other / Unclassified,,neutral,0,0,none,simulated,simulated,neutral_default,False,False,recomputed
EQIX,1,5.73,7.75,7.64,88.0,B,3,REIT - Specialty,"Compute, Data Center & Network Infrastructure",-7.1,neutral,7,7,high,simulated,simulated,neutral_default,False,False,recomputed
EQPT,3,5.0,3.95,3.93,2.4,C,9,,Other / Unclassified,,neutral,0,0,none,simulated,simulated,neutral_default,False,False,recomputed
EQR,1,5.0,3.94,3.93,2.4,C,9,REIT - Residential,Other / Unclassified,,neutral,3,3,partial,simulated,simulated,neutral_default,False,False,recomputed
EQS,3,5.0,3.95,3.93,2.4,C,9,,Other / Unclassified,,neutral,0,0,none,simulated,simulated,neutral_default,False,False,recomputed
EQT,1,5.0,3.94,3.93,2.4,C,9,,Other / Unclassified,,neutral,0,0,none,simulated,simulated,neutral_default,False,False,recomputed
ERAS,3,5.0,3.95,3.93,2.4,C,9,,Other / Unclassified,,neutral,0,0,none,polygon,polygon,stock_market_proxy,False,False,recomputed
ERC,2,5.61,7.02,7.03,85.2,B,9,Asset Management,Other / Unclassified,-7.8,elevated_volume,6,6,high,simulated,simulated,neutral_default,False,False,recomputed
ERH,1,5.22,5.09,5.05,70.2,B,9,Asset Management,Other / Unclassified,-14.2,elevated_volume,7,7,high,simulated,simulated,neutral_default,False,False,recomputed
ERIC,1,5.0,3.94,3.93,2.4,C,9,,Other / Unclassified,,neutral,0,0,none,simulated,simulated,neutral_default,False,False,recomputed
ERII,3,5.0,3.95,3.93,2.4,C,9,,Other / Unclassified,,neutral,0,0,none,finnhub,finnhub,stock_market_proxy,False,False,recomputed
ERO,3,5.15,4.68,4.69,68.9,A,9,Copper,Other / Unclassified,-9.0,neutral,7,7,high,finnhub,finnhub,stock_market_proxy,False,False,recomputed
ES,1,5.0,3.94,3.93,2.4,C,9,,Other / Unclassified,,neutral,0,0,none,simulated,simulated,neutral_default,False,False,recomputed
ESAB,3,5.63,7.04,7.13,86.1,A,9,Metal Fabrication,Other / Unclassified,-50.0,neutral,7,7,high,polygon,polygon,stock_market_proxy,False,False,recomputed
ESEA,1,5.23,5.14,5.1,70.4,B,9,Marine Shipping,Other / Unclassified,-7.2,neutral,6,6,high,simulated,simulated,neutral_default,False,False,recomputed
ESLAW,1,5.0,3.94,3.93,2.4,C,9,,Other / Unclassified,,neutral,0,0,none,simulated,simulated,neutral_default,False,False,recomputed
ESQ,1,5.0,3.94,3.93,2.4,C,9,,Other / Unclassified,,neutral,0,0,none,simulated,simulated,neutral_default,False,False,recomputed
ESS,1,5.0,3.94,3.93,2.4,C,9,,Other / Unclassified,,neutral,0,0,none,simulated,simulated,neutral_default,False,False,recomputed
ESTC,1,5.4,6.03,5.96,78.9,B,4,Software - Application,"Cloud, Data & Developer Infrastructure",-6.8,low_volume,8,8,high,simulated,simulated,neutral_default,False,False,recomputed
ET,1,5.0,3.94,3.93,2.4,C,9,,Other / Unclassified,,neutral,0,0,none,simulated,simulated,neutral_default,False,False,recomputed
ETD,3,5.42,6.01,6.06,80.5,A,9,"Furnishings, Fixtures & Appliances",Other / Unclassified,-9.1,neutral,7,7,high,finnhub,finnhub,stock_market_proxy,False,False,recomputed
ETJ,1,6.03,9.32,9.16,93.6,B,9,Asset Management,Other / Unclassified,-3.8,dark_pool_buying,6,6,high,simulated,simulated,neutral_default,False,False,recomputed
ETN,1,5.35,5.77,5.71,74.5,B,1,Specialty Industrial Machinery,"Energy, Power & Utilities",-6.2,neutral,7,7,high,simulated,simulated,neutral_default,False,False,recomputed
ETOR,1,5.0,3.94,3.93,2.4,C,9,,Other / Unclassified,,neutral,0,0,none,simulated,simulated,neutral_default,False,False,recomputed
ETR,1,5.35,5.77,5.71,74.5,C,1,,"Energy, Power & Utilities",,neutral,0,0,none,simulated,simulated,neutral_default,False,False,recomputed
ETSY,1,5.0,3.94,3.93,2.4,C,9,,Other / Unclassified,,neutral,0,0,none,simulated,simulated,neutral_default,False,False,recomputed
ETV,1,5.0,3.94,3.93,2.4,C,9,,Other / Unclassified,,neutral,0,0,none,simulated,simulated,neutral_default,False,False,recomputed
ETW,1,5.0,3.94,3.93,2.4,C,9,,Other / Unclassified,,neutral,0,0,none,simulated,simulated,neutral_default,False,False,recomputed
EU,3,5.35,5.67,5.71,74.5,C,1,,"Energy, Power & Utilities",,neutral,0,0,none,simulated,simulated,neutral_default,False,False,recomputed
EUDA,1,5.0,3.94,3.93,2.4,C,9,,Other / Unclassified,,neutral,0,0,none,simulated,simulated,neutral_default,False,False,recomputed
EUDAW,1,5.23,5.14,5.1,70.4,C,9,,Other / Unclassified,,neutral,3,3,partial,simulated,simulated,neutral_default,False,False,recomputed
EURKR,3,5.0,3.95,3.93,2.4,C,9,,Other / Unclassified,,neutral,0,0,none,finnhub,finnhub,stock_market_proxy,False,False,recomputed
EVAC,1,5.31,5.56,5.5,72.9,B,9,Shell Companies,Other / Unclassified,-0.1,neutral,5,5,substantial,simulated,simulated,neutral_default,False,False,recomputed
EVEX,1,6.4,10.0,10.0,96.5,B,9,Aerospace & Defense,Other / Unclassified,-66.5,neutral,5,5,substantial,simulated,simulated,neutral_default,False,False,recomputed
EVG,3,5.22,5.03,5.05,70.2,A,9,Asset Management,Other / Unclassified,-5.6,elevated_volume,7,7,high,finnhub,finnhub,stock_market_proxy,False,False,recomputed
EVGN,1,5.74,7.81,7.69,88.4,B,5,Biotechnology,"AI Platforms, Models & Quantum",-71.9,low_volume,8,8,high,simulated,simulated,neutral_default,False,False,recomputed
EVGO,1,5.0,3.94,3.93,2.4,C,9,,Other / Unclassified,,neutral,0,0,none,simulated,simulated,neutral_default,False,False,recomputed
EVH,1,5.61,7.13,7.03,85.2,B,9,Health Information Services,Other / Unclassified,-49.4,neutral,7,7,high,simulated,simulated,neutral_default,False,False,recomputed
EVN,3,5.0,3.95,3.93,2.4,C,9,,Other / Unclassified,,neutral,0,0,none,finnhub,finnhub,stock_market_proxy,False,False,recomputed
EVOXU,1,5.0,3.94,3.93,2.4,C,9,,Other / Unclassified,,neutral,0,0,none,simulated,simulated,neutral_default,False,False,recomputed
EVR,1,5.0,3.94,3.93,2.4,C,9,,Other / Unclassified,,neutral,0,0,none,simulated,simulated,neutral_default,False,False,recomputed
EVRG,1,5.0,3.94,3.93,2.4,C,9,,Other / Unclassified,,neutral,0,0,none,simulated,simulated,neutral_default,False,False,recomputed
EVTC,3,5.49,6.36,6.42,81.9,B,8,Software - Infrastructure,"Fintech, Payments & Digital Assets",-11.0,neutral,7,7,high,simulated,simulated,neutral_default,False,False,recomputed
EVTL,1,5.0,3.94,3.93,2.4,C,9,,Other / Unclassified,,neutral,0,0,none,simulated,simulated,neutral_default,False,False,recomputed
EWBC,1,5.0,3.94,3.93,2.4,C,9,,Other / Unclassified,,neutral,0,0,none,simulated,simulated,neutral_default,False,False,recomputed
EWCZ,3,5.0,3.95,3.93,2.4,C,9,,Other / Unclassified,,neutral,0,0,none,simulated,simulated,neutral_default,False,False,recomputed
EXC,1,5.35,5.77,5.71,74.5,C,1,,"Energy, Power & Utilities",,neutral,0,0,none,simulated,simulated,neutral_default,False,False,recomputed
EXEL,1,5.0,3.94,3.93,2.4,C,9,,Other / Unclassified,,neutral,0,0,none,simulated,simulated,neutral_default,False,False,recomputed
EXK,1,5.0,3.94,3.93,2.4,C,9,,Other / Unclassified,,neutral,0,0,none,simulated,simulated,neutral_default,False,False,recomputed
EXPD,1,5.38,5.92,5.86,78.2,B,9,Integrated Freight & Logistics,Other / Unclassified,-1.7,neutral,7,7,high,simulated,simulated,neutral_default,False,False,recomputed
EXPE,1,5.0,3.94,3.93,2.4,C,9,,Other / Unclassified,,neutral,0,0,none,simulated,simulated,neutral_default,False,False,recomputed
EXPI,1,5.0,3.94,3.93,2.4,C,9,,Other / Unclassified,,neutral,0,0,none,simulated,simulated,neutral_default,False,False,recomputed
EXPO,1,5.15,4.72,4.69,68.9,B,9,Engineering & Construction,Other / Unclassified,-12.4,neutral,6,6,high,simulated,simulated,neutral_default,False,False,recomputed
EXR,1,5.08,4.36,4.34,67.6,B,9,REIT - Industrial,Other / Unclassified,-12.8,neutral,6,6,high,simulated,simulated,neutral_default,False,False,recomputed
EXTR,1,5.36,5.82,5.76,77.6,B,3,Communication Equipment,"Compute, Data Center & Network Infrastructure",-27.0,neutral,7,7,high,simulated,simulated,neutral_default,False,False,recomputed
EYPT,3,5.0,3.95,3.93,2.4,C,9,,Other / Unclassified,,neutral,0,0,none,polygon,polygon,stock_market_proxy,False,False,recomputed
EZGO,1,5.0,3.94,3.93,2.4,C,9,,Other / Unclassified,,neutral,0,0,none,simulated,simulated,neutral_default,False,False,recomputed
EZPW,1,5.0,3.94,3.93,2.4,C,9,,Other / Unclassified,,neutral,0,0,none,simulated,simulated,neutral_default,False,False,recomputed
EZRA,1,5.0,3.94,3.93,2.4,C,9,,Other / Unclassified,,neutral,0,0,none,simulated,simulated,neutral_default,False,False,recomputed
F,1,5.0,3.94,3.93,2.4,C,9,,Other / Unclassified,,neutral,0,0,none,simulated,simulated,neutral_default,False,False,recomputed
FA,3,5.0,3.95,3.93,2.4,C,9,,Other / Unclassified,,neutral,0,0,none,simulated,simulated,neutral_default,False,False,recomputed
FACT,1,5.35,5.77,5.71,74.5,B,9,,Other / Unclassified,-0.0,elevated_volume,5,5,substantial,simulated,simulated,neutral_default,False,False,recomputed
FAMI,1,5.0,3.94,3.93,2.4,C,9,,Other / Unclassified,,neutral,0,0,none,simulated,simulated,neutral_default,False,False,recomputed
FANG,1,5.0,3.94,3.93,2.4,C,9,,Other / Unclassified,,neutral,0,0,none,simulated,simulated,neutral_default,False,False,recomputed
FAST,1,5.0,3.94,3.93,2.4,C,9,,Other / Unclassified,,neutral,0,0,none,simulated,simulated,neutral_default,False,False,recomputed
FAX,1,5.0,3.94,3.93,2.4,C,9,,Other / Unclassified,,neutral,0,0,none,simulated,simulated,neutral_default,False,False,recomputed
FBGL,1,5.0,3.94,3.93,2.4,C,9,,Other / Unclassified,,neutral,0,0,none,simulated,simulated,neutral_default,False,False,recomputed
FBIZ,1,5.0,3.94,3.93,2.4,C,9,,Other / Unclassified,,neutral,0,0,none,simulated,simulated,neutral_default,False,False,recomputed
FCBC,1,5.0,3.94,3.93,2.4,C,9,,Other / Unclassified,,neutral,0,0,none,simulated,simulated,neutral_default,False,False,recomputed
FCCO,1,5.34,5.71,5.66,74.1,B,6,Banks - Regional,"Enterprise Software, Services & Automation",-7.2,low_volume,7,7,high,simulated,simulated,neutral_default,False,False,recomputed
FCEL,1,5.77,7.96,7.84,89.1,B,3,Electrical Equipment & Parts,"Compute, Data Center & Network Infrastructure",-49.0,neutral,7,7,high,simulated,simulated,neutral_default,False,False,recomputed
FCHL,1,5.0,3.94,3.93,2.4,C,9,,Other / Unclassified,,neutral,0,0,none,simulated,simulated,neutral_default,False,False,recomputed
FCNCA,1,5.0,3.94,3.93,2.4,C,9,,Other / Unclassified,,neutral,0,0,none,simulated,simulated,neutral_default,False,False,recomputed
FCNCN,1,5.0,3.94,3.93,2.4,C,9,,Other / Unclassified,,neutral,0,0,none,simulated,simulated,neutral_default,False,False,recomputed
FCNCO,1,5.73,7.75,7.64,88.0,B,8,Banks - Regional,"Fintech, Payments & Digital Assets",-16.8,neutral,6,6,high,simulated,simulated,neutral_default,False,False,recomputed
FCNCP,1,5.0,3.94,3.93,2.4,C,9,,Other / Unclassified,,neutral,0,0,none,simulated,simulated,neutral_default,False,False,recomputed
FCPT,1,5.0,3.94,3.93,2.4,C,9,,Other / Unclassified,,neutral,0,0,none,simulated,simulated,neutral_default,False,False,recomputed
FCRS,1,5.22,5.09,5.05,70.2,B,9,Shell Companies,Other / Unclassified,-0.9,low_volume,5,5,substantial,simulated,simulated,neutral_default,False,False,recomputed
FCUUF,3,5.23,5.08,5.1,70.4,C,9,,Other / Unclassified,,neutral,0,0,none,simulated,simulated,neutral_default,False,False,recomputed
FCUV,3,5.0,3.95,3.93,2.4,C,9,,Other / Unclassified,,neutral,0,0,none,simulated,simulated,neutral_default,False,False,recomputed
FCX,1,4.85,3.15,3.17,0.5,B,9,Copper,Other / Unclassified,-10.1,neutral,7,7,high,simulated,simulated,neutral_default,False,False,recomputed
FDBC,1,5.15,4.72,4.69,68.9,B,9,Banks - Regional,Other / Unclassified,-1.3,neutral,6,6,high,simulated,simulated,neutral_default,False,False,recomputed
FDMT,1,5.0,3.94,3.93,2.4,C,9,,Other / Unclassified,,neutral,0,0,none,simulated,simulated,neutral_default,False,False,recomputed
FDUS,3,5.0,3.95,3.93,2.4,C,9,,Other / Unclassified,,neutral,0,0,none,finnhub,finnhub,stock_market_proxy,False,False,recomputed
FDX,1,5.0,3.94,3.93,2.4,C,9,,Other / Unclassified,,neutral,0,0,none,simulated,simulated,neutral_default,False,False,recomputed
FE,1,5.0,3.94,3.93,2.4,C,9,,Other / Unclassified,,neutral,0,0,none,simulated,simulated,neutral_default,False,False,recomputed
FEAM,1,6.23,10.0,10.0,96.5,B,9,Specialty Chemicals,Other / Unclassified,-55.8,dark_pool_buying,6,6,high,simulated,simulated,neutral_default,False,False,recomputed
FEDU,3,5.0,3.95,3.93,2.4,C,9,,Other / Unclassified,,neutral,0,0,none,finnhub,finnhub,stock_market_proxy,False,False,recomputed
FEED,3,5.0,3.95,3.93,2.4,C,9,,Other / Unclassified,,neutral,0,0,none,finnhub,finnhub,stock_market_proxy,False,False,recomputed
FEIM,3,5.18,4.83,4.84,69.6,A,2,Communication Equipment,Semiconductors & Chip Tools,-11.1,neutral,7,7,high,polygon,polygon,stock_market_proxy,False,False,recomputed
FELE,1,5.52,6.66,6.57,82.8,B,3,Specialty Industrial Machinery,"Compute, Data Center & Network Infrastructure",-11.1,neutral,7,7,high,simulated,simulated,neutral_default,False,False,recomputed
FER,1,6.39,10.0,10.0,96.5,B,9,Engineering & Construction,Other / Unclassified,-31.3,dark_pool_buying,8,8,high,simulated,simulated,neutral_default,False,False,recomputed
FET,3,5.27,5.27,5.3,72.1,A,1,Oil & Gas Equipment & Services,"Energy, Power & Utilities",-5.8,neutral,6,6,high,finnhub,finnhub,stock_market_proxy,False,False,recomputed
FF,1,5.2,4.98,4.95,70.1,B,9,Specialty Chemicals,Other / Unclassified,-19.5,low_volume,8,8,high,simulated,simulated,neutral_default,False,False,recomputed
FFAIW,3,5.0,3.95,3.93,2.4,C,9,,Other / Unclassified,,neutral,0,0,none,simulated,simulated,neutral_default,False,False,recomputed
FFC,1,5.0,3.94,3.93,2.4,C,9,,Other / Unclassified,,neutral,0,0,none,simulated,simulated,neutral_default,False,False,recomputed
FFIC,3,5.0,3.95,3.93,2.4,C,9,,Other / Unclassified,,neutral,0,0,none,simulated,simulated,neutral_default,False,False,recomputed
FFIN,1,6.26,10.0,10.0,96.5,B,6,Banks - Regional,"Enterprise Software, Services & Automation",-13.4,neutral,6,6,high,simulated,simulated,neutral_default,False,False,recomputed
FFIV,1,5.0,3.94,3.93,2.4,C,9,,Other / Unclassified,,neutral,0,0,none,simulated,simulated,neutral_default,False,False,recomputed
FGBIP,1,5.0,3.94,3.93,2.4,C,9,,Other / Unclassified,,neutral,0,0,none,simulated,simulated,neutral_default,False,False,recomputed
FGII,2,5.0,3.9,3.93,2.4,C,9,,Other / Unclassified,,neutral,0,0,none,simulated,simulated,neutral_default,False,False,recomputed
FGIWW,1,5.0,3.94,3.93,2.4,C,9,,Other / Unclassified,,neutral,0,0,none,simulated,simulated,neutral_default,False,False,recomputed
FGMCR,1,5.0,3.94,3.93,2.4,C,9,,Other / Unclassified,,neutral,0,0,none,simulated,simulated,neutral_default,False,False,recomputed
FGN,1,5.0,3.94,3.93,2.4,C,9,,Other / Unclassified,,neutral,0,0,none,simulated,simulated,neutral_default,False,False,recomputed
FGNXP,1,5.0,3.94,3.93,2.4,C,9,,Other / Unclassified,,neutral,0,0,none,simulated,simulated,neutral_default,False,False,recomputed
FGSN,3,5.0,3.95,3.93,2.4,C,9,,Other / Unclassified,,neutral,0,0,none,finnhub,finnhub,stock_market_proxy,False,False,recomputed
FHI,1,5.0,3.94,3.93,2.4,C,9,,Other / Unclassified,,neutral,0,0,none,simulated,simulated,neutral_default,False,False,recomputed
FHTX,1,5.0,3.94,3.93,2.4,C,9,,Other / Unclassified,,neutral,0,0,none,simulated,simulated,neutral_default,False,False,recomputed
FICO,1,5.0,3.94,3.93,2.4,C,9,,Other / Unclassified,,neutral,0,0,none,simulated,simulated,neutral_default,False,False,recomputed
FIGR,1,5.0,3.94,3.93,2.4,C,9,,Other / Unclassified,,neutral,0,0,none,simulated,simulated,neutral_default,False,False,recomputed
FIGX,1,5.0,3.94,3.93,2.4,C,9,,Other / Unclassified,,neutral,0,0,none,simulated,simulated,neutral_default,False,False,recomputed
FINW,3,5.99,8.82,8.96,93.2,A,9,Banks - Regional,Other / Unclassified,-43.8,neutral,6,6,high,finnhub,finnhub,stock_market_proxy,False,False,recomputed
FIS,1,5.35,5.77,5.71,74.5,C,8,,"Fintech, Payments & Digital Assets",,neutral,0,0,none,simulated,simulated,neutral_default,False,False,recomputed
FISV,1,5.35,5.77,5.71,74.5,C,8,,"Fintech, Payments & Digital Assets",,neutral,0,0,none,simulated,simulated,neutral_default,False,False,recomputed
FITB,1,5.0,3.94,3.93,2.4,C,9,,Other / Unclassified,,neutral,0,0,none,simulated,simulated,neutral_default,False,False,recomputed
FITBI,1,5.0,3.94,3.93,2.4,C,9,,Other / Unclassified,,neutral,0,0,none,simulated,simulated,neutral_default,False,False,recomputed
FITBM,1,5.0,3.94,3.93,2.4,C,9,,Other / Unclassified,,neutral,0,0,none,simulated,simulated,neutral_default,False,False,recomputed
FITBO,3,5.0,3.95,3.93,2.4,C,9,,Other / Unclassified,,neutral,0,0,none,simulated,simulated,neutral_default,False,False,recomputed
FIVE,1,5.75,7.86,7.74,88.7,B,9,Specialty Retail,Other / Unclassified,-22.3,neutral,7,7,high,simulated,simulated,neutral_default,False,False,recomputed
FIX,3,4.9,3.45,3.42,0.9,B,9,Engineering & Construction,Other / Unclassified,-15.7,neutral,7,7,high,simulated,simulated,neutral_default,False,False,recomputed
FJTSY,3,5.0,3.95,3.93,2.4,C,9,,Other / Unclassified,,neutral,0,0,none,simulated,simulated,neutral_default,False,False,recomputed
FLEX,3,5.0,3.95,3.93,2.4,C,9,,Other / Unclassified,,neutral,0,0,none,simulated,simulated,neutral_default,False,False,recomputed
FLG,1,5.0,3.94,3.93,2.4,C,9,,Other / Unclassified,,neutral,0,0,none,simulated,simulated,neutral_default,False,False,recomputed
FLNC,3,5.35,5.67,5.71,74.5,C,1,,"Energy, Power & Utilities",,neutral,0,0,none,simulated,simulated,neutral_default,False,False,recomputed
FLNG,3,6.19,9.8,9.98,96.2,B,1,Oil & Gas Midstream,"Energy, Power & Utilities",-5.0,neutral,7,7,high,simulated,simulated,neutral_default,False,False,recomputed
FLNT,1,5.0,3.94,3.93,2.4,C,9,,Other / Unclassified,,neutral,0,0,none,simulated,simulated,neutral_default,False,False,recomputed
FLR,1,5.0,3.94,3.93,2.4,C,9,,Other / Unclassified,,neutral,0,0,none,simulated,simulated,neutral_default,False,False,recomputed
FLS,1,5.0,3.94,3.93,2.4,C,9,,Other / Unclassified,,neutral,0,0,none,simulated,simulated,neutral_default,False,False,recomputed
FLUX,3,5.0,3.95,3.93,2.4,C,9,,Other / Unclassified,,neutral,0,0,none,polygon,polygon,stock_market_proxy,False,False,recomputed
FLWS,1,5.36,5.82,5.76,77.6,B,9,Specialty Retail,Other / Unclassified,-48.7,neutral,7,7,high,simulated,simulated,neutral_default,False,False,recomputed
FMACU,3,5.7,7.39,7.49,87.4,B,9,Shell Companies,Other / Unclassified,-1.5,elevated_volume,6,6,high,simulated,simulated,neutral_default,False,False,recomputed
FMAO,1,5.34,5.71,5.66,74.1,B,9,Banks - Regional,Other / Unclassified,-2.5,neutral,6,6,high,simulated,simulated,neutral_default,False,False,recomputed
FMC,1,6.12,9.79,9.62,94.9,B,9,Agricultural Inputs,Other / Unclassified,-69.5,elevated_volume,8,8,high,simulated,simulated,neutral_default,False,False,recomputed
FMST,1,6.78,10.0,10.0,96.5,B,1,Other Industrial Metals & Mining,"Energy, Power & Utilities",-87.0,dark_pool_buying,6,6,high,simulated,simulated,neutral_default,False,False,recomputed
FMX,2,5.08,4.31,4.34,67.6,B,9,Beverages - Brewers,Other / Unclassified,-11.4,neutral,7,7,high,simulated,simulated,neutral_default,False,False,recomputed
FMY,2,4.93,3.54,3.57,1.5,B,9,Asset Management,Other / Unclassified,-7.0,neutral,6,6,high,simulated,simulated,neutral_default,False,False,recomputed
FN,3,5.0,3.95,3.93,2.4,C,9,,Other / Unclassified,,neutral,0,0,none,simulated,simulated,neutral_default,False,False,recomputed
FNB,3,5.0,3.95,3.93,2.4,C,9,,Other / Unclassified,,neutral,0,0,none,finnhub,finnhub,stock_market_proxy,False,False,recomputed
FNF,1,5.0,3.94,3.93,2.4,C,9,,Other / Unclassified,,neutral,0,0,none,simulated,simulated,neutral_default,False,False,recomputed
FNKO,3,5.0,3.95,3.93,2.4,C,9,,Other / Unclassified,,neutral,0,0,none,polygon,polygon,stock_market_proxy,False,False,recomputed
FNUC,1,5.0,3.94,3.93,2.4,C,9,,Other / Unclassified,,neutral,0,0,none,simulated,simulated,neutral_default,False,False,recomputed
FNV,3,5.89,8.32,8.45,91.1,B,9,Gold,Other / Unclassified,-14.8,neutral,7,7,high,simulated,simulated,neutral_default,False,False,recomputed
FNWB,3,5.0,3.95,3.93,2.4,C,9,,Other / Unclassified,,neutral,0,0,none,finnhub,finnhub,stock_market_proxy,False,False,recomputed
FONR,1,5.0,3.94,3.93,2.4,C,9,,Other / Unclassified,,neutral,0,0,none,simulated,simulated,neutral_default,False,False,recomputed
FORA,3,5.0,3.95,3.93,2.4,C,9,,Other / Unclassified,,neutral,0,0,none,simulated,simulated,neutral_default,False,False,recomputed
FORM,1,5.47,6.39,6.32,81.5,B,2,Semiconductor Equipment & Materials,Semiconductors & Chip Tools,-12.6,dark_pool_buying,8,8,high,simulated,simulated,neutral_default,False,False,recomputed
FOSL,3,5.3,5.42,5.45,72.6,A,9,Footwear & Accessories,Other / Unclassified,-1.9,elevated_volume,7,7,high,polygon,polygon,stock_market_proxy,False,False,recomputed
FOUR,3,6.49,10.0,10.0,96.5,B,8,Software - Infrastructure,"Fintech, Payments & Digital Assets",-51.0,neutral,7,7,high,simulated,simulated,neutral_default,False,False,recomputed
FOXA,1,5.0,3.94,3.93,2.4,C,9,,Other / Unclassified,,neutral,0,0,none,simulated,simulated,neutral_default,False,False,recomputed
FOXF,1,5.54,6.76,6.67,83.4,B,9,Auto Parts,Other / Unclassified,-25.2,elevated_volume,7,7,high,simulated,simulated,neutral_default,False,False,recomputed
FPI,1,5.0,3.94,3.93,2.4,C,9,,Other / Unclassified,,neutral,0,0,none,simulated,simulated,neutral_default,False,False,recomputed
FRA,1,4.93,3.57,3.57,1.5,B,9,Asset Management,Other / Unclassified,-9.5,neutral,6,6,high,simulated,simulated,neutral_default,False,False,recomputed
FRME,1,5.42,6.13,6.06,80.5,B,9,Banks - Regional,Other / Unclassified,-12.4,neutral,5,5,substantial,simulated,simulated,neutral_default,False,False,recomputed
FRMI,1,6.3,10.0,10.0,96.5,B,1,REIT - Specialty,"Energy, Power & Utilities",-86.8,neutral,5,5,substantial,simulated,simulated,neutral_default,False,False,recomputed
FROG,3,5.03,4.09,4.08,67.4,B,4,Software - Application,"Cloud, Data & Developer Infrastructure",-5.7,low_volume,8,8,high,simulated,simulated,neutral_default,False,False,recomputed
FRPT,1,5.57,6.92,6.83,84.5,B,9,Packaged Foods,Other / Unclassified,-26.0,neutral,7,7,high,simulated,simulated,neutral_default,False,False,recomputed
FRSH,3,6.19,9.8,9.98,96.2,B,6,Software - Application,"Enterprise Software, Services & Automation",-2.3,elevated_volume,8,8,high,simulated,simulated,neutral_default,False,False,recomputed
FRST,3,5.52,6.5,6.57,82.8,A,6,Banks - Regional,"Enterprise Software, Services & Automation",-8.5,neutral,6,6,high,polygon,polygon,stock_market_proxy,False,False,recomputed
FSBC,1,5.0,3.94,3.93,2.4,C,9,,Other / Unclassified,,neutral,0,0,none,simulated,simulated,neutral_default,False,False,recomputed
FSHP,3,5.23,5.08,5.1,70.4,A,9,Shell Companies,Other / Unclassified,-2.2,low_volume,6,6,high,polygon,polygon,stock_market_proxy,False,False,recomputed
FSI,1,5.0,3.94,3.93,2.4,C,9,,Other / Unclassified,,neutral,0,0,none,simulated,simulated,neutral_default,False,False,recomputed
FSLR,1,6.02,9.27,9.11,93.6,B,1,Solar,"Energy, Power & Utilities",-43.4,neutral,6,6,high,simulated,simulated,neutral_default,False,False,recomputed
FSLY,3,5.0,3.95,3.93,2.4,C,9,,Other / Unclassified,,neutral,0,0,none,simulated,simulated,neutral_default,False,False,recomputed
FSP,1,5.0,3.94,3.93,2.4,C,9,,Other / Unclassified,,neutral,0,0,none,simulated,simulated,neutral_default,False,False,recomputed
FSS,1,5.0,3.94,3.93,2.4,C,9,,Other / Unclassified,,neutral,0,0,none,simulated,simulated,neutral_default,False,False,recomputed
FSTR,1,5.0,3.94,3.93,2.4,C,9,,Other / Unclassified,,neutral,0,0,none,simulated,simulated,neutral_default,False,False,recomputed
FSV,1,5.0,3.94,3.93,2.4,C,9,,Other / Unclassified,,neutral,0,0,none,simulated,simulated,neutral_default,False,False,recomputed
FT,1,5.0,3.94,3.93,2.4,C,9,,Other / Unclassified,,neutral,0,0,none,simulated,simulated,neutral_default,False,False,recomputed
FTAI,1,5.58,6.97,6.88,84.7,B,9,Aerospace & Defense,Other / Unclassified,-43.3,neutral,7,7,high,simulated,simulated,neutral_default,False,False,recomputed
FTAIM,1,5.0,3.94,3.93,2.4,C,9,,Other / Unclassified,,neutral,0,0,none,simulated,simulated,neutral_default,False,False,recomputed
FTAIN,1,5.0,3.94,3.93,2.4,C,9,,Other / Unclassified,,neutral,0,0,none,simulated,simulated,neutral_default,False,False,recomputed
FTCI,1,6.26,10.0,10.0,96.5,B,1,Solar,"Energy, Power & Utilities",-84.6,neutral,7,7,high,simulated,simulated,neutral_default,False,False,recomputed
FTF,3,5.61,6.95,7.03,85.2,B,9,Asset Management,Other / Unclassified,-6.4,elevated_volume,6,6,high,simulated,simulated,neutral_default,False,False,recomputed
FTI,1,5.0,3.94,3.93,2.4,C,9,,Other / Unclassified,,neutral,0,0,none,simulated,simulated,neutral_default,False,False,recomputed
FTLF,1,5.0,3.94,3.93,2.4,C,9,,Other / Unclassified,,neutral,0,0,none,simulated,simulated,neutral_default,False,False,recomputed
FTNT,1,5.18,4.88,4.84,69.6,B,7,Software - Infrastructure,"Cybersecurity, Identity & Data Protection",-1.0,neutral,7,7,high,simulated,simulated,neutral_default,False,False,recomputed
FTRK,1,5.0,3.94,3.93,2.4,C,9,,Other / Unclassified,,neutral,0,0,none,simulated,simulated,neutral_default,False,False,recomputed
FTS,1,5.0,3.94,3.93,2.4,C,9,,Other / Unclassified,,neutral,0,0,none,simulated,simulated,neutral_default,False,False,recomputed
FTV,1,5.15,4.72,4.69,68.9,B,9,Scientific & Technical Instruments,Other / Unclassified,-11.7,neutral,7,7,high,simulated,simulated,neutral_default,False,False,recomputed
FUJIY,3,5.0,3.95,3.93,2.4,C,9,,Other / Unclassified,,neutral,0,0,none,simulated,simulated,neutral_default,False,False,recomputed
FUL,1,5.0,3.94,3.93,2.4,C,9,,Other / Unclassified,,neutral,0,0,none,simulated,simulated,neutral_default,False,False,recomputed
FUNC,1,5.0,3.94,3.93,2.4,C,9,,Other / Unclassified,,neutral,0,0,none,simulated,simulated,neutral_default,False,False,recomputed
FUSEW,3,5.0,3.95,3.93,2.4,C,9,,Other / Unclassified,,neutral,0,0,none,simulated,simulated,neutral_default,False,False,recomputed
FUTU,1,6.18,10.0,9.93,96.0,B,8,Capital Markets,"Fintech, Payments & Digital Assets",-44.0,elevated_volume,8,8,high,simulated,simulated,neutral_default,False,False,recomputed
FUUFF,3,5.0,3.95,3.93,2.4,C,9,,Other / Unclassified,,neutral,0,0,none,simulated,simulated,neutral_default,False,False,recomputed
FVR,1,5.0,3.94,3.93,2.4,C,9,,Other / Unclassified,,neutral,0,0,none,simulated,simulated,neutral_default,False,False,recomputed
FVRR,1,5.0,3.94,3.93,2.4,C,9,,Other / Unclassified,,neutral,0,0,none,simulated,simulated,neutral_default,False,False,recomputed
FWRD,1,5.0,3.94,3.93,2.4,C,9,,Other / Unclassified,,neutral,0,0,none,simulated,simulated,neutral_default,False,False,recomputed
FWRG,1,5.54,6.76,6.67,83.4,B,9,Restaurants,Other / Unclassified,-43.7,neutral,7,7,high,simulated,simulated,neutral_default,False,False,recomputed
GAING,1,5.31,5.56,5.5,72.9,B,9,,Other / Unclassified,-1.0,neutral,4,4,substantial,simulated,simulated,neutral_default,False,False,recomputed
GALT,2,5.0,3.9,3.93,2.4,C,9,,Other / Unclassified,,neutral,0,0,none,simulated,simulated,neutral_default,False,False,recomputed
GAMB,1,5.0,3.94,3.93,2.4,C,9,,Other / Unclassified,,neutral,0,0,none,simulated,simulated,neutral_default,False,False,recomputed
GAP,3,5.0,3.95,3.93,2.4,C,9,,Other / Unclassified,,neutral,0,0,none,polygon,polygon,stock_market_proxy,False,False,recomputed
GASS,3,5.0,3.95,3.93,2.4,C,9,,Other / Unclassified,,neutral,0,0,none,polygon,polygon,stock_market_proxy,False,False,recomputed
GATX,1,5.0,3.94,3.93,2.4,C,9,,Other / Unclassified,,neutral,0,0,none,simulated,simulated,neutral_default,False,False,recomputed
GAU,1,5.0,3.94,3.93,2.4,C,9,,Other / Unclassified,,neutral,0,0,none,simulated,simulated,neutral_default,False,False,recomputed
GAUZ,1,5.0,3.94,3.93,2.4,C,9,,Other / Unclassified,,neutral,0,0,none,simulated,simulated,neutral_default,False,False,recomputed
GBDC,1,5.0,3.94,3.93,2.4,C,9,,Other / Unclassified,,neutral,0,0,none,simulated,simulated,neutral_default,False,False,recomputed
GBLI,3,5.0,3.95,3.93,2.4,C,9,,Other / Unclassified,,neutral,0,0,none,finnhub,finnhub,stock_market_proxy,False,False,recomputed
GBTG,1,5.0,3.94,3.93,2.4,C,9,,Other / Unclassified,,neutral,0,0,none,simulated,simulated,neutral_default,False,False,recomputed
GCBC,2,5.34,5.64,5.66,74.1,B,9,Banks - Regional,Other / Unclassified,-5.1,neutral,6,6,high,simulated,simulated,neutral_default,False,False,recomputed
GCT,1,5.26,5.3,5.25,71.9,B,4,Software - Infrastructure,"Cloud, Data & Developer Infrastructure",0.0,neutral,7,7,high,simulated,simulated,neutral_default,False,False,recomputed
GCTK,1,5.0,3.94,3.93,2.4,C,9,,Other / Unclassified,,neutral,0,0,none,simulated,simulated,neutral_default,False,False,recomputed
GCTS,1,5.0,3.94,3.93,2.4,C,9,,Other / Unclassified,,neutral,0,0,none,simulated,simulated,neutral_default,False,False,recomputed
GD,1,5.9,8.64,8.5,91.6,B,3,Aerospace & Defense,"Compute, Data Center & Network Infrastructure",-17.5,neutral,7,7,high,simulated,simulated,neutral_default,False,False,recomputed
GDC,3,5.0,3.95,3.93,2.4,C,9,,Other / Unclassified,,neutral,0,0,none,polygon,polygon,stock_market_proxy,False,False,recomputed
GDEV,1,5.0,3.94,3.93,2.4,C,9,,Other / Unclassified,,neutral,0,0,none,simulated,simulated,neutral_default,False,False,recomputed
GDL,3,5.0,3.95,3.93,2.4,C,9,,Other / Unclassified,,neutral,0,0,none,simulated,simulated,neutral_default,False,False,recomputed
GDOT,2,5.0,3.9,3.93,2.4,C,9,,Other / Unclassified,,neutral,0,0,none,simulated,simulated,neutral_default,False,False,recomputed
GDRX,3,5.0,3.95,3.93,2.4,C,9,,Other / Unclassified,,neutral,0,0,none,simulated,simulated,neutral_default,False,False,recomputed
GDS,1,5.0,3.94,3.93,2.4,C,9,,Other / Unclassified,,neutral,0,0,none,simulated,simulated,neutral_default,False,False,recomputed
GDTC,1,5.97,9.01,8.86,92.9,B,9,Biotechnology,Other / Unclassified,-63.6,elevated_volume,8,8,high,simulated,simulated,neutral_default,False,False,recomputed
GDV,3,5.08,4.34,4.34,67.6,B,9,Asset Management,Other / Unclassified,-7.5,neutral,6,6,high,simulated,simulated,neutral_default,False,False,recomputed
GDYN,3,5.0,3.95,3.93,2.4,C,9,,Other / Unclassified,,neutral,0,0,none,simulated,simulated,neutral_default,False,False,recomputed
GE,1,5.0,3.94,3.93,2.4,C,9,,Other / Unclassified,,neutral,0,0,none,simulated,simulated,neutral_default,False,False,recomputed
GECC,1,5.0,3.94,3.93,2.4,C,9,,Other / Unclassified,,neutral,0,0,none,simulated,simulated,neutral_default,False,False,recomputed
GECCH,1,5.0,3.94,3.93,2.4,C,9,,Other / Unclassified,,neutral,0,0,none,simulated,simulated,neutral_default,False,False,recomputed
GECCI,1,5.0,3.94,3.93,2.4,C,9,,Other / Unclassified,,neutral,0,0,none,simulated,simulated,neutral_default,False,False,recomputed
GECCO,3,5.0,3.95,3.93,2.4,C,9,,Other / Unclassified,,neutral,0,0,none,simulated,simulated,neutral_default,False,False,recomputed
GEHC,1,5.0,3.94,3.93,2.4,C,9,,Other / Unclassified,,neutral,0,0,none,simulated,simulated,neutral_default,False,False,recomputed
GEL,1,5.0,3.94,3.93,2.4,C,9,,Other / Unclassified,,neutral,0,0,none,simulated,simulated,neutral_default,False,False,recomputed
GELS,3,5.0,3.95,3.93,2.4,C,9,,Other / Unclassified,,neutral,0,0,none,polygon,polygon,stock_market_proxy,False,False,recomputed
GEMI,3,5.0,3.95,3.93,2.4,C,9,,Other / Unclassified,,neutral,0,0,none,finnhub,finnhub,stock_market_proxy,False,False,recomputed
GEN,1,5.0,3.94,3.93,2.4,C,9,,Other / Unclassified,,neutral,0,0,none,simulated,simulated,neutral_default,False,False,recomputed
GENI,1,5.0,3.94,3.93,2.4,C,9,,Other / Unclassified,,neutral,0,0,none,simulated,simulated,neutral_default,False,False,recomputed
GENK,1,5.0,3.94,3.93,2.4,C,9,,Other / Unclassified,,neutral,0,0,none,simulated,simulated,neutral_default,False,False,recomputed
GENVR,1,5.84,8.33,8.2,90.3,B,9,,Other / Unclassified,-86.2,low_volume,6,6,high,simulated,simulated,neutral_default,False,False,recomputed
GEO,1,5.0,3.94,3.93,2.4,C,9,,Other / Unclassified,,neutral,0,0,none,simulated,simulated,neutral_default,False,False,recomputed
GEOS,1,5.85,8.38,8.25,90.6,B,1,Oil & Gas Equipment & Services,"Energy, Power & Utilities",-83.5,neutral,7,7,high,simulated,simulated,neutral_default,False,False,recomputed
GETY,1,6.48,10.0,10.0,96.5,B,5,Internet Content & Information,"AI Platforms, Models & Quantum",-98.1,low_volume,7,7,high,simulated,simulated,neutral_default,False,False,recomputed
GEV,1,5.35,5.77,5.71,74.5,C,1,,"Energy, Power & Utilities",,neutral,0,0,none,simulated,simulated,neutral_default,False,False,recomputed
GEVO,1,6.71,10.0,10.0,96.5,B,9,Specialty Chemicals,Other / Unclassified,-53.2,neutral,7,7,high,simulated,simulated,neutral_default,False,False,recomputed
GF,3,5.0,3.95,3.93,2.4,C,9,,Other / Unclassified,,neutral,0,0,none,finnhub,finnhub,stock_market_proxy,False,False,recomputed
GFAI,1,5.35,5.77,5.71,74.5,C,6,,"Enterprise Software, Services & Automation",,neutral,0,0,none,simulated,simulated,neutral_default,False,False,recomputed
GFF,1,5.38,5.92,5.86,78.2,B,9,Building Products & Equipment,Other / Unclassified,-12.1,neutral,7,7,high,simulated,simulated,neutral_default,False,False,recomputed
GFL,3,5.0,3.95,3.93,2.4,C,9,,Other / Unclassified,,neutral,0,0,none,simulated,simulated,neutral_default,False,False,recomputed
GFS,1,5.98,9.06,8.91,93.0,B,2,Semiconductors,Semiconductors & Chip Tools,-46.4,neutral,7,7,high,simulated,simulated,neutral_default,False,False,recomputed
GGAL,1,5.0,3.94,3.93,2.4,C,9,,Other / Unclassified,,neutral,0,0,none,simulated,simulated,neutral_default,False,False,recomputed
GGB,3,5.0,3.95,3.93,2.4,C,9,,Other / Unclassified,,neutral,0,0,none,simulated,simulated,neutral_default,False,False,recomputed
GGG,3,5.4,5.91,5.96,78.9,B,2,Specialty Industrial Machinery,Semiconductors & Chip Tools,-17.7,low_volume,7,7,high,simulated,simulated,neutral_default,False,False,recomputed
GGR,2,5.46,6.25,6.27,81.4,B,9,Auto Manufacturers,Other / Unclassified,-43.8,neutral,7,7,high,simulated,simulated,neutral_default,False,False,recomputed
GGRP,3,4.81,3.01,2.96,0.5,A,4,Software - Infrastructure,"Cloud, Data & Developer Infrastructure",,neutral,6,6,high,finnhub,finnhub,stock_market_proxy,False,False,recomputed
GHM,3,5.59,6.85,6.93,84.8,B,1,Specialty Industrial Machinery,"Energy, Power & Utilities",-31.9,neutral,7,7,high,simulated,simulated,neutral_default,False,False,recomputed
GIB,3,5.0,3.95,3.93,2.4,C,9,,Other / Unclassified,,neutral,0,0,none,simulated,simulated,neutral_default,False,False,recomputed
GIBO,1,5.0,3.94,3.93,2.4,C,9,,Other / Unclassified,,neutral,0,0,none,simulated,simulated,neutral_default,False,False,recomputed
GIGM,3,5.0,3.95,3.93,2.4,C,9,,Other / Unclassified,,neutral,0,0,none,simulated,simulated,neutral_default,False,False,recomputed
GIII,1,5.0,3.94,3.93,2.4,C,9,,Other / Unclassified,,neutral,0,0,none,simulated,simulated,neutral_default,False,False,recomputed
GIL,1,6.65,10.0,10.0,96.5,B,9,Apparel Manufacturing,Other / Unclassified,-42.4,elevated_volume,8,8,high,simulated,simulated,neutral_default,False,False,recomputed
GILD,1,5.0,3.94,3.93,2.4,C,9,,Other / Unclassified,,neutral,0,0,none,simulated,simulated,neutral_default,False,False,recomputed
GILT,1,5.0,3.94,3.93,2.4,C,9,,Other / Unclassified,,neutral,0,0,none,simulated,simulated,neutral_default,False,False,recomputed
GIPR,3,5.0,3.95,3.93,2.4,C,9,,Other / Unclassified,,neutral,0,0,none,polygon,polygon,stock_market_proxy,False,False,recomputed
GIS,1,5.0,3.94,3.93,2.4,C,9,,Other / Unclassified,,neutral,0,0,none,simulated,simulated,neutral_default,False,False,recomputed
GIXXR,1,5.0,3.94,3.93,2.4,C,9,,Other / Unclassified,,neutral,0,0,none,simulated,simulated,neutral_default,False,False,recomputed
GJR,2,6.03,9.17,9.16,93.6,B,9,,Other / Unclassified,-2.0,dark_pool_buying,4,4,substantial,simulated,simulated,neutral_default,False,False,recomputed
GJS,1,5.0,3.94,3.93,2.4,C,9,,Other / Unclassified,,neutral,0,0,none,simulated,simulated,neutral_default,False,False,recomputed
GJT,3,5.0,3.95,3.93,2.4,C,9,,Other / Unclassified,,neutral,0,0,none,finnhub,finnhub,stock_market_proxy,False,False,recomputed
GLATF,3,5.0,3.95,3.93,2.4,C,9,,Other / Unclassified,,neutral,0,0,none,simulated,simulated,neutral_default,False,False,recomputed
GLBE,1,5.0,3.94,3.93,2.4,C,9,,Other / Unclassified,,neutral,0,0,none,simulated,simulated,neutral_default,False,False,recomputed
GLBS,2,5.0,3.9,3.93,2.4,C,9,,Other / Unclassified,,neutral,0,0,none,simulated,simulated,neutral_default,False,False,recomputed
GLDG,1,6.59,10.0,10.0,96.5,B,1,Gold,"Energy, Power & Utilities",-59.8,neutral,6,6,high,simulated,simulated,neutral_default,False,False,recomputed
GLIBA,2,5.0,3.9,3.93,2.4,C,9,,Other / Unclassified,,neutral,0,0,none,simulated,simulated,neutral_default,False,False,recomputed
GLIBK,1,5.0,3.94,3.93,2.4,C,9,,Other / Unclassified,,neutral,0,0,none,simulated,simulated,neutral_default,False,False,recomputed
GLNG,1,5.0,3.94,3.93,2.4,C,9,,Other / Unclassified,,neutral,0,0,none,simulated,simulated,neutral_default,False,False,recomputed
GLOB,3,5.0,3.95,3.93,2.4,C,9,,Other / Unclassified,,neutral,0,0,none,polygon,polygon,stock_market_proxy,False,False,recomputed
GLOO,2,6.83,10.0,10.0,96.5,B,6,Software - Application,"Enterprise Software, Services & Automation",-58.1,low_volume,8,8,high,simulated,simulated,neutral_default,False,False,recomputed
GLPG,1,5.0,3.94,3.93,2.4,C,9,,Other / Unclassified,,neutral,0,0,none,simulated,simulated,neutral_default,False,False,recomputed
GLSI,1,5.0,3.94,3.93,2.4,C,9,,Other / Unclassified,,neutral,0,0,none,simulated,simulated,neutral_default,False,False,recomputed
GLU,3,5.0,3.95,3.93,2.4,C,9,,Other / Unclassified,,neutral,0,0,none,simulated,simulated,neutral_default,False,False,recomputed
GLUE,1,6.83,10.0,10.0,96.5,B,9,Biotechnology,Other / Unclassified,-59.8,dark_pool_buying,7,7,high,simulated,simulated,neutral_default,False,False,recomputed
GLW,1,5.0,3.94,3.93,2.4,C,9,,Other / Unclassified,,neutral,0,0,none,simulated,simulated,neutral_default,False,False,recomputed
GLXY,1,6.17,10.0,9.87,95.7,B,3,Capital Markets,"Compute, Data Center & Network Infrastructure",-50.1,neutral,6,6,high,simulated,simulated,neutral_default,False,False,recomputed
GM,1,5.0,3.94,3.93,2.4,C,9,,Other / Unclassified,,neutral,0,0,none,simulated,simulated,neutral_default,False,False,recomputed
GMAB,1,5.0,3.94,3.93,2.4,C,9,,Other / Unclassified,,neutral,0,0,none,simulated,simulated,neutral_default,False,False,recomputed
GME,1,5.0,3.94,3.93,2.4,C,9,,Other / Unclassified,,neutral,0,0,none,simulated,simulated,neutral_default,False,False,recomputed
GMED,1,5.0,3.94,3.93,2.4,C,9,,Other / Unclassified,,neutral,0,0,none,simulated,simulated,neutral_default,False,False,recomputed
GMM,1,5.0,3.94,3.93,2.4,C,9,,Other / Unclassified,,neutral,0,0,none,simulated,simulated,neutral_default,False,False,recomputed
GNLX,1,5.89,8.59,8.45,91.1,B,9,Biotechnology,Other / Unclassified,-69.4,neutral,5,5,substantial,simulated,simulated,neutral_default,False,False,recomputed
GNRC,3,5.0,3.95,3.93,2.4,C,9,,Other / Unclassified,,neutral,0,0,none,polygon,polygon,stock_market_proxy,False,False,recomputed
GNTA,3,5.0,3.95,3.93,2.4,C,9,,Other / Unclassified,,neutral,0,0,none,polygon,polygon,stock_market_proxy,False,False,recomputed
GNTX,3,5.95,8.62,8.76,92.6,A,9,Auto Parts,Other / Unclassified,-20.1,neutral,6,6,high,finnhub,finnhub,stock_market_proxy,False,False,recomputed
GNW,2,5.08,4.31,4.34,67.6,B,9,Insurance - Life,Other / Unclassified,-9.2,neutral,6,6,high,simulated,simulated,neutral_default,False,False,recomputed
GO,3,5.0,3.95,3.93,2.4,C,9,,Other / Unclassified,,neutral,0,0,none,finnhub,finnhub,stock_market_proxy,False,False,recomputed
GOCO,3,5.0,3.95,3.93,2.4,C,9,,Other / Unclassified,,neutral,0,0,none,simulated,simulated,neutral_default,False,False,recomputed
GOGO,3,5.0,3.95,3.93,2.4,C,9,,Other / Unclassified,,neutral,0,0,none,simulated,simulated,neutral_default,False,False,recomputed
GOLD,1,6.06,9.48,9.32,94.1,B,8,Capital Markets,"Fintech, Payments & Digital Assets",-34.4,neutral,7,7,high,simulated,simulated,neutral_default,False,False,recomputed
GOLF,3,5.0,3.95,3.93,2.4,C,9,,Other / Unclassified,,neutral,0,0,none,simulated,simulated,neutral_default,False,False,recomputed
GOOD,1,5.0,3.94,3.93,2.4,C,9,,Other / Unclassified,,neutral,0,0,none,simulated,simulated,neutral_default,False,False,recomputed
GOOG,1,5.41,6.08,6.01,79.0,C,5,,"AI Platforms, Models & Quantum",,neutral,0,0,none,simulated,simulated,neutral_default,False,False,recomputed
GOOGL,1,5.62,7.18,7.08,85.8,B,5,Internet Content & Information,"AI Platforms, Models & Quantum",-12.8,neutral,7,7,high,simulated,simulated,neutral_default,False,False,recomputed
GOSS,1,5.0,3.94,3.93,2.4,C,9,,Other / Unclassified,,neutral,0,0,none,simulated,simulated,neutral_default,False,False,recomputed
GOVX,3,5.0,3.95,3.93,2.4,C,9,,Other / Unclassified,,neutral,0,0,none,finnhub,finnhub,stock_market_proxy,False,False,recomputed
GP,1,6.01,9.22,9.06,93.5,B,9,Farm & Heavy Construction Machinery,Other / Unclassified,-88.8,neutral,7,7,high,simulated,simulated,neutral_default,False,False,recomputed
GPC,1,5.0,3.94,3.93,2.4,C,9,,Other / Unclassified,,neutral,0,0,none,simulated,simulated,neutral_default,False,False,recomputed
GPI,1,5.0,3.94,3.93,2.4,C,9,,Other / Unclassified,,neutral,0,0,none,simulated,simulated,neutral_default,False,False,recomputed
GPJA,3,5.31,5.47,5.5,72.9,B,9,,Other / Unclassified,-17.0,neutral,4,4,substantial,finnhub,finnhub,stock_market_proxy,False,False,recomputed
GPK,1,6.28,10.0,10.0,96.5,B,9,Packaging & Containers,Other / Unclassified,-52.8,neutral,6,6,high,simulated,simulated,neutral_default,False,False,recomputed
GPMT,1,5.0,3.94,3.93,2.4,C,9,,Other / Unclassified,,neutral,0,0,none,simulated,simulated,neutral_default,False,False,recomputed
GPN,1,5.35,5.77,5.71,74.5,C,8,,"Fintech, Payments & Digital Assets",,neutral,0,0,none,simulated,simulated,neutral_default,False,False,recomputed
GPS,1,5.0,3.94,3.93,2.4,C,9,,Other / Unclassified,,neutral,0,0,none,simulated,simulated,neutral_default,False,False,recomputed
GRAB,1,6.26,10.0,10.0,96.5,B,6,Software - Application,"Enterprise Software, Services & Automation",-51.6,neutral,7,7,high,simulated,simulated,neutral_default,False,False,recomputed
GRC,3,5.0,3.95,3.93,2.4,C,9,,Other / Unclassified,,neutral,0,0,none,simulated,simulated,neutral_default,False,False,recomputed
GRCE,1,5.0,3.94,3.93,2.4,C,9,,Other / Unclassified,,neutral,0,0,none,simulated,simulated,neutral_default,False,False,recomputed
GRDN,1,5.0,3.94,3.93,2.4,C,9,,Other / Unclassified,,neutral,0,0,none,simulated,simulated,neutral_default,False,False,recomputed
GREE,1,5.0,3.94,3.93,2.4,C,9,,Other / Unclassified,,neutral,0,0,none,simulated,simulated,neutral_default,False,False,recomputed
GRFS,1,5.0,3.94,3.93,2.4,C,9,,Other / Unclassified,,neutral,0,0,none,simulated,simulated,neutral_default,False,False,recomputed
GRI,1,5.0,3.94,3.93,2.4,C,9,,Other / Unclassified,,neutral,0,0,none,simulated,simulated,neutral_default,False,False,recomputed
GRMLW,3,5.0,3.95,3.93,2.4,C,9,,Other / Unclassified,,neutral,0,0,none,finnhub,finnhub,stock_market_proxy,False,False,recomputed
GRMN,1,5.23,5.14,5.1,70.4,B,9,Scientific & Technical Instruments,Other / Unclassified,-11.5,neutral,7,7,high,simulated,simulated,neutral_default,False,False,recomputed
GRNQ,2,5.0,3.9,3.93,2.4,C,9,,Other / Unclassified,,neutral,0,0,none,simulated,simulated,neutral_default,False,False,recomputed
GRO,1,5.51,6.6,6.52,82.2,B,9,Other Industrial Metals & Mining,Other / Unclassified,-43.7,elevated_volume,6,6,high,simulated,simulated,neutral_default,False,False,recomputed
GROY,3,5.95,8.62,8.76,92.6,B,9,Gold,Other / Unclassified,-44.7,neutral,7,7,high,simulated,simulated,neutral_default,False,False,recomputed
GRRR,1,5.0,3.94,3.93,2.4,C,9,,Other / Unclassified,,neutral,0,0,none,simulated,simulated,neutral_default,False,False,recomputed
GRX,3,5.22,5.03,5.05,70.2,A,9,Asset Management,Other / Unclassified,-5.7,low_volume,6,6,high,polygon,polygon,stock_market_proxy,False,False,recomputed
GS,2,5.0,3.9,3.93,2.4,C,9,,Other / Unclassified,,neutral,0,0,none,simulated,simulated,neutral_default,False,False,recomputed
GSAT,3,5.0,3.95,3.93,2.4,C,9,,Other / Unclassified,,neutral,0,0,none,simulated,simulated,neutral_default,False,False,recomputed
GSBC,3,5.15,4.68,4.69,68.9,B,9,Banks - Regional,Other / Unclassified,-4.6,neutral,5,5,substantial,simulated,simulated,neutral_default,False,False,recomputed
GSHD,1,5.92,8.75,8.6,92.1,B,9,Insurance Brokers,Other / Unclassified,-44.2,neutral,6,6,high,simulated,simulated,neutral_default,False,False,recomputed
GSHRW,1,5.0,3.94,3.93,2.4,C,9,,Other / Unclassified,,neutral,0,0,none,simulated,simulated,neutral_default,False,False,recomputed
GSIT,1,5.0,3.94,3.93,2.4,C,9,,Other / Unclassified,,neutral,0,0,none,simulated,simulated,neutral_default,False,False,recomputed
GSM,1,5.0,3.94,3.93,2.4,C,9,,Other / Unclassified,,neutral,0,0,none,simulated,simulated,neutral_default,False,False,recomputed
GSRFR,1,5.0,3.94,3.93,2.4,C,9,,Other / Unclassified,,neutral,0,0,none,simulated,simulated,neutral_default,False,False,recomputed
GSUN,1,5.0,3.94,3.93,2.4,C,9,,Other / Unclassified,,neutral,0,0,none,simulated,simulated,neutral_default,False,False,recomputed
GTBP,3,5.0,3.95,3.93,2.4,C,9,,Other / Unclassified,,neutral,0,0,none,polygon,polygon,stock_market_proxy,False,False,recomputed
GTEC,1,5.7,7.6,7.49,87.4,B,9,Auto Parts,Other / Unclassified,-46.4,neutral,7,7,high,simulated,simulated,neutral_default,False,False,recomputed
GTENW,1,5.0,3.94,3.93,2.4,C,9,,Other / Unclassified,,neutral,0,0,none,simulated,simulated,neutral_default,False,False,recomputed
GTIM,1,5.0,3.94,3.93,2.4,C,9,,Other / Unclassified,,neutral,0,0,none,simulated,simulated,neutral_default,False,False,recomputed
GTLB,3,5.35,5.67,5.71,74.5,C,4,,"Cloud, Data & Developer Infrastructure",,neutral,0,0,none,simulated,simulated,neutral_default,False,False,recomputed
GTX,1,5.0,3.94,3.93,2.4,C,9,,Other / Unclassified,,neutral,0,0,none,simulated,simulated,neutral_default,False,False,recomputed
GUT,1,5.0,3.94,3.93,2.4,C,9,,Other / Unclassified,,neutral,0,0,none,simulated,simulated,neutral_default,False,False,recomputed
GUTS,1,5.0,3.94,3.93,2.4,C,9,,Other / Unclassified,,neutral,0,0,none,simulated,simulated,neutral_default,False,False,recomputed
GV,1,5.0,3.94,3.93,2.4,C,9,,Other / Unclassified,,neutral,0,0,none,simulated,simulated,neutral_default,False,False,recomputed
GVA,3,5.0,3.95,3.93,2.4,C,9,,Other / Unclassified,,neutral,0,0,none,simulated,simulated,neutral_default,False,False,recomputed
GVH,1,5.0,3.94,3.93,2.4,C,9,,Other / Unclassified,,neutral,0,0,none,simulated,simulated,neutral_default,False,False,recomputed
GWW,1,5.0,3.94,3.93,2.4,C,9,,Other / Unclassified,,neutral,0,0,none,simulated,simulated,neutral_default,False,False,recomputed
GXAI,2,5.0,3.9,3.93,2.4,C,9,,Other / Unclassified,,neutral,0,0,none,simulated,simulated,neutral_default,False,False,recomputed
GYRE,2,5.0,3.9,3.93,2.4,C,9,,Other / Unclassified,,neutral,0,0,none,simulated,simulated,neutral_default,False,False,recomputed
HACQU,1,5.0,3.94,3.93,2.4,C,9,,Other / Unclassified,,neutral,0,0,none,simulated,simulated,neutral_default,False,False,recomputed
HAFC,1,5.0,3.94,3.93,2.4,C,9,,Other / Unclassified,,neutral,0,0,none,simulated,simulated,neutral_default,False,False,recomputed
HAIN,1,5.0,3.94,3.93,2.4,C,9,,Other / Unclassified,,neutral,0,0,none,simulated,simulated,neutral_default,False,False,recomputed
HAL,1,5.0,3.94,3.93,2.4,C,9,,Other / Unclassified,,neutral,0,0,none,simulated,simulated,neutral_default,False,False,recomputed
HAS,1,5.0,3.94,3.93,2.4,C,9,,Other / Unclassified,,neutral,0,0,none,simulated,simulated,neutral_default,False,False,recomputed
HBANL,1,5.0,3.94,3.93,2.4,C,9,,Other / Unclassified,,neutral,0,0,none,simulated,simulated,neutral_default,False,False,recomputed
HBANM,1,5.0,3.94,3.93,2.4,C,9,,Other / Unclassified,,neutral,0,0,none,simulated,simulated,neutral_default,False,False,recomputed
HBM,3,5.15,4.68,4.69,68.9,A,9,Copper,Other / Unclassified,-18.8,neutral,7,7,high,finnhub,finnhub,stock_market_proxy,False,False,recomputed
HBNB,1,5.99,9.11,8.96,93.2,B,9,Real Estate Services,Other / Unclassified,-54.9,low_volume,8,8,high,simulated,simulated,neutral_default,False,False,recomputed
HBNC,3,5.0,3.95,3.93,2.4,C,9,,Other / Unclassified,,neutral,0,0,none,finnhub,finnhub,stock_market_proxy,False,False,recomputed
HBT,3,5.0,3.95,3.93,2.4,C,9,,Other / Unclassified,,neutral,0,0,none,polygon,polygon,stock_market_proxy,False,False,recomputed
HCA,1,5.0,3.94,3.93,2.4,C,9,,Other / Unclassified,,neutral,0,0,none,simulated,simulated,neutral_default,False,False,recomputed
HCAC,1,5.31,5.56,5.5,72.9,B,9,Shell Companies,Other / Unclassified,-0.2,neutral,5,5,substantial,simulated,simulated,neutral_default,False,False,recomputed
HCAT,3,5.0,3.95,3.93,2.4,C,9,,Other / Unclassified,,neutral,0,0,none,simulated,simulated,neutral_default,False,False,recomputed
HCC,3,5.0,3.95,3.93,2.4,C,9,,Other / Unclassified,,neutral,0,0,none,simulated,simulated,neutral_default,False,False,recomputed
HCIC,1,5.0,3.94,3.93,2.4,C,9,,Other / Unclassified,,neutral,0,0,none,simulated,simulated,neutral_default,False,False,recomputed
HCICU,3,4.9,3.45,3.42,0.9,B,9,Shell Companies,Other / Unclassified,-0.7,neutral,5,5,substantial,simulated,simulated,neutral_default,False,False,recomputed
HCKT,3,5.71,7.44,7.54,87.9,A,6,Information Technology Services,"Enterprise Software, Services & Automation",-46.1,neutral,7,7,high,polygon,polygon,stock_market_proxy,False,False,recomputed
HCMAW,1,5.0,3.94,3.93,2.4,C,9,,Other / Unclassified,,neutral,0,0,none,simulated,simulated,neutral_default,False,False,recomputed
HCSG,3,5.0,3.95,3.93,2.4,C,9,,Other / Unclassified,,neutral,0,0,none,polygon,polygon,stock_market_proxy,False,False,recomputed
HCTI,3,5.0,3.95,3.93,2.4,C,9,,Other / Unclassified,,neutral,0,0,none,finnhub,finnhub,stock_market_proxy,False,False,recomputed
HCXY,1,5.0,3.94,3.93,2.4,C,9,,Other / Unclassified,,neutral,0,0,none,simulated,simulated,neutral_default,False,False,recomputed
HDL,1,5.0,3.94,3.93,2.4,C,9,,Other / Unclassified,,neutral,0,0,none,simulated,simulated,neutral_default,False,False,recomputed
HDSN,3,5.38,5.82,5.86,78.2,B,9,Specialty Chemicals,Other / Unclassified,-45.8,low_volume,7,7,high,simulated,simulated,neutral_default,False,False,recomputed
HE,3,5.0,3.95,3.93,2.4,C,9,,Other / Unclassified,,neutral,0,0,none,simulated,simulated,neutral_default,False,False,recomputed
HEI,3,5.0,3.95,3.93,2.4,C,9,,Other / Unclassified,,neutral,0,0,none,finnhub,finnhub,stock_market_proxy,False,False,recomputed
HELP,3,5.5,6.41,6.47,82.1,A,9,Biotechnology,Other / Unclassified,-25.0,neutral,5,5,substantial,polygon,polygon,stock_market_proxy,False,False,recomputed
HERZ,1,5.0,3.94,3.93,2.4,C,9,,Other / Unclassified,,neutral,0,0,none,simulated,simulated,neutral_default,False,False,recomputed
HFBL,3,5.0,3.95,3.93,2.4,C,9,,Other / Unclassified,,neutral,0,0,none,finnhub,finnhub,stock_market_proxy,False,False,recomputed
HFFG,1,5.0,3.94,3.93,2.4,C,9,,Other / Unclassified,,neutral,0,0,none,simulated,simulated,neutral_default,False,False,recomputed
HFRO,3,5.0,3.95,3.93,2.4,C,9,,Other / Unclassified,,neutral,0,0,none,polygon,polygon,stock_market_proxy,False,False,recomputed
HG,1,5.0,3.94,3.93,2.4,C,9,,Other / Unclassified,,neutral,0,0,none,simulated,simulated,neutral_default,False,False,recomputed
HGTY,3,5.0,3.95,3.93,2.4,C,9,,Other / Unclassified,,neutral,0,0,none,finnhub,finnhub,stock_market_proxy,False,False,recomputed
HHH,1,5.51,6.6,6.52,82.2,B,9,Real Estate - Development,Other / Unclassified,-20.0,neutral,7,7,high,simulated,simulated,neutral_default,False,False,recomputed
HHS,3,5.34,5.62,5.66,74.1,A,8,Conglomerates,"Fintech, Payments & Digital Assets",-5.4,low_volume,7,7,high,polygon,polygon,stock_market_proxy,False,False,recomputed
HIFS,1,5.0,3.94,3.93,2.4,C,9,,Other / Unclassified,,neutral,0,0,none,simulated,simulated,neutral_default,False,False,recomputed
HIG,1,5.08,4.36,4.34,67.6,B,9,Insurance - Diversified,Other / Unclassified,-12.5,neutral,6,6,high,simulated,simulated,neutral_default,False,False,recomputed
HIHO,3,5.0,3.95,3.93,2.4,C,9,,Other / Unclassified,,neutral,0,0,none,simulated,simulated,neutral_default,False,False,recomputed
HII,1,5.0,3.94,3.93,2.4,C,9,,Other / Unclassified,,neutral,0,0,none,simulated,simulated,neutral_default,False,False,recomputed
HIMS,1,5.0,3.94,3.93,2.4,C,9,,Other / Unclassified,,neutral,0,0,none,simulated,simulated,neutral_default,False,False,recomputed
HIMX,3,5.0,3.95,3.93,2.4,C,9,,Other / Unclassified,,neutral,0,0,none,simulated,simulated,neutral_default,False,False,recomputed
HIPO,3,5.0,3.95,3.93,2.4,C,9,,Other / Unclassified,,neutral,0,0,none,simulated,simulated,neutral_default,False,False,recomputed
HIT,3,5.91,8.42,8.55,91.7,B,6,Software - Application,"Enterprise Software, Services & Automation",-78.3,neutral,7,7,high,simulated,simulated,neutral_default,False,False,recomputed
HITI,3,5.0,3.95,3.93,2.4,C,9,,Other / Unclassified,,neutral,0,0,none,simulated,simulated,neutral_default,False,False,recomputed
HIVE,1,5.0,3.94,3.93,2.4,C,9,,Other / Unclassified,,neutral,0,0,none,simulated,simulated,neutral_default,False,False,recomputed
HKD,3,5.0,3.95,3.93,2.4,C,9,,Other / Unclassified,,neutral,0,0,none,simulated,simulated,neutral_default,False,False,recomputed
HKPD,3,5.0,3.95,3.93,2.4,C,9,,Other / Unclassified,,neutral,0,0,none,polygon,polygon,stock_market_proxy,False,False,recomputed
HLF,1,5.3,5.51,5.45,72.6,B,9,Packaged Foods,Other / Unclassified,-36.6,neutral,7,7,high,simulated,simulated,neutral_default,False,False,recomputed
HLIO,1,5.42,6.13,6.06,80.5,B,9,Specialty Industrial Machinery,Other / Unclassified,-25.3,neutral,7,7,high,simulated,simulated,neutral_default,False,False,recomputed
HLIT,3,5.45,6.16,6.22,81.3,B,3,Communication Equipment,"Compute, Data Center & Network Infrastructure",-34.1,neutral,7,7,high,simulated,simulated,neutral_default,False,False,recomputed
HLLY,1,5.0,3.94,3.93,2.4,C,9,,Other / Unclassified,,neutral,0,0,none,simulated,simulated,neutral_default,False,False,recomputed
HLNE,1,5.0,3.94,3.93,2.4,C,9,,Other / Unclassified,,neutral,0,0,none,simulated,simulated,neutral_default,False,False,recomputed
HLP,1,5.0,3.94,3.93,2.4,C,9,,Other / Unclassified,,neutral,0,0,none,simulated,simulated,neutral_default,False,False,recomputed
HLT,1,5.0,3.94,3.93,2.4,C,9,,Other / Unclassified,,neutral,0,0,none,simulated,simulated,neutral_default,False,False,recomputed
HLXC,3,5.0,3.95,3.93,2.4,C,9,,Other / Unclassified,,neutral,0,0,none,finnhub,finnhub,stock_market_proxy,False,False,recomputed
HMY,1,5.0,3.94,3.93,2.4,C,9,,Other / Unclassified,,neutral,0,0,none,simulated,simulated,neutral_default,False,False,recomputed
HNHPF,3,5.52,6.5,6.57,82.8,B,3,Electronic Components,"Compute, Data Center & Network Infrastructure",-17.1,neutral,6,6,high,simulated,simulated,neutral_default,False,False,recomputed
HNRG,1,5.0,3.94,3.93,2.4,C,9,,Other / Unclassified,,neutral,0,0,none,simulated,simulated,neutral_default,False,False,recomputed
HNVR,1,5.0,3.94,3.93,2.4,C,9,,Other / Unclassified,,neutral,0,0,none,simulated,simulated,neutral_default,False,False,recomputed
HOFT,1,5.0,3.94,3.93,2.4,C,9,,Other / Unclassified,,neutral,0,0,none,simulated,simulated,neutral_default,False,False,recomputed
HOG,3,5.0,3.95,3.93,2.4,C,9,,Other / Unclassified,,neutral,0,0,none,polygon,polygon,stock_market_proxy,False,False,recomputed
HOLOW,1,5.0,3.94,3.93,2.4,C,9,,Other / Unclassified,,neutral,0,0,none,simulated,simulated,neutral_default,False,False,recomputed
HON,1,5.0,3.94,3.93,2.4,C,9,,Other / Unclassified,,neutral,0,0,none,simulated,simulated,neutral_default,False,False,recomputed
HOOD,1,5.35,5.77,5.71,74.5,C,8,,"Fintech, Payments & Digital Assets",,neutral,0,0,none,simulated,simulated,neutral_default,False,False,recomputed
HOV,1,5.0,3.94,3.93,2.4,C,9,,Other / Unclassified,,neutral,0,0,none,simulated,simulated,neutral_default,False,False,recomputed
HOVRW,3,5.0,3.95,3.93,2.4,C,9,,Other / Unclassified,,neutral,2,2,partial,finnhub,finnhub,stock_market_proxy,False,False,recomputed
HPAI,3,5.0,3.95,3.93,2.4,C,9,,Other / Unclassified,,neutral,0,0,none,polygon,polygon,stock_market_proxy,False,False,recomputed
HPAIW,1,5.0,3.94,3.93,2.4,C,9,,Other / Unclassified,,neutral,0,0,none,simulated,simulated,neutral_default,False,False,recomputed
HPE,1,5.35,5.77,5.71,74.5,C,3,,"Compute, Data Center & Network Infrastructure",,neutral,0,0,none,simulated,simulated,neutral_default,False,False,recomputed
HPI,3,5.0,3.95,3.93,2.4,C,9,,Other / Unclassified,,neutral,0,0,none,simulated,simulated,neutral_default,False,False,recomputed
HPP,2,5.0,3.9,3.93,2.4,C,9,,Other / Unclassified,,neutral,0,0,none,simulated,simulated,neutral_default,False,False,recomputed
HPQ,1,5.0,3.94,3.93,2.4,C,9,,Other / Unclassified,,neutral,0,0,none,simulated,simulated,neutral_default,False,False,recomputed
HPS,2,5.41,6.0,6.01,79.0,B,9,Asset Management,Other / Unclassified,-18.6,neutral,5,5,substantial,simulated,simulated,neutral_default,False,False,recomputed
HR,3,5.94,8.57,8.71,92.3,A,9,REIT - Healthcare Facilities,Other / Unclassified,-21.9,neutral,6,6,high,finnhub,finnhub,stock_market_proxy,False,False,recomputed
HRB,1,5.0,3.94,3.93,2.4,C,9,,Other / Unclassified,,neutral,0,0,none,simulated,simulated,neutral_default,False,False,recomputed
HRI,3,5.76,7.68,7.79,88.9,B,3,Rental & Leasing Services,"Compute, Data Center & Network Infrastructure",-30.3,neutral,7,7,high,simulated,simulated,neutral_default,False,False,recomputed
HRMY,3,5.67,7.24,7.33,87.1,A,9,Biotechnology,Other / Unclassified,-8.2,neutral,7,7,high,polygon,polygon,stock_market_proxy,False,False,recomputed
HROW,1,5.0,3.94,3.93,2.4,C,9,,Other / Unclassified,,neutral,0,0,none,simulated,simulated,neutral_default,False,False,recomputed
HRZN,3,5.0,3.95,3.93,2.4,C,9,,Other / Unclassified,,neutral,0,0,none,finnhub,finnhub,stock_market_proxy,False,False,recomputed
HSAI,2,5.28,5.33,5.35,72.3,B,9,Auto Parts,Other / Unclassified,-44.4,low_volume,8,8,high,simulated,simulated,neutral_default,False,False,recomputed
HSBC,3,5.0,3.95,3.93,2.4,C,9,,Other / Unclassified,,neutral,0,0,none,simulated,simulated,neutral_default,False,False,recomputed
HSCSW,3,5.0,3.95,3.93,2.4,C,9,,Other / Unclassified,,neutral,0,0,none,finnhub,finnhub,stock_market_proxy,False,False,recomputed
HSDT,1,6.37,10.0,10.0,96.5,B,9,Asset Management,Other / Unclassified,-85.9,neutral,7,7,high,simulated,simulated,neutral_default,False,False,recomputed
HSIC,1,5.15,4.72,4.69,68.9,B,9,Medical Distribution,Other / Unclassified,-7.9,neutral,7,7,high,simulated,simulated,neutral_default,False,False,recomputed
HSLV,3,5.0,3.95,3.93,2.4,C,9,,Other / Unclassified,,neutral,0,0,none,finnhub,finnhub,stock_market_proxy,False,False,recomputed
HST,1,5.0,3.94,3.93,2.4,C,9,,Other / Unclassified,,neutral,0,0,none,simulated,simulated,neutral_default,False,False,recomputed
HSTM,1,5.11,4.51,4.49,68.4,B,6,Health Information Services,"Enterprise Software, Services & Automation",0.0,neutral,7,7,high,simulated,simulated,neutral_default,False,False,recomputed
HSY,3,5.0,3.95,3.93,2.4,C,9,,Other / Unclassified,,neutral,0,0,none,finnhub,finnhub,stock_market_proxy,False,False,recomputed
HTB,3,5.0,3.95,3.93,2.4,C,9,,Other / Unclassified,,neutral,0,0,none,finnhub,finnhub,stock_market_proxy,False,False,recomputed
HTCO,1,5.0,3.94,3.93,2.4,C,9,,Other / Unclassified,,neutral,0,0,none,simulated,simulated,neutral_default,False,False,recomputed
HTCR,1,5.0,3.94,3.93,2.4,C,9,,Other / Unclassified,,neutral,0,0,none,simulated,simulated,neutral_default,False,False,recomputed
HTD,3,5.7,7.39,7.49,87.4,A,9,Asset Management,Other / Unclassified,-13.5,elevated_volume,7,7,high,finnhub,finnhub,stock_market_proxy,False,False,recomputed
HTFC,3,5.0,3.95,3.93,2.4,C,9,,Other / Unclassified,,neutral,0,0,none,polygon,polygon,stock_market_proxy,False,False,recomputed
HTFL,3,4.98,3.85,3.83,2.2,B,9,Health Information Services,Other / Unclassified,-5.5,neutral,7,7,high,simulated,simulated,neutral_default,False,False,recomputed
HTHIY,3,5.0,3.95,3.93,2.4,C,9,,Other / Unclassified,,neutral,0,0,none,simulated,simulated,neutral_default,False,False,recomputed
HTHT,3,5.0,3.95,3.93,2.4,C,9,,Other / Unclassified,,neutral,0,0,none,polygon,polygon,stock_market_proxy,False,False,recomputed
HTLM,1,6.33,10.0,10.0,96.5,B,9,Specialty Retail,Other / Unclassified,-46.8,dark_pool_buying,7,7,high,simulated,simulated,neutral_default,False,False,recomputed
HTZ,1,5.0,3.94,3.93,2.4,C,9,,Other / Unclassified,,neutral,0,0,none,simulated,simulated,neutral_default,False,False,recomputed
HTZWW,3,5.23,5.08,5.1,70.4,C,9,,Other / Unclassified,,neutral,3,3,partial,finnhub,finnhub,stock_market_proxy,False,False,recomputed
HUBB,1,5.13,4.62,4.59,68.5,B,9,Electrical Equipment & Parts,Other / Unclassified,-14.3,neutral,7,7,high,simulated,simulated,neutral_default,False,False,recomputed
HUBCW,1,5.23,5.14,5.1,70.4,C,9,,Other / Unclassified,,neutral,2,2,partial,simulated,simulated,neutral_default,False,False,recomputed
HUBCZ,1,5.0,3.94,3.93,2.4,C,9,,Other / Unclassified,,neutral,0,0,none,simulated,simulated,neutral_default,False,False,recomputed
HUBG,1,5.0,3.94,3.93,2.4,C,9,,Other / Unclassified,,neutral,0,0,none,simulated,simulated,neutral_default,False,False,recomputed
HUBS,1,5.82,8.22,8.1,89.9,B,6,Software - Application,"Enterprise Software, Services & Automation",-55.5,neutral,7,7,high,simulated,simulated,neutral_default,False,False,recomputed
HUHU,3,5.0,3.95,3.93,2.4,C,9,,Other / Unclassified,,neutral,0,0,none,polygon,polygon,stock_market_proxy,False,False,recomputed
HUM,3,5.0,3.95,3.93,2.4,C,9,,Other / Unclassified,,neutral,0,0,none,finnhub,finnhub,stock_market_proxy,False,False,recomputed
HUMA,1,5.0,3.94,3.93,2.4,C,9,,Other / Unclassified,,neutral,0,0,none,simulated,simulated,neutral_default,False,False,recomputed
HUT,1,5.51,6.6,6.52,82.2,B,3,Capital Markets,"Compute, Data Center & Network Infrastructure",-32.9,neutral,7,7,high,simulated,simulated,neutral_default,False,False,recomputed
HVII,3,6.16,9.65,9.82,95.5,B,9,Shell Companies,Other / Unclassified,-82.8,neutral,5,5,substantial,simulated,simulated,neutral_default,False,False,recomputed
HWBK,1,5.28,5.4,5.35,72.3,B,9,Banks - Regional,Other / Unclassified,-4.9,neutral,6,6,high,simulated,simulated,neutral_default,False,False,recomputed
HWCPZ,3,5.31,5.47,5.5,72.9,B,9,,Other / Unclassified,-9.7,neutral,4,4,substantial,polygon,polygon,stock_market_proxy,False,False,recomputed
HWH,3,5.0,3.95,3.93,2.4,C,9,,Other / Unclassified,,neutral,0,0,none,simulated,simulated,neutral_default,False,False,recomputed
HWKN,1,5.0,3.94,3.93,2.4,C,9,,Other / Unclassified,,neutral,0,0,none,simulated,simulated,neutral_default,False,False,recomputed
HWM,1,5.0,3.94,3.93,2.4,C,9,,Other / Unclassified,,neutral,0,0,none,simulated,simulated,neutral_default,False,False,recomputed
HXHX,2,5.0,3.9,3.93,2.4,C,9,,Other / Unclassified,,neutral,0,0,none,simulated,simulated,neutral_default,False,False,recomputed
HXL,3,5.53,6.55,6.62,83.2,B,9,Aerospace & Defense,Other / Unclassified,-23.8,neutral,7,7,high,simulated,simulated,neutral_default,False,False,recomputed
HXSCF,3,5.0,3.95,3.93,2.4,C,9,,Other / Unclassified,,neutral,0,0,none,simulated,simulated,neutral_default,False,False,recomputed
HY,3,5.0,3.95,3.93,2.4,C,9,,Other / Unclassified,,neutral,0,0,none,finnhub,finnhub,stock_market_proxy,False,False,recomputed
HYFM,1,5.0,3.94,3.93,2.4,C,9,,Other / Unclassified,,neutral,0,0,none,simulated,simulated,neutral_default,False,False,recomputed
HYPD,1,5.0,3.94,3.93,2.4,C,9,,Other / Unclassified,,neutral,0,0,none,simulated,simulated,neutral_default,False,False,recomputed
HYT,1,5.0,3.94,3.93,2.4,C,9,,Other / Unclassified,,neutral,0,0,none,simulated,simulated,neutral_default,False,False,recomputed
IACQU,3,5.0,3.95,3.93,2.4,C,9,,Other / Unclassified,,neutral,0,0,none,finnhub,finnhub,stock_market_proxy,False,False,recomputed
IAUX,1,5.0,3.94,3.93,2.4,C,9,,Other / Unclassified,,neutral,0,0,none,simulated,simulated,neutral_default,False,False,recomputed
IBCP,1,5.0,3.94,3.93,2.4,C,9,,Other / Unclassified,,neutral,0,0,none,simulated,simulated,neutral_default,False,False,recomputed
IBG,1,5.0,3.94,3.93,2.4,C,9,,Other / Unclassified,,neutral,0,0,none,simulated,simulated,neutral_default,False,False,recomputed
IBIDF,3,5.0,3.95,3.93,2.4,C,9,,Other / Unclassified,,neutral,0,0,none,simulated,simulated,neutral_default,False,False,recomputed
IBKR,3,5.35,5.67,5.71,74.5,C,8,,"Fintech, Payments & Digital Assets",,neutral,0,0,none,simulated,simulated,neutral_default,False,False,recomputed
IBM,1,5.41,6.08,6.01,79.0,C,5,,"AI Platforms, Models & Quantum",,neutral,0,0,none,simulated,simulated,neutral_default,False,False,recomputed
IBN,1,5.0,3.94,3.93,2.4,C,9,,Other / Unclassified,,neutral,0,0,none,simulated,simulated,neutral_default,False,False,recomputed
IBO,1,5.0,3.94,3.93,2.4,C,9,,Other / Unclassified,,neutral,0,0,none,simulated,simulated,neutral_default,False,False,recomputed
IBP,1,5.0,3.94,3.93,2.4,C,9,,Other / Unclassified,,neutral,0,0,none,simulated,simulated,neutral_default,False,False,recomputed
ICCC,3,5.0,3.95,3.93,2.4,C,9,,Other / Unclassified,,neutral,0,0,none,finnhub,finnhub,stock_market_proxy,False,False,recomputed
ICE,1,5.63,7.23,7.13,86.1,B,8,Financial Data & Stock Exchanges,"Fintech, Payments & Digital Assets",-12.0,neutral,6,6,high,simulated,simulated,neutral_default,False,False,recomputed
ICFI,3,5.0,3.95,3.93,2.4,C,9,,Other / Unclassified,,neutral,0,0,none,simulated,simulated,neutral_default,False,False,recomputed
ICHR,1,5.0,3.94,3.93,2.4,C,9,,Other / Unclassified,,neutral,0,0,none,simulated,simulated,neutral_default,False,False,recomputed
ICLR,1,4.92,3.52,3.52,1.4,B,9,Diagnostics & Research,Other / Unclassified,-19.1,neutral,6,6,high,simulated,simulated,neutral_default,False,False,recomputed
ICON,1,5.0,3.94,3.93,2.4,C,9,,Other / Unclassified,,neutral,0,0,none,simulated,simulated,neutral_default,False,False,recomputed
IDCC,1,5.0,3.94,3.93,2.4,C,9,,Other / Unclassified,,neutral,0,0,none,simulated,simulated,neutral_default,False,False,recomputed
IDE,3,5.59,6.85,6.93,84.8,B,9,Asset Management,Other / Unclassified,-10.3,elevated_volume,6,6,high,simulated,simulated,neutral_default,False,False,recomputed
IDN,1,5.0,3.94,3.93,2.4,C,9,,Other / Unclassified,,neutral,0,0,none,simulated,simulated,neutral_default,False,False,recomputed
IDT,3,5.44,6.11,6.16,81.1,A,8,Telecom Services,"Fintech, Payments & Digital Assets",-0.1,elevated_volume,8,8,high,finnhub,finnhub,stock_market_proxy,False,False,recomputed
IDXX,1,5.0,3.94,3.93,2.4,C,9,,Other / Unclassified,,neutral,0,0,none,simulated,simulated,neutral_default,False,False,recomputed
IEX,1,5.0,3.94,3.93,2.4,C,9,,Other / Unclassified,,neutral,0,0,none,simulated,simulated,neutral_default,False,False,recomputed
IFF,1,5.0,3.94,3.93,2.4,C,9,,Other / Unclassified,,neutral,0,0,none,simulated,simulated,neutral_default,False,False,recomputed
IFNNY,3,5.0,3.95,3.93,2.4,C,9,,Other / Unclassified,,neutral,0,0,none,simulated,simulated,neutral_default,False,False,recomputed
IFRX,3,6.22,9.95,10.0,96.5,B,9,Biotechnology,Other / Unclassified,-43.1,neutral,6,6,high,simulated,simulated,neutral_default,False,False,recomputed
IFS,3,5.0,3.95,3.93,2.4,C,9,,Other / Unclassified,,neutral,0,0,none,finnhub,finnhub,stock_market_proxy,False,False,recomputed
IGA,1,5.26,5.3,5.25,71.9,B,9,Asset Management,Other / Unclassified,-8.2,neutral,6,6,high,simulated,simulated,neutral_default,False,False,recomputed
IGIC,1,5.0,3.94,3.93,2.4,C,9,,Other / Unclassified,,neutral,0,0,none,simulated,simulated,neutral_default,False,False,recomputed
IH,1,5.43,6.19,6.11,81.1,B,9,Education & Training Services,Other / Unclassified,-59.1,low_volume,8,8,high,simulated,simulated,neutral_default,False,False,recomputed
IHG,1,5.0,3.94,3.93,2.4,C,9,,Other / Unclassified,,neutral,0,0,none,simulated,simulated,neutral_default,False,False,recomputed
IHS,1,5.0,3.94,3.93,2.4,C,9,,Other / Unclassified,,neutral,0,0,none,simulated,simulated,neutral_default,False,False,recomputed
IHT,3,5.0,3.95,3.93,2.4,C,9,,Other / Unclassified,,neutral,0,0,none,finnhub,finnhub,stock_market_proxy,False,False,recomputed
IIIV,3,5.0,3.95,3.93,2.4,C,9,,Other / Unclassified,,neutral,0,0,none,finnhub,finnhub,stock_market_proxy,False,False,recomputed
IINN,1,5.0,3.94,3.93,2.4,C,9,,Other / Unclassified,,neutral,0,0,none,simulated,simulated,neutral_default,False,False,recomputed
ILLR,1,6.73,10.0,10.0,96.5,B,6,Software - Application,"Enterprise Software, Services & Automation",-99.4,dark_pool_buying,8,8,high,simulated,simulated,neutral_default,False,False,recomputed
ILLRW,3,5.0,3.95,3.93,2.4,C,9,,Other / Unclassified,,neutral,0,0,none,simulated,simulated,neutral_default,False,False,recomputed
ILMN,1,5.0,3.94,3.93,2.4,C,9,,Other / Unclassified,,neutral,0,0,none,simulated,simulated,neutral_default,False,False,recomputed
ILPT,1,5.0,3.94,3.93,2.4,C,9,,Other / Unclassified,,neutral,0,0,none,simulated,simulated,neutral_default,False,False,recomputed
IMA,1,5.0,3.94,3.93,2.4,C,9,,Other / Unclassified,,neutral,0,0,none,simulated,simulated,neutral_default,False,False,recomputed
IMKTA,1,5.0,3.94,3.93,2.4,C,9,,Other / Unclassified,,neutral,0,0,none,simulated,simulated,neutral_default,False,False,recomputed
IMMP,3,5.0,3.95,3.93,2.4,C,9,,Other / Unclassified,,neutral,0,0,none,polygon,polygon,stock_market_proxy,False,False,recomputed
IMNM,3,5.0,3.95,3.93,2.4,C,9,,Other / Unclassified,,neutral,0,0,none,finnhub,finnhub,stock_market_proxy,False,False,recomputed
IMNN,1,5.0,3.94,3.93,2.4,C,9,,Other / Unclassified,,neutral,0,0,none,simulated,simulated,neutral_default,False,False,recomputed
IMOS,1,5.0,3.94,3.93,2.4,C,9,,Other / Unclassified,,neutral,0,0,none,simulated,simulated,neutral_default,False,False,recomputed
IMPP,1,5.0,3.94,3.93,2.4,C,9,,Other / Unclassified,,neutral,0,0,none,simulated,simulated,neutral_default,False,False,recomputed
IMPPP,1,5.0,3.94,3.93,2.4,C,9,,Other / Unclassified,,neutral,0,0,none,simulated,simulated,neutral_default,False,False,recomputed
IMRX,3,6.32,10.0,10.0,96.5,A,9,Biotechnology,Other / Unclassified,-53.7,neutral,6,6,high,finnhub,finnhub,stock_market_proxy,False,False,recomputed
IMSR,1,6.13,9.85,9.67,95.1,B,1,Utilities - Regulated Electric,"Energy, Power & Utilities",-86.5,neutral,5,5,substantial,simulated,simulated,neutral_default,False,False,recomputed
IMTE,3,5.0,3.95,3.93,2.4,C,9,,Other / Unclassified,,neutral,0,0,none,finnhub,finnhub,stock_market_proxy,False,False,recomputed
IMTX,3,5.0,3.95,3.93,2.4,C,9,,Other / Unclassified,,neutral,0,0,none,finnhub,finnhub,stock_market_proxy,False,False,recomputed
IMUX,1,5.0,3.94,3.93,2.4,C,9,,Other / Unclassified,,neutral,0,0,none,simulated,simulated,neutral_default,False,False,recomputed
INBK,2,4.91,3.44,3.47,1.2,B,9,Banks - Regional,Other / Unclassified,-11.4,low_volume,7,7,high,simulated,simulated,neutral_default,False,False,recomputed
INCY,1,5.0,3.94,3.93,2.4,C,9,,Other / Unclassified,,neutral,0,0,none,simulated,simulated,neutral_default,False,False,recomputed
INDB,2,5.61,7.02,7.03,85.2,B,9,Banks - Regional,Other / Unclassified,-9.6,neutral,6,6,high,simulated,simulated,neutral_default,False,False,recomputed
INDI,1,5.0,3.94,3.93,2.4,C,9,,Other / Unclassified,,neutral,0,0,none,simulated,simulated,neutral_default,False,False,recomputed
INDV,3,5.0,3.95,3.93,2.4,C,9,,Other / Unclassified,,neutral,0,0,none,simulated,simulated,neutral_default,False,False,recomputed
INFQ,3,5.0,3.95,3.93,2.4,C,9,,Other / Unclassified,,neutral,0,0,none,polygon,polygon,stock_market_proxy,False,False,recomputed
INFY,3,6.59,10.0,10.0,96.5,B,7,Information Technology Services,"Cybersecurity, Identity & Data Protection",-46.7,elevated_volume,7,7,high,simulated,simulated,neutral_default,False,False,recomputed
ING,1,5.0,3.94,3.93,2.4,C,9,,Other / Unclassified,,neutral,0,0,none,simulated,simulated,neutral_default,False,False,recomputed
INGM,1,5.0,3.94,3.93,2.4,C,9,,Other / Unclassified,,neutral,0,0,none,simulated,simulated,neutral_default,False,False,recomputed
INGN,3,5.38,5.82,5.86,78.2,B,9,Medical Devices,Other / Unclassified,-35.0,elevated_volume,7,7,high,simulated,simulated,neutral_default,False,False,recomputed
INGR,2,5.0,3.9,3.93,2.4,C,9,,Other / Unclassified,,neutral,0,0,none,simulated,simulated,neutral_default,False,False,recomputed
INKT,3,5.89,8.32,8.45,91.1,B,9,Biotechnology,Other / Unclassified,-23.7,dark_pool_buying,6,6,high,simulated,simulated,neutral_default,False,False,recomputed
INLF,2,5.51,6.51,6.52,82.2,B,9,Specialty Industrial Machinery,Other / Unclassified,-99.9,low_volume,8,8,high,simulated,simulated,neutral_default,False,False,recomputed
INM,3,5.0,3.95,3.93,2.4,C,9,,Other / Unclassified,,neutral,0,0,none,finnhub,finnhub,stock_market_proxy,False,False,recomputed
INMB,3,5.0,3.95,3.93,2.4,C,9,,Other / Unclassified,,neutral,0,0,none,finnhub,finnhub,stock_market_proxy,False,False,recomputed
INN,1,5.0,3.94,3.93,2.4,C,9,,Other / Unclassified,,neutral,0,0,none,simulated,simulated,neutral_default,False,False,recomputed
INNV,3,5.0,3.95,3.93,2.4,C,9,,Other / Unclassified,,neutral,0,0,none,polygon,polygon,stock_market_proxy,False,False,recomputed
INO,3,5.66,7.19,7.28,86.6,A,9,Biotechnology,Other / Unclassified,-56.2,neutral,5,5,substantial,polygon,polygon,stock_market_proxy,False,False,recomputed
INOD,1,5.0,3.94,3.93,2.4,C,9,,Other / Unclassified,,neutral,0,0,none,simulated,simulated,neutral_default,False,False,recomputed
INR,1,6.52,10.0,10.0,96.5,B,1,Oil & Gas E&P,"Energy, Power & Utilities",-29.5,neutral,7,7,high,simulated,simulated,neutral_default,False,False,recomputed
INTC,1,5.41,6.08,6.01,79.0,C,2,,Semiconductors & Chip Tools,,neutral,0,0,none,simulated,simulated,neutral_default,False,False,recomputed
INTJ,3,5.0,3.95,3.93,2.4,C,9,,Other / Unclassified,,neutral,0,0,none,simulated,simulated,neutral_default,False,False,recomputed
INTS,2,5.61,7.02,7.03,85.2,B,9,Biotechnology,Other / Unclassified,-88.5,neutral,5,5,substantial,simulated,simulated,neutral_default,False,False,recomputed
INTU,1,5.0,3.94,3.93,2.4,C,9,,Other / Unclassified,,neutral,0,0,none,simulated,simulated,neutral_default,False,False,recomputed
INTZ,2,5.74,7.68,7.69,88.4,B,7,Software - Infrastructure,"Cybersecurity, Identity & Data Protection",-66.0,low_volume,8,8,high,simulated,simulated,neutral_default,False,False,recomputed
INUV,1,5.0,3.94,3.93,2.4,C,9,,Other / Unclassified,,neutral,0,0,none,simulated,simulated,neutral_default,False,False,recomputed
INV,3,5.99,8.82,8.96,93.2,B,9,Asset Management,Other / Unclassified,-96.3,neutral,7,7,high,simulated,simulated,neutral_default,False,False,recomputed
INVH,1,5.0,3.94,3.93,2.4,C,9,,Other / Unclassified,,neutral,0,0,none,simulated,simulated,neutral_default,False,False,recomputed
IONQ,1,6.14,9.9,9.72,95.2,B,5,Computer Hardware,"AI Platforms, Models & Quantum",-49.6,neutral,7,7,high,simulated,simulated,neutral_default,False,False,recomputed
IONR,1,5.0,3.94,3.93,2.4,C,9,,Other / Unclassified,,neutral,0,0,none,simulated,simulated,neutral_default,False,False,recomputed
IONS,2,5.0,3.9,3.93,2.4,C,9,,Other / Unclassified,,neutral,0,0,none,simulated,simulated,neutral_default,False,False,recomputed
IOT,1,5.0,3.94,3.93,2.4,C,9,,Other / Unclassified,,neutral,0,0,none,simulated,simulated,neutral_default,False,False,recomputed
IP,1,6.41,10.0,10.0,96.5,B,9,Packaging & Containers,Other / Unclassified,-32.9,neutral,6,6,high,simulated,simulated,neutral_default,False,False,recomputed
IPCX,3,5.0,3.95,3.93,2.4,C,9,Shell Companies,Other / Unclassified,,neutral,2,2,partial,simulated,simulated,neutral_default,False,False,recomputed
IPDN,1,4.7,2.37,2.4,0.2,B,9,Staffing & Employment Services,Other / Unclassified,-20.5,low_volume,8,8,high,simulated,simulated,neutral_default,False,False,recomputed
IPGP,3,5.0,3.95,3.93,2.4,C,9,,Other / Unclassified,,neutral,0,0,none,simulated,simulated,neutral_default,False,False,recomputed
IPI,1,5.0,3.94,3.93,2.4,C,9,,Other / Unclassified,,neutral,0,0,none,simulated,simulated,neutral_default,False,False,recomputed
IPM,3,5.0,3.95,3.93,2.4,C,9,,Other / Unclassified,,neutral,0,0,none,simulated,simulated,neutral_default,False,False,recomputed
IPOD,1,5.0,3.94,3.93,2.4,C,9,,Other / Unclassified,,neutral,0,0,none,simulated,simulated,neutral_default,False,False,recomputed
IPW,3,5.0,3.95,3.93,2.4,C,9,,Other / Unclassified,,neutral,0,0,none,simulated,simulated,neutral_default,False,False,recomputed
IPX,2,5.94,8.71,8.71,92.3,B,9,Other Industrial Metals & Mining,Other / Unclassified,-73.7,neutral,5,5,substantial,simulated,simulated,neutral_default,False,False,recomputed
IQ,1,5.0,3.94,3.93,2.4,C,9,,Other / Unclassified,,neutral,0,0,none,simulated,simulated,neutral_default,False,False,recomputed
IQE,3,5.0,3.95,3.93,2.4,C,9,,Other / Unclassified,,neutral,0,0,none,simulated,simulated,neutral_default,False,False,recomputed
IQI,3,5.41,5.96,6.01,79.0,A,9,Asset Management,Other / Unclassified,-14.5,neutral,5,5,substantial,finnhub,finnhub,stock_market_proxy,False,False,recomputed
IQV,1,5.0,3.94,3.93,2.4,C,9,,Other / Unclassified,,neutral,0,0,none,simulated,simulated,neutral_default,False,False,recomputed
IR,3,5.19,4.88,4.89,69.8,B,9,Specialty Industrial Machinery,Other / Unclassified,-21.7,neutral,7,7,high,simulated,simulated,neutral_default,False,False,recomputed
IRAB,1,5.0,3.94,3.93,2.4,C,9,,Other / Unclassified,,neutral,0,0,none,simulated,simulated,neutral_default,False,False,recomputed
IRDM,1,4.92,3.52,3.52,1.4,B,9,Telecom Services,Other / Unclassified,-12.9,neutral,6,6,high,simulated,simulated,neutral_default,False,False,recomputed
IREN,1,5.35,5.77,5.71,74.5,C,3,,"Compute, Data Center & Network Infrastructure",,neutral,0,0,none,simulated,simulated,neutral_default,False,False,recomputed
IRIX,1,4.95,3.68,3.67,1.9,B,9,Medical Devices,Other / Unclassified,-43.6,elevated_volume,8,8,high,simulated,simulated,neutral_default,False,False,recomputed
IRM,1,5.52,6.66,6.57,82.8,B,3,REIT - Specialty,"Compute, Data Center & Network Infrastructure",-12.3,neutral,7,7,high,simulated,simulated,neutral_default,False,False,recomputed
IRMD,1,5.0,3.94,3.93,2.4,C,9,,Other / Unclassified,,neutral,0,0,none,simulated,simulated,neutral_default,False,False,recomputed
IRTC,1,5.0,3.94,3.93,2.4,C,9,,Other / Unclassified,,neutral,0,0,none,simulated,simulated,neutral_default,False,False,recomputed
ISD,3,5.31,5.47,5.5,72.9,A,9,Asset Management,Other / Unclassified,-16.9,neutral,5,5,substantial,finnhub,finnhub,stock_market_proxy,False,False,recomputed
ISRG,1,5.0,3.94,3.93,2.4,C,9,,Other / Unclassified,,neutral,0,0,none,simulated,simulated,neutral_default,False,False,recomputed
ITGR,3,5.0,3.95,3.93,2.4,C,9,,Other / Unclassified,,neutral,0,0,none,polygon,polygon,stock_market_proxy,False,False,recomputed
ITHA,1,5.0,3.94,3.93,2.4,C,9,,Other / Unclassified,,neutral,0,0,none,simulated,simulated,neutral_default,False,False,recomputed
ITRI,1,5.0,3.94,3.93,2.4,C,9,,Other / Unclassified,,neutral,0,0,none,simulated,simulated,neutral_default,False,False,recomputed
ITW,1,5.0,3.94,3.93,2.4,C,9,,Other / Unclassified,,neutral,0,0,none,simulated,simulated,neutral_default,False,False,recomputed
IVA,1,6.08,9.58,9.42,94.5,B,9,Biotechnology,Other / Unclassified,-52.9,dark_pool_buying,7,7,high,simulated,simulated,neutral_default,False,False,recomputed
IVPAF,3,5.53,6.55,6.62,83.2,B,9,Other Industrial Metals & Mining,Other / Unclassified,-41.6,low_volume,7,7,high,simulated,simulated,neutral_default,False,False,recomputed
IVR,1,5.0,3.94,3.93,2.4,C,9,,Other / Unclassified,,neutral,0,0,none,simulated,simulated,neutral_default,False,False,recomputed
IVT,3,5.0,3.95,3.93,2.4,C,9,,Other / Unclassified,,neutral,0,0,none,simulated,simulated,neutral_default,False,False,recomputed
J,3,5.23,5.08,5.1,70.4,A,9,Engineering & Construction,Other / Unclassified,-16.2,neutral,7,7,high,finnhub,finnhub,stock_market_proxy,False,False,recomputed
JACS,3,5.0,3.95,3.93,2.4,C,9,,Other / Unclassified,,neutral,0,0,none,simulated,simulated,neutral_default,False,False,recomputed
JAGX,2,5.0,3.9,3.93,2.4,C,9,,Other / Unclassified,,neutral,0,0,none,simulated,simulated,neutral_default,False,False,recomputed
JAN,3,5.0,3.95,3.93,2.4,C,9,,Other / Unclassified,,neutral,0,0,none,simulated,simulated,neutral_default,False,False,recomputed
JBDI,3,5.84,8.08,8.2,90.3,A,9,Specialty Retail,Other / Unclassified,-76.4,neutral,7,7,high,finnhub,finnhub,stock_market_proxy,False,False,recomputed
JBGS,3,5.95,8.62,8.76,92.6,A,9,REIT - Diversified,Other / Unclassified,-47.6,neutral,6,6,high,finnhub,finnhub,stock_market_proxy,False,False,recomputed
JBHT,1,5.42,6.13,6.06,80.5,B,9,Integrated Freight & Logistics,Other / Unclassified,-25.3,neutral,7,7,high,simulated,simulated,neutral_default,False,False,recomputed
JBIO,1,6.22,10.0,10.0,96.5,B,9,Biotechnology,Other / Unclassified,-48.7,neutral,5,5,substantial,simulated,simulated,neutral_default,False,False,recomputed
JBL,3,5.0,3.95,3.93,2.4,C,9,,Other / Unclassified,,neutral,0,0,none,simulated,simulated,neutral_default,False,False,recomputed
JBLU,1,5.0,3.94,3.93,2.4,C,9,,Other / Unclassified,,neutral,0,0,none,simulated,simulated,neutral_default,False,False,recomputed
JBSS,1,5.0,3.94,3.93,2.4,C,9,,Other / Unclassified,,neutral,0,0,none,simulated,simulated,neutral_default,False,False,recomputed
JCAP,1,5.0,3.94,3.93,2.4,C,9,,Other / Unclassified,,neutral,0,0,none,simulated,simulated,neutral_default,False,False,recomputed
JCE,3,5.06,4.24,4.23,67.5,A,9,Asset Management,Other / Unclassified,0.0,neutral,5,5,substantial,polygon,polygon,stock_market_proxy,False,False,recomputed
JCI,1,5.0,3.94,3.93,2.4,C,9,,Other / Unclassified,,neutral,0,0,none,simulated,simulated,neutral_default,False,False,recomputed
JD,1,5.0,3.94,3.93,2.4,C,9,,Other / Unclassified,,neutral,0,0,none,simulated,simulated,neutral_default,False,False,recomputed
JELD,3,5.61,6.95,7.03,85.2,A,9,Building Products & Equipment,Other / Unclassified,-63.5,neutral,6,6,high,finnhub,finnhub,stock_market_proxy,False,False,recomputed
JEM,3,5.36,5.72,5.76,77.6,B,9,Apparel Retail,Other / Unclassified,-96.1,low_volume,8,8,high,simulated,simulated,neutral_default,False,False,recomputed
JFIN,2,5.0,3.9,3.93,2.4,C,9,,Other / Unclassified,,neutral,0,0,none,simulated,simulated,neutral_default,False,False,recomputed
JFR,2,5.37,5.79,5.81,78.0,B,9,Asset Management,Other / Unclassified,-5.0,elevated_volume,6,6,high,simulated,simulated,neutral_default,False,False,recomputed
JFU,2,5.0,3.9,3.93,2.4,C,9,,Other / Unclassified,,neutral,0,0,none,simulated,simulated,neutral_default,False,False,recomputed
JG,3,5.56,6.7,6.77,83.9,A,6,Software - Application,"Enterprise Software, Services & Automation",-18.3,neutral,7,7,high,finnhub,finnhub,stock_market_proxy,False,False,recomputed
JHG,3,5.0,3.95,3.93,2.4,C,9,,Other / Unclassified,,neutral,0,0,none,polygon,polygon,stock_market_proxy,False,False,recomputed
JHI,1,5.0,3.94,3.93,2.4,C,9,,Other / Unclassified,,neutral,0,0,none,simulated,simulated,neutral_default,False,False,recomputed
JHS,3,5.0,3.95,3.93,2.4,C,9,,Other / Unclassified,,neutral,0,0,none,finnhub,finnhub,stock_market_proxy,False,False,recomputed
JKHY,1,5.0,3.94,3.93,2.4,C,9,,Other / Unclassified,,neutral,0,0,none,simulated,simulated,neutral_default,False,False,recomputed
JKS,1,5.0,3.94,3.93,2.4,C,9,,Other / Unclassified,,neutral,0,0,none,simulated,simulated,neutral_default,False,False,recomputed
JL,3,5.0,3.95,3.93,2.4,C,9,,Other / Unclassified,,neutral,0,0,none,polygon,polygon,stock_market_proxy,False,False,recomputed
JLHL,1,5.0,3.94,3.93,2.4,C,9,,Other / Unclassified,,neutral,0,0,none,simulated,simulated,neutral_default,False,False,recomputed
JLL,1,5.0,3.94,3.93,2.4,C,9,,Other / Unclassified,,neutral,0,0,none,simulated,simulated,neutral_default,False,False,recomputed
JLS,3,5.0,3.95,3.93,2.4,C,9,,Other / Unclassified,,neutral,0,0,none,simulated,simulated,neutral_default,False,False,recomputed
JMIA,1,5.0,3.94,3.93,2.4,C,9,,Other / Unclassified,,neutral,0,0,none,simulated,simulated,neutral_default,False,False,recomputed
JMM,1,5.0,3.94,3.93,2.4,C,9,,Other / Unclassified,,neutral,0,0,none,simulated,simulated,neutral_default,False,False,recomputed
JNJ,1,5.33,5.66,5.61,73.8,B,9,Drug Manufacturers - General,Other / Unclassified,-7.2,neutral,7,7,high,simulated,simulated,neutral_default,False,False,recomputed
JOB,1,4.99,3.88,3.88,2.4,B,9,Staffing & Employment Services,Other / Unclassified,-18.5,neutral,7,7,high,simulated,simulated,neutral_default,False,False,recomputed
JOBY,1,6.4,10.0,10.0,96.5,B,9,Airports & Air Services,Other / Unclassified,-68.2,neutral,7,7,high,simulated,simulated,neutral_default,False,False,recomputed
JOYY,1,5.0,3.94,3.93,2.4,C,9,,Other / Unclassified,,neutral,0,0,none,simulated,simulated,neutral_default,False,False,recomputed
JPC,1,5.0,3.94,3.93,2.4,C,9,,Other / Unclassified,,neutral,0,0,none,simulated,simulated,neutral_default,False,False,recomputed
JPM,1,5.0,3.94,3.93,2.4,C,9,,Other / Unclassified,,neutral,0,0,none,simulated,simulated,neutral_default,False,False,recomputed
JQC,3,5.0,3.95,3.93,2.4,C,9,,Other / Unclassified,,neutral,0,0,none,finnhub,finnhub,stock_market_proxy,False,False,recomputed
JRI,1,5.0,3.94,3.93,2.4,C,9,,Other / Unclassified,,neutral,0,0,none,simulated,simulated,neutral_default,False,False,recomputed
JRSH,3,5.0,3.95,3.93,2.4,C,9,,Other / Unclassified,,neutral,0,0,none,simulated,simulated,neutral_default,False,False,recomputed
JSPRW,3,5.0,3.95,3.93,2.4,C,9,,Other / Unclassified,,neutral,0,0,none,simulated,simulated,neutral_default,False,False,recomputed
JWEL,1,5.0,3.94,3.93,2.4,C,9,,Other / Unclassified,,neutral,0,0,none,simulated,simulated,neutral_default,False,False,recomputed
JXN,3,5.0,3.95,3.93,2.4,C,9,,Other / Unclassified,,neutral,0,0,none,simulated,simulated,neutral_default,False,False,recomputed
JYNT,1,6.09,9.64,9.47,94.7,B,9,Medical Care Facilities,Other / Unclassified,-31.6,neutral,7,7,high,simulated,simulated,neutral_default,False,False,recomputed
JZ,1,6.12,9.79,9.62,94.9,B,6,Information Technology Services,"Enterprise Software, Services & Automation",-99.5,low_volume,8,8,high,simulated,simulated,neutral_default,False,False,recomputed
KALA,3,5.0,3.95,3.93,2.4,C,9,,Other / Unclassified,,neutral,0,0,none,polygon,polygon,stock_market_proxy,False,False,recomputed
KALU,3,5.0,3.95,3.93,2.4,C,9,,Other / Unclassified,,neutral,0,0,none,simulated,simulated,neutral_default,False,False,recomputed
KARO,1,5.0,3.94,3.93,2.4,C,9,,Other / Unclassified,,neutral,0,0,none,simulated,simulated,neutral_default,False,False,recomputed
KB,1,5.0,3.94,3.93,2.4,C,9,,Other / Unclassified,,neutral,0,0,none,simulated,simulated,neutral_default,False,False,recomputed
KBR,3,5.0,3.95,3.93,2.4,C,9,,Other / Unclassified,,neutral,0,0,none,simulated,simulated,neutral_default,False,False,recomputed
KC,1,5.0,3.94,3.93,2.4,C,9,,Other / Unclassified,,neutral,0,0,none,simulated,simulated,neutral_default,False,False,recomputed
KCHVR,3,5.23,5.08,5.1,70.4,C,9,,Other / Unclassified,,neutral,1,1,partial,simulated,simulated,neutral_default,False,False,recomputed
KDK,3,5.0,3.95,3.93,2.4,C,9,,Other / Unclassified,,neutral,0,0,none,finnhub,finnhub,stock_market_proxy,False,False,recomputed
KDKRW,1,7.04,10.0,10.0,96.5,B,9,,Other / Unclassified,-83.5,dark_pool_buying,6,6,high,simulated,simulated,neutral_default,False,False,recomputed
KDP,1,5.0,3.94,3.93,2.4,C,9,,Other / Unclassified,,neutral,0,0,none,simulated,simulated,neutral_default,False,False,recomputed
KEEL,3,5.35,5.67,5.71,74.5,C,3,,"Compute, Data Center & Network Infrastructure",,neutral,0,0,none,finnhub,finnhub,stock_market_proxy,False,False,recomputed
KEYS,1,5.0,3.94,3.93,2.4,C,9,,Other / Unclassified,,neutral,0,0,none,simulated,simulated,neutral_default,False,False,recomputed
KFFB,1,4.92,3.52,3.52,1.4,B,9,Banks - Regional,Other / Unclassified,-10.0,neutral,6,6,high,simulated,simulated,neutral_default,False,False,recomputed
KFIIU,1,5.0,3.94,3.93,2.4,C,9,,Other / Unclassified,,neutral,0,0,none,simulated,simulated,neutral_default,False,False,recomputed
KFRC,1,5.0,3.94,3.93,2.4,C,9,,Other / Unclassified,,neutral,0,0,none,simulated,simulated,neutral_default,False,False,recomputed
KFS,3,5.0,3.95,3.93,2.4,C,9,,Other / Unclassified,,neutral,0,0,none,finnhub,finnhub,stock_market_proxy,False,False,recomputed
KG,1,5.0,3.94,3.93,2.4,C,9,,Other / Unclassified,,neutral,0,0,none,simulated,simulated,neutral_default,False,False,recomputed
KGC,3,5.0,3.95,3.93,2.4,C,9,,Other / Unclassified,,neutral,0,0,none,polygon,polygon,stock_market_proxy,False,False,recomputed
KHC,1,5.0,3.94,3.93,2.4,C,9,,Other / Unclassified,,neutral,0,0,none,simulated,simulated,neutral_default,False,False,recomputed
KIDZ,1,5.0,3.94,3.93,2.4,C,9,,Other / Unclassified,,neutral,0,0,none,simulated,simulated,neutral_default,False,False,recomputed
KIM,1,5.9,8.64,8.5,91.6,B,9,REIT - Retail,Other / Unclassified,-16.2,neutral,6,6,high,simulated,simulated,neutral_default,False,False,recomputed
KIO,1,5.0,3.94,3.93,2.4,C,9,,Other / Unclassified,,neutral,0,0,none,simulated,simulated,neutral_default,False,False,recomputed
KKR,1,6.28,10.0,10.0,96.5,B,7,Asset Management,"Cybersecurity, Identity & Data Protection",-36.8,neutral,7,7,high,simulated,simulated,neutral_default,False,False,recomputed
KKRT,1,5.0,3.94,3.93,2.4,C,9,,Other / Unclassified,,neutral,0,0,none,simulated,simulated,neutral_default,False,False,recomputed
KLAC,1,5.34,5.71,5.66,74.1,B,2,Semiconductor Equipment & Materials,Semiconductors & Chip Tools,-34.7,neutral,7,7,high,simulated,simulated,neutral_default,False,False,recomputed
KLIC,1,6.01,9.22,9.06,93.5,B,2,Semiconductor Equipment & Materials,Semiconductors & Chip Tools,-28.9,neutral,7,7,high,simulated,simulated,neutral_default,False,False,recomputed
KLRS,1,5.0,3.94,3.93,2.4,C,9,,Other / Unclassified,,neutral,0,0,none,simulated,simulated,neutral_default,False,False,recomputed
KMB,1,5.0,3.94,3.93,2.4,C,9,,Other / Unclassified,,neutral,0,0,none,simulated,simulated,neutral_default,False,False,recomputed
KMDA,3,5.0,3.95,3.93,2.4,C,9,,Other / Unclassified,,neutral,0,0,none,polygon,polygon,stock_market_proxy,False,False,recomputed
KMI,1,5.0,3.94,3.93,2.4,C,9,,Other / Unclassified,,neutral,0,0,none,simulated,simulated,neutral_default,False,False,recomputed
KMRK,3,5.59,6.85,6.93,84.8,B,9,Leisure,Other / Unclassified,-74.9,low_volume,8,8,high,simulated,simulated,neutral_default,False,False,recomputed
KMX,1,5.0,3.94,3.93,2.4,C,9,,Other / Unclassified,,neutral,0,0,none,simulated,simulated,neutral_default,False,False,recomputed
KNTK,1,5.0,3.94,3.93,2.4,C,9,,Other / Unclassified,,neutral,0,0,none,simulated,simulated,neutral_default,False,False,recomputed
KNX,3,5.38,5.82,5.86,78.2,B,9,Trucking,Other / Unclassified,-22.6,neutral,7,7,high,simulated,simulated,neutral_default,False,False,recomputed
KO,1,5.0,3.94,3.93,2.4,C,9,,Other / Unclassified,,neutral,0,0,none,simulated,simulated,neutral_default,False,False,recomputed
KODK,1,5.0,3.94,3.93,2.4,C,9,,Other / Unclassified,,neutral,0,0,none,simulated,simulated,neutral_default,False,False,recomputed
KOP,1,5.0,3.94,3.93,2.4,C,9,,Other / Unclassified,,neutral,0,0,none,simulated,simulated,neutral_default,False,False,recomputed
KOSS,1,5.0,3.94,3.93,2.4,C,9,,Other / Unclassified,,neutral,0,0,none,simulated,simulated,neutral_default,False,False,recomputed
KOYNU,2,5.37,5.79,5.81,78.0,B,9,Shell Companies,Other / Unclassified,-0.7,low_volume,6,6,high,simulated,simulated,neutral_default,False,False,recomputed
KPLT,1,6.42,10.0,10.0,96.5,B,4,Software - Infrastructure,"Cloud, Data & Developer Infrastructure",-73.4,neutral,6,6,high,simulated,simulated,neutral_default,False,False,recomputed
KR,1,5.42,6.13,6.06,80.5,B,9,Grocery Stores,Other / Unclassified,-20.7,neutral,6,6,high,simulated,simulated,neutral_default,False,False,recomputed
KRAQ,1,5.0,3.94,3.93,2.4,C,9,,Other / Unclassified,,neutral,0,0,none,simulated,simulated,neutral_default,False,False,recomputed
KRT,1,5.0,3.94,3.93,2.4,C,9,,Other / Unclassified,,neutral,0,0,none,simulated,simulated,neutral_default,False,False,recomputed
KRYS,3,5.0,3.95,3.93,2.4,C,9,,Other / Unclassified,,neutral,0,0,none,simulated,simulated,neutral_default,False,False,recomputed
KTH,1,5.0,3.94,3.93,2.4,C,9,,Other / Unclassified,,neutral,0,0,none,simulated,simulated,neutral_default,False,False,recomputed
KTN,3,5.0,3.95,3.93,2.4,C,9,,Other / Unclassified,,neutral,0,0,none,simulated,simulated,neutral_default,False,False,recomputed
KTOS,1,5.0,3.94,3.93,2.4,C,9,,Other / Unclassified,,neutral,0,0,none,simulated,simulated,neutral_default,False,False,recomputed
KTWO,2,5.0,3.9,3.93,2.4,C,9,,Other / Unclassified,,neutral,0,0,none,simulated,simulated,neutral_default,False,False,recomputed
KULR,1,5.94,8.85,8.71,92.3,B,1,Electronic Components,"Energy, Power & Utilities",-51.1,neutral,7,7,high,simulated,simulated,neutral_default,False,False,recomputed
KURA,1,5.97,9.01,8.86,92.9,B,9,Biotechnology,Other / Unclassified,-21.5,neutral,7,7,high,simulated,simulated,neutral_default,False,False,recomputed
KVACW,1,5.0,3.94,3.93,2.4,C,9,,Other / Unclassified,,neutral,0,0,none,simulated,simulated,neutral_default,False,False,recomputed
KVHI,2,5.0,3.9,3.93,2.4,C,9,,Other / Unclassified,,neutral,0,0,none,simulated,simulated,neutral_default,False,False,recomputed
KVUE,1,5.0,3.94,3.93,2.4,C,9,,Other / Unclassified,,neutral,0,0,none,simulated,simulated,neutral_default,False,False,recomputed
KVYO,3,5.35,5.67,5.71,74.5,C,6,,"Enterprise Software, Services & Automation",,neutral,0,0,none,simulated,simulated,neutral_default,False,False,recomputed
KW,1,5.0,3.94,3.93,2.4,C,9,,Other / Unclassified,,neutral,0,0,none,simulated,simulated,neutral_default,False,False,recomputed
KWM,3,5.0,3.95,3.93,2.4,C,9,,Other / Unclassified,,neutral,0,0,none,simulated,simulated,neutral_default,False,False,recomputed
KWMWW,1,5.0,3.94,3.93,2.4,C,9,,Other / Unclassified,,neutral,0,0,none,simulated,simulated,neutral_default,False,False,recomputed
KWR,1,5.0,3.94,3.93,2.4,C,9,,Other / Unclassified,,neutral,0,0,none,simulated,simulated,neutral_default,False,False,recomputed
KYIVW,1,5.0,3.94,3.93,2.4,C,9,,Other / Unclassified,,neutral,0,0,none,simulated,simulated,neutral_default,False,False,recomputed
KYMR,3,5.0,3.95,3.93,2.4,C,9,,Other / Unclassified,,neutral,0,0,none,simulated,simulated,neutral_default,False,False,recomputed
KYOCY,3,5.0,3.95,3.93,2.4,C,9,,Other / Unclassified,,neutral,0,0,none,simulated,simulated,neutral_default,False,False,recomputed
KZIA,1,5.0,3.94,3.93,2.4,C,9,,Other / Unclassified,,neutral,0,0,none,simulated,simulated,neutral_default,False,False,recomputed
L,1,5.0,3.94,3.93,2.4,C,9,,Other / Unclassified,,neutral,0,0,none,simulated,simulated,neutral_default,False,False,recomputed
LAB,1,5.75,7.86,7.74,88.7,B,9,Medical Devices,Other / Unclassified,-59.5,neutral,7,7,high,simulated,simulated,neutral_default,False,False,recomputed
LABT,1,5.0,3.94,3.93,2.4,C,9,,Other / Unclassified,,neutral,0,0,none,simulated,simulated,neutral_default,False,False,recomputed
LAC,1,5.94,8.85,8.71,92.3,B,9,Other Industrial Metals & Mining,Other / Unclassified,-76.0,neutral,6,6,high,simulated,simulated,neutral_default,False,False,recomputed
LADR,1,5.0,3.94,3.93,2.4,C,9,,Other / Unclassified,,neutral,0,0,none,simulated,simulated,neutral_default,False,False,recomputed
LAES,3,6.7,10.0,10.0,96.5,B,2,Semiconductors,Semiconductors & Chip Tools,-69.4,neutral,7,7,high,simulated,simulated,neutral_default,False,False,recomputed
LANV,1,5.0,3.94,3.93,2.4,C,9,,Other / Unclassified,,neutral,0,0,none,simulated,simulated,neutral_default,False,False,recomputed
LARK,3,5.0,3.95,3.93,2.4,C,9,,Other / Unclassified,,neutral,0,0,none,polygon,polygon,stock_market_proxy,False,False,recomputed
LASE,3,6.17,9.7,9.87,95.7,A,2,Specialty Industrial Machinery,Semiconductors & Chip Tools,-82.9,low_volume,8,8,high,finnhub,finnhub,stock_market_proxy,False,False,recomputed
LASR,1,6.09,9.64,9.47,94.7,B,2,Semiconductors,Semiconductors & Chip Tools,-53.1,neutral,7,7,high,simulated,simulated,neutral_default,False,False,recomputed
LAW,1,5.0,3.94,3.93,2.4,C,9,,Other / Unclassified,,neutral,0,0,none,simulated,simulated,neutral_default,False,False,recomputed
LAZ,3,5.0,3.95,3.93,2.4,C,9,,Other / Unclassified,,neutral,0,0,none,finnhub,finnhub,stock_market_proxy,False,False,recomputed
LBGJ,1,5.0,3.94,3.93,2.4,C,9,,Other / Unclassified,,neutral,0,0,none,simulated,simulated,neutral_default,False,False,recomputed
LBRDA,3,5.0,3.95,3.93,2.4,C,9,,Other / Unclassified,,neutral,0,0,none,polygon,polygon,stock_market_proxy,False,False,recomputed
LBRX,3,5.0,3.95,3.93,2.4,C,9,,Other / Unclassified,,neutral,0,0,none,simulated,simulated,neutral_default,False,False,recomputed
LBTYA,1,5.0,3.94,3.93,2.4,C,9,,Other / Unclassified,,neutral,0,0,none,simulated,simulated,neutral_default,False,False,recomputed
LBTYB,1,5.0,3.94,3.93,2.4,C,9,,Other / Unclassified,,neutral,0,0,none,simulated,simulated,neutral_default,False,False,recomputed
LC,1,5.0,3.94,3.93,2.4,C,9,,Other / Unclassified,,neutral,0,0,none,simulated,simulated,neutral_default,False,False,recomputed
LCCCR,1,5.0,3.94,3.93,2.4,C,9,,Other / Unclassified,,neutral,0,0,none,simulated,simulated,neutral_default,False,False,recomputed
LCFY,3,5.0,3.95,3.93,2.4,C,9,,Other / Unclassified,,neutral,0,0,none,finnhub,finnhub,stock_market_proxy,False,False,recomputed
LCID,1,5.0,3.94,3.93,2.4,C,9,,Other / Unclassified,,neutral,0,0,none,simulated,simulated,neutral_default,False,False,recomputed
LCNB,3,5.0,3.95,3.93,2.4,C,9,,Other / Unclassified,,neutral,0,0,none,finnhub,finnhub,stock_market_proxy,False,False,recomputed
LCUT,1,5.0,3.94,3.93,2.4,C,9,,Other / Unclassified,,neutral,0,0,none,simulated,simulated,neutral_default,False,False,recomputed
LDI,3,5.0,3.95,3.93,2.4,C,9,,Other / Unclassified,,neutral,0,0,none,finnhub,finnhub,stock_market_proxy,False,False,recomputed
LDOS,1,6.7,10.0,10.0,96.5,B,6,Information Technology Services,"Enterprise Software, Services & Automation",-42.4,neutral,7,7,high,simulated,simulated,neutral_default,False,False,recomputed
LDP,2,5.31,5.49,5.5,72.9,B,9,Asset Management,Other / Unclassified,-8.7,neutral,5,5,substantial,simulated,simulated,neutral_default,False,False,recomputed
LE,3,5.0,3.95,3.93,2.4,C,9,,Other / Unclassified,,neutral,0,0,none,simulated,simulated,neutral_default,False,False,recomputed
LECO,3,5.0,3.95,3.93,2.4,C,9,,Other / Unclassified,,neutral,0,0,none,simulated,simulated,neutral_default,False,False,recomputed
LEDS,3,5.0,3.95,3.93,2.4,C,9,,Other / Unclassified,,neutral,0,0,none,simulated,simulated,neutral_default,False,False,recomputed
LEGN,3,5.0,3.95,3.93,2.4,C,9,,Other / Unclassified,,neutral,0,0,none,polygon,polygon,stock_market_proxy,False,False,recomputed
LEN,1,6.2,10.0,10.0,96.5,B,9,Residential Construction,Other / Unclassified,-41.5,dark_pool_buying,8,8,high,simulated,simulated,neutral_default,False,False,recomputed
LESL,3,5.0,3.95,3.93,2.4,C,9,,Other / Unclassified,,neutral,0,0,none,polygon,polygon,stock_market_proxy,False,False,recomputed
LEU,1,5.35,5.77,5.71,74.5,C,1,,"Energy, Power & Utilities",,neutral,0,0,none,simulated,simulated,neutral_default,False,False,recomputed
LFAC,3,5.0,3.95,3.93,2.4,C,9,,Other / Unclassified,,neutral,0,0,none,finnhub,finnhub,stock_market_proxy,False,False,recomputed
LFACU,3,5.0,3.95,3.93,2.4,C,9,,Other / Unclassified,,neutral,0,0,none,finnhub,finnhub,stock_market_proxy,False,False,recomputed
LFCR,1,5.0,3.94,3.93,2.4,C,9,,Other / Unclassified,,neutral,0,0,none,simulated,simulated,neutral_default,False,False,recomputed
LFMD,3,6.23,10.0,10.0,96.5,A,9,Health Information Services,Other / Unclassified,-58.0,neutral,6,6,high,finnhub,finnhub,stock_market_proxy,False,False,recomputed
LFMDP,1,5.8,8.12,7.99,89.5,B,9,Health Information Services,Other / Unclassified,-4.1,dark_pool_buying,7,7,high,simulated,simulated,neutral_default,False,False,recomputed
LFST,3,5.24,5.13,5.15,71.7,A,9,Medical Care Facilities,Other / Unclassified,-9.5,low_volume,8,8,high,polygon,polygon,stock_market_proxy,False,False,recomputed
LFVN,1,5.36,5.82,5.76,77.6,B,9,Packaged Foods,Other / Unclassified,-43.5,neutral,7,7,high,simulated,simulated,neutral_default,False,False,recomputed
LGCL,3,5.0,3.95,3.93,2.4,C,9,,Other / Unclassified,,neutral,0,0,none,finnhub,finnhub,stock_market_proxy,False,False,recomputed
LGCY,1,5.0,3.94,3.93,2.4,C,9,,Other / Unclassified,,neutral,0,0,none,simulated,simulated,neutral_default,False,False,recomputed
LGL,1,5.13,4.62,4.59,68.5,B,9,Scientific & Technical Instruments,Other / Unclassified,-11.2,low_volume,8,8,high,simulated,simulated,neutral_default,False,False,recomputed
LGRDY,3,5.0,3.95,3.93,2.4,C,9,,Other / Unclassified,,neutral,0,0,none,simulated,simulated,neutral_default,False,False,recomputed
LGVN,3,5.0,3.95,3.93,2.4,C,9,,Other / Unclassified,,neutral,0,0,none,polygon,polygon,stock_market_proxy,False,False,recomputed
LHX,1,5.0,3.94,3.93,2.4,C,9,,Other / Unclassified,,neutral,0,0,none,simulated,simulated,neutral_default,False,False,recomputed
LII,3,5.7,7.39,7.49,87.4,A,9,Building Products & Equipment,Other / Unclassified,-37.2,neutral,5,5,substantial,polygon,polygon,stock_market_proxy,False,False,recomputed
LILA,3,5.73,7.54,7.64,88.0,A,3,Telecom Services,"Compute, Data Center & Network Infrastructure",0.0,neutral,6,6,high,finnhub,finnhub,stock_market_proxy,False,False,recomputed
LIN,1,5.0,3.94,3.93,2.4,C,9,,Other / Unclassified,,neutral,0,0,none,simulated,simulated,neutral_default,False,False,recomputed
LITE,1,5.53,6.71,6.62,83.2,B,2,Communication Equipment,Semiconductors & Chip Tools,-2.0,neutral,7,7,high,simulated,simulated,neutral_default,False,False,recomputed
LITS,3,5.0,3.95,3.93,2.4,C,9,,Other / Unclassified,,neutral,0,0,none,finnhub,finnhub,stock_market_proxy,False,False,recomputed
LIVN,1,5.0,3.94,3.93,2.4,C,9,,Other / Unclassified,,neutral,0,0,none,simulated,simulated,neutral_default,False,False,recomputed
LKSP,3,5.0,3.95,3.93,2.4,C,9,,Other / Unclassified,,neutral,0,0,none,simulated,simulated,neutral_default,False,False,recomputed
LKSPR,1,5.0,3.94,3.93,2.4,C,9,,Other / Unclassified,,neutral,0,0,none,simulated,simulated,neutral_default,False,False,recomputed
LLY,1,5.0,3.94,3.93,2.4,C,9,,Other / Unclassified,,neutral,0,0,none,simulated,simulated,neutral_default,False,False,recomputed
LMND,1,5.0,3.94,3.93,2.4,C,9,,Other / Unclassified,,neutral,0,0,none,simulated,simulated,neutral_default,False,False,recomputed
LMNR,3,5.0,3.95,3.93,2.4,C,9,,Other / Unclassified,,neutral,0,0,none,simulated,simulated,neutral_default,False,False,recomputed
LMT,1,5.0,3.94,3.93,2.4,C,9,,Other / Unclassified,,neutral,0,0,none,simulated,simulated,neutral_default,False,False,recomputed
LNC,1,5.0,3.94,3.93,2.4,C,9,,Other / Unclassified,,neutral,0,0,none,simulated,simulated,neutral_default,False,False,recomputed
LND,1,5.0,3.94,3.93,2.4,C,9,,Other / Unclassified,,neutral,0,0,none,simulated,simulated,neutral_default,False,False,recomputed
LNKS,3,5.0,3.95,3.93,2.4,C,9,,Other / Unclassified,,neutral,0,0,none,simulated,simulated,neutral_default,False,False,recomputed
LNT,1,5.9,8.64,8.5,91.6,B,1,Utilities - Regulated Electric,"Energy, Power & Utilities",-15.8,neutral,6,6,high,simulated,simulated,neutral_default,False,False,recomputed
LNVGY,3,5.0,3.95,3.93,2.4,C,9,,Other / Unclassified,,neutral,0,0,none,simulated,simulated,neutral_default,False,False,recomputed
LNZA,2,5.76,7.79,7.79,88.9,B,9,Waste Management,Other / Unclassified,-85.7,neutral,6,6,high,simulated,simulated,neutral_default,False,False,recomputed
LNZAW,2,5.23,5.08,5.1,70.4,C,9,,Other / Unclassified,,neutral,2,2,partial,polygon,polygon,stock_market_proxy,False,False,recomputed
LOCO,2,5.38,5.84,5.86,78.2,A,9,Restaurants,Other / Unclassified,-14.9,neutral,6,6,high,polygon,polygon,stock_market_proxy,False,False,recomputed
LODE,2,5.0,3.9,3.93,2.4,C,9,,Other / Unclassified,,neutral,0,0,none,polygon,polygon,stock_market_proxy,False,False,recomputed
LOGI,3,5.0,3.95,3.93,2.4,C,9,,Other / Unclassified,,neutral,0,0,none,polygon,polygon,stock_market_proxy,False,False,recomputed
LONA,2,5.0,3.9,3.93,2.4,C,9,,Other / Unclassified,,neutral,0,0,none,polygon,polygon,stock_market_proxy,False,False,recomputed
LOT,2,5.91,8.55,8.55,91.7,A,9,Auto Manufacturers,Other / Unclassified,-64.2,low_volume,8,8,high,polygon,polygon,stock_market_proxy,False,False,recomputed
LOVE,3,5.3,5.42,5.45,72.6,B,9,"Furnishings, Fixtures & Appliances",Other / Unclassified,-23.4,low_volume,6,6,high,simulated,simulated,neutral_default,False,False,recomputed
LOW,2,5.7,7.48,7.49,87.4,A,9,Home Improvement Retail,Other / Unclassified,-36.1,neutral,7,7,high,polygon,polygon,stock_market_proxy,False,False,recomputed
LPAA,3,5.0,3.95,3.93,2.4,C,9,,Other / Unclassified,,neutral,0,0,none,finnhub,finnhub,stock_market_proxy,False,False,recomputed
LPAAW,2,5.0,3.9,3.93,2.4,C,9,,Other / Unclassified,,neutral,1,1,partial,polygon,polygon,stock_market_proxy,False,False,recomputed
LPCN,2,5.74,7.68,7.69,88.4,A,9,Biotechnology,Other / Unclassified,-80.5,elevated_volume,8,8,high,polygon,polygon,stock_market_proxy,False,False,recomputed
LPCV,3,5.0,3.95,3.93,2.4,C,9,,Other / Unclassified,,neutral,0,0,none,finnhub,finnhub,stock_market_proxy,False,False,recomputed
LPCVU,2,5.0,3.9,3.93,2.4,C,9,,Other / Unclassified,,neutral,0,0,none,polygon,polygon,stock_market_proxy,False,False,recomputed
LPCVW,2,5.23,5.08,5.1,70.4,C,9,,Other / Unclassified,,neutral,1,1,partial,polygon,polygon,stock_market_proxy,False,False,recomputed
LPKF,3,5.0,3.95,3.93,2.4,C,9,,Other / Unclassified,,neutral,0,0,none,simulated,simulated,neutral_default,False,False,recomputed
LPLA,2,5.35,5.69,5.71,74.5,C,8,,"Fintech, Payments & Digital Assets",,neutral,0,0,none,finnhub,finnhub,stock_market_proxy,False,False,recomputed
LPRO,2,5.0,3.9,3.93,2.4,C,9,,Other / Unclassified,,neutral,0,0,none,simulated,simulated,neutral_default,False,False,recomputed
LPTH,3,5.0,3.95,3.93,2.4,C,9,,Other / Unclassified,,neutral,0,0,none,simulated,simulated,neutral_default,False,False,recomputed
LQDA,2,7.59,10.0,10.0,96.5,A,9,Drug Manufacturers - Specialty & Generic,Other / Unclassified,-70.7,dark_pool_buying,8,8,high,polygon,polygon,stock_market_proxy,False,False,recomputed
LQDT,3,5.0,3.95,3.93,2.4,C,9,,Other / Unclassified,,neutral,0,0,none,finnhub,finnhub,stock_market_proxy,False,False,recomputed
LRCX,2,5.41,6.0,6.01,79.0,C,2,,Semiconductors & Chip Tools,,neutral,0,0,none,finnhub,finnhub,stock_market_proxy,False,False,recomputed
LRE,2,5.0,3.9,3.93,2.4,C,9,,Other / Unclassified,,neutral,0,0,none,finnhub,finnhub,stock_market_proxy,False,False,recomputed
LRN,2,5.0,3.9,3.93,2.4,C,9,,Other / Unclassified,,neutral,0,0,none,polygon,polygon,stock_market_proxy,False,False,recomputed
LSAK,2,5.0,3.9,3.93,2.4,C,9,,Other / Unclassified,,neutral,0,0,none,polygon,polygon,stock_market_proxy,False,False,recomputed
LSCC,3,5.0,3.95,3.93,2.4,C,9,,Other / Unclassified,,neutral,0,0,none,simulated,simulated,neutral_default,False,False,recomputed
LSPD,3,5.35,5.67,5.71,74.5,C,8,,"Fintech, Payments & Digital Assets",,neutral,0,0,none,simulated,simulated,neutral_default,False,False,recomputed
LSTR,3,5.0,3.95,3.93,2.4,C,9,,Other / Unclassified,,neutral,0,0,none,simulated,simulated,neutral_default,False,False,recomputed
LTBR,3,6.26,10.0,10.0,96.5,A,1,Electrical Equipment & Parts,"Energy, Power & Utilities",-76.8,neutral,5,5,substantial,polygon,polygon,stock_market_proxy,False,False,recomputed
LTC,2,5.27,5.28,5.3,72.1,A,9,REIT - Healthcare Facilities,Other / Unclassified,-3.6,neutral,7,7,high,polygon,polygon,stock_market_proxy,False,False,recomputed
LTH,2,5.0,3.9,3.93,2.4,C,9,,Other / Unclassified,,neutral,0,0,none,polygon,polygon,stock_market_proxy,False,False,recomputed
LTM,2,5.0,3.9,3.93,2.4,C,9,,Other / Unclassified,,neutral,0,0,none,polygon,polygon,stock_market_proxy,False,False,recomputed
LTRYW,3,5.0,3.95,3.93,2.4,C,9,,Other / Unclassified,,neutral,0,0,none,simulated,simulated,neutral_default,False,False,recomputed
LTSRF,3,5.0,3.95,3.93,2.4,C,9,,Other / Unclassified,,neutral,0,0,none,simulated,simulated,neutral_default,False,False,recomputed
LUCYW,3,6.06,9.16,9.32,94.1,A,9,,Other / Unclassified,-80.7,neutral,6,6,high,finnhub,finnhub,stock_market_proxy,False,False,recomputed
LUD,2,5.0,3.9,3.93,2.4,C,9,,Other / Unclassified,,neutral,0,0,none,polygon,polygon,stock_market_proxy,False,False,recomputed
LULU,3,5.0,3.95,3.93,2.4,C,9,,Other / Unclassified,,neutral,0,0,none,finnhub,finnhub,stock_market_proxy,False,False,recomputed
LUMN,3,5.0,3.95,3.93,2.4,C,9,,Other / Unclassified,,neutral,0,0,none,finnhub,finnhub,stock_market_proxy,False,False,recomputed
LUNG,3,5.0,3.95,3.93,2.4,C,9,,Other / Unclassified,,neutral,0,0,none,simulated,simulated,neutral_default,False,False,recomputed
LUNR,2,5.0,3.9,3.93,2.4,C,9,,Other / Unclassified,,neutral,0,0,none,polygon,polygon,stock_market_proxy,False,False,recomputed
LUV,2,5.42,6.05,6.06,80.5,A,9,Airlines,Other / Unclassified,-22.8,neutral,7,7,high,polygon,polygon,stock_market_proxy,False,False,recomputed
LUXE,2,5.2,4.92,4.95,70.1,A,9,Luxury Goods,Other / Unclassified,-2.0,neutral,7,7,high,polygon,polygon,stock_market_proxy,False,False,recomputed
LVLU,2,5.49,6.41,6.42,81.9,A,9,Apparel Retail,Other / Unclassified,-53.1,low_volume,8,8,high,polygon,polygon,stock_market_proxy,False,False,recomputed
LVS,3,5.0,3.95,3.93,2.4,C,9,,Other / Unclassified,,neutral,0,0,none,simulated,simulated,neutral_default,False,False,recomputed
LVWR,3,5.89,8.32,8.45,91.1,B,9,Recreational Vehicles,Other / Unclassified,-74.4,low_volume,8,8,high,simulated,simulated,neutral_default,False,False,recomputed
LW,2,5.0,3.9,3.93,2.4,C,9,,Other / Unclassified,,neutral,0,0,none,finnhub,finnhub,stock_market_proxy,False,False,recomputed
LWAY,3,5.0,3.95,3.93,2.4,C,9,,Other / Unclassified,,neutral,0,0,none,polygon,polygon,stock_market_proxy,False,False,recomputed
LWLG,3,5.0,3.95,3.93,2.4,C,9,,Other / Unclassified,,neutral,0,0,none,simulated,simulated,neutral_default,False,False,recomputed
LX,3,5.0,3.95,3.93,2.4,C,9,,Other / Unclassified,,neutral,0,0,none,polygon,polygon,stock_market_proxy,False,False,recomputed
LXEO,3,6.68,10.0,10.0,96.5,A,9,Biotechnology,Other / Unclassified,-68.9,elevated_volume,6,6,high,polygon,polygon,stock_market_proxy,False,False,recomputed
LXFR,3,5.0,3.95,3.93,2.4,C,9,,Other / Unclassified,,neutral,0,0,none,simulated,simulated,neutral_default,False,False,recomputed
LXU,2,5.0,3.9,3.93,2.4,C,9,,Other / Unclassified,,neutral,0,0,none,simulated,simulated,neutral_default,False,False,recomputed
LYB,2,5.0,3.9,3.93,2.4,C,9,,Other / Unclassified,,neutral,0,0,none,finnhub,finnhub,stock_market_proxy,False,False,recomputed
LYEL,2,6.16,9.83,9.82,95.5,A,9,Biotechnology,Other / Unclassified,-77.8,neutral,6,6,high,polygon,polygon,stock_market_proxy,False,False,recomputed
LYFT,2,5.0,3.9,3.93,2.4,C,9,,Other / Unclassified,,neutral,0,0,none,finnhub,finnhub,stock_market_proxy,False,False,recomputed
LYSCF,2,5.0,3.9,3.93,2.4,C,9,,Other / Unclassified,,neutral,0,0,none,polygon,polygon,stock_market_proxy,False,False,recomputed
LYV,2,5.0,3.9,3.93,2.4,C,9,,Other / Unclassified,,neutral,0,0,none,polygon,polygon,stock_market_proxy,False,False,recomputed
M,2,5.38,5.84,5.86,78.2,A,9,Department Stores,Other / Unclassified,-12.3,neutral,6,6,high,polygon,polygon,stock_market_proxy,False,False,recomputed
MA,2,5.35,5.69,5.71,74.5,C,8,,"Fintech, Payments & Digital Assets",,neutral,0,0,none,polygon,polygon,stock_market_proxy,False,False,recomputed
MAA,2,5.0,3.9,3.93,2.4,C,9,,Other / Unclassified,,neutral,0,0,none,finnhub,finnhub,stock_market_proxy,False,False,recomputed
MAAS,2,5.47,6.3,6.32,81.5,B,6,Information Technology Services,"Enterprise Software, Services & Automation",-41.6,low_volume,7,7,high,simulated,simulated,neutral_default,False,False,recomputed
MAC,2,5.0,3.9,3.93,2.4,C,9,,Other / Unclassified,,neutral,0,0,none,polygon,polygon,stock_market_proxy,False,False,recomputed
MAIN,2,5.96,8.81,8.81,92.7,A,8,Asset Management,"Fintech, Payments & Digital Assets",-11.5,neutral,5,5,substantial,polygon,polygon,stock_market_proxy,False,False,recomputed
MAMA,2,5.0,3.9,3.93,2.4,C,9,,Other / Unclassified,,neutral,0,0,none,polygon,polygon,stock_market_proxy,False,False,recomputed
MAMO,2,5.0,3.9,3.93,2.4,C,9,,Other / Unclassified,,neutral,0,0,none,polygon,polygon,stock_market_proxy,False,False,recomputed
MAN,2,5.51,6.51,6.52,82.2,A,9,Staffing & Employment Services,Other / Unclassified,-16.0,neutral,7,7,high,polygon,polygon,stock_market_proxy,False,False,recomputed
MANE,2,4.91,3.44,3.47,1.2,A,9,Biotechnology,Other / Unclassified,-14.5,neutral,5,5,substantial,polygon,polygon,stock_market_proxy,False,False,recomputed
MANH,2,5.97,8.86,8.86,92.9,A,6,Software - Application,"Enterprise Software, Services & Automation",-9.7,neutral,7,7,high,polygon,polygon,stock_market_proxy,False,False,recomputed
MANU,3,5.0,3.95,3.93,2.4,C,9,,Other / Unclassified,,neutral,0,0,none,finnhub,finnhub,stock_market_proxy,False,False,recomputed
MAR,3,5.0,3.95,3.93,2.4,C,9,,Other / Unclassified,,neutral,0,0,none,finnhub,finnhub,stock_market_proxy,False,False,recomputed
MARA,2,5.35,5.69,5.71,74.5,C,3,,"Compute, Data Center & Network Infrastructure",,neutral,0,0,none,finnhub,finnhub,stock_market_proxy,False,False,recomputed
MAS,2,5.0,3.9,3.93,2.4,A,9,Building Products & Equipment,Other / Unclassified,-16.4,neutral,6,6,high,polygon,polygon,stock_market_proxy,False,False,recomputed
MATW,3,5.55,6.65,6.72,83.7,A,9,Conglomerates,Other / Unclassified,-31.4,neutral,7,7,high,finnhub,finnhub,stock_market_proxy,False,False,recomputed
MATX,3,5.0,3.95,3.93,2.4,C,9,,Other / Unclassified,,neutral,0,0,none,simulated,simulated,neutral_default,False,False,recomputed
MAX,2,5.0,3.9,3.93,2.4,C,9,,Other / Unclassified,,neutral,0,0,none,polygon,polygon,stock_market_proxy,False,False,recomputed
MAYS,3,5.0,3.95,3.93,2.4,C,9,,Other / Unclassified,,neutral,0,0,none,simulated,simulated,neutral_default,False,False,recomputed
MBBC,2,5.0,3.9,3.93,2.4,C,9,,Other / Unclassified,,neutral,0,0,none,finnhub,finnhub,stock_market_proxy,False,False,recomputed
MBI,2,5.47,6.3,6.32,81.5,A,9,Insurance - Specialty,Other / Unclassified,-42.5,neutral,6,6,high,polygon,polygon,stock_market_proxy,False,False,recomputed
MBIO,2,5.0,3.9,3.93,2.4,C,9,,Other / Unclassified,,neutral,0,0,none,finnhub,finnhub,stock_market_proxy,False,False,recomputed
MBOT,2,7.15,10.0,10.0,96.5,A,9,Medical Devices,Other / Unclassified,-66.0,dark_pool_buying,6,6,high,polygon,polygon,stock_market_proxy,False,False,recomputed
MBUU,2,5.0,3.9,3.93,2.4,C,9,,Other / Unclassified,,neutral,0,0,none,finnhub,finnhub,stock_market_proxy,False,False,recomputed
MBWM,3,5.0,3.95,3.93,2.4,C,9,,Other / Unclassified,,neutral,0,0,none,simulated,simulated,neutral_default,False,False,recomputed
MCBS,2,5.0,3.9,3.93,2.4,C,9,,Other / Unclassified,,neutral,0,0,none,polygon,polygon,stock_market_proxy,False,False,recomputed
MCD,2,5.83,8.14,8.15,90.0,A,9,Restaurants,Other / Unclassified,-31.0,neutral,6,6,high,polygon,polygon,stock_market_proxy,False,False,recomputed
MCHP,2,5.41,6.0,6.01,79.0,C,2,,Semiconductors & Chip Tools,,neutral,0,0,none,polygon,polygon,stock_market_proxy,False,False,recomputed
MCHPP,3,5.0,3.95,3.93,2.4,C,9,,Other / Unclassified,,neutral,0,0,none,simulated,simulated,neutral_default,False,False,recomputed
MCI,3,5.0,3.95,3.93,2.4,C,9,,Other / Unclassified,,neutral,0,0,none,simulated,simulated,neutral_default,False,False,recomputed
MCK,2,5.0,3.9,3.93,2.4,C,9,,Other / Unclassified,,neutral,0,0,none,polygon,polygon,stock_market_proxy,False,False,recomputed
MCO,2,5.0,3.9,3.93,2.4,C,9,,Other / Unclassified,,neutral,0,0,none,finnhub,finnhub,stock_market_proxy,False,False,recomputed
MCRI,2,5.0,3.9,3.93,2.4,C,9,,Other / Unclassified,,neutral,0,0,none,polygon,polygon,stock_market_proxy,False,False,recomputed
MCRP,2,6.34,10.0,10.0,96.5,A,3,Computer Hardware,"Compute, Data Center & Network Infrastructure",-86.9,neutral,7,7,high,polygon,polygon,stock_market_proxy,False,False,recomputed
MCS,3,5.0,3.95,3.93,2.4,C,9,,Other / Unclassified,,neutral,0,0,none,simulated,simulated,neutral_default,False,False,recomputed
MD,2,5.38,5.84,5.86,78.2,A,9,Medical Care Facilities,Other / Unclassified,-5.7,neutral,6,6,high,polygon,polygon,stock_market_proxy,False,False,recomputed
MDAIW,2,5.0,3.9,3.93,2.4,C,9,,Other / Unclassified,,neutral,0,0,none,polygon,polygon,stock_market_proxy,False,False,recomputed
MDB,2,5.3,5.44,5.45,72.6,A,4,Software - Infrastructure,"Cloud, Data & Developer Infrastructure",-23.1,neutral,7,7,high,polygon,polygon,stock_market_proxy,False,False,recomputed
MDCX,3,5.0,3.95,3.93,2.4,C,9,,Other / Unclassified,,neutral,0,0,none,finnhub,finnhub,stock_market_proxy,False,False,recomputed
MDCXW,2,5.0,3.9,3.93,2.4,C,9,,Other / Unclassified,,neutral,0,0,none,polygon,polygon,stock_market_proxy,False,False,recomputed
MDGL,2,5.0,3.9,3.93,2.4,C,9,,Other / Unclassified,,neutral,0,0,none,polygon,polygon,stock_market_proxy,False,False,recomputed
MDT,3,5.0,3.95,3.93,2.4,C,9,,Other / Unclassified,,neutral,0,0,none,simulated,simulated,neutral_default,False,False,recomputed
MEGL,2,6.94,10.0,10.0,96.5,B,8,Capital Markets,"Fintech, Payments & Digital Assets",-53.5,dark_pool_buying,8,8,high,simulated,simulated,neutral_default,False,False,recomputed
MEHA,2,5.89,8.45,8.45,91.1,B,9,Packaged Foods,Other / Unclassified,-99.8,elevated_volume,5,5,substantial,simulated,simulated,neutral_default,False,False,recomputed
MELI,2,5.0,3.9,3.93,2.4,C,9,,Other / Unclassified,,neutral,0,0,none,finnhub,finnhub,stock_market_proxy,False,False,recomputed
MESH,2,5.0,3.9,3.93,2.4,C,9,,Other / Unclassified,,neutral,0,0,none,finnhub,finnhub,stock_market_proxy,False,False,recomputed
MESHU,2,5.54,6.66,6.67,83.4,A,9,Shell Companies,Other / Unclassified,-0.6,low_volume,6,6,high,polygon,polygon,stock_market_proxy,False,False,recomputed
MESHW,2,5.0,3.9,3.93,2.4,C,9,,Other / Unclassified,,neutral,0,0,none,polygon,polygon,stock_market_proxy,False,False,recomputed
MET,2,5.0,3.9,3.93,2.4,C,9,,Other / Unclassified,,neutral,0,0,none,polygon,polygon,stock_market_proxy,False,False,recomputed
META,2,5.53,6.61,6.62,83.2,A,5,Internet Content & Information,"AI Platforms, Models & Quantum",-7.2,low_volume,8,8,high,finnhub,finnhub,stock_market_proxy,False,False,recomputed
METC,2,5.0,3.9,3.93,2.4,C,9,,Other / Unclassified,,neutral,0,0,none,polygon,polygon,stock_market_proxy,False,False,recomputed
MEVO,3,5.0,3.95,3.93,2.4,C,9,,Other / Unclassified,,neutral,0,0,none,finnhub,finnhub,stock_market_proxy,False,False,recomputed
MEVOU,2,4.8,2.88,2.91,0.3,A,9,Shell Companies,Other / Unclassified,-0.6,low_volume,5,5,substantial,polygon,polygon,stock_market_proxy,False,False,recomputed
MFAN,2,5.31,5.49,5.5,72.9,B,9,,Other / Unclassified,-0.8,neutral,4,4,substantial,polygon,polygon,stock_market_proxy,False,False,recomputed
MFI,2,5.68,7.38,7.38,87.2,A,6,Software - Application,"Enterprise Software, Services & Automation",-76.0,low_volume,8,8,high,polygon,polygon,stock_market_proxy,False,False,recomputed
MFIC,3,5.0,3.95,3.93,2.4,C,9,,Other / Unclassified,,neutral,0,0,none,polygon,polygon,stock_market_proxy,False,False,recomputed
MG,2,5.73,7.63,7.64,88.0,A,3,Security & Protection Services,"Compute, Data Center & Network Infrastructure",-3.3,neutral,6,6,high,polygon,polygon,stock_market_proxy,False,False,recomputed
MGEE,3,5.0,3.95,3.93,2.4,C,9,,Other / Unclassified,,neutral,0,0,none,simulated,simulated,neutral_default,False,False,recomputed
MGF,2,5.0,3.9,3.93,2.4,C,9,,Other / Unclassified,,neutral,0,0,none,polygon,polygon,stock_market_proxy,False,False,recomputed
MGLD,2,5.0,3.9,3.93,2.4,C,9,,Other / Unclassified,,neutral,0,0,none,finnhub,finnhub,stock_market_proxy,False,False,recomputed
MGM,2,5.0,3.9,3.93,2.4,C,9,,Other / Unclassified,,neutral,0,0,none,finnhub,finnhub,stock_market_proxy,False,False,recomputed
MGPI,2,5.0,3.9,3.93,2.4,C,9,,Other / Unclassified,,neutral,0,0,none,finnhub,finnhub,stock_market_proxy,False,False,recomputed
MGRC,2,5.0,3.9,3.93,2.4,C,9,,Other / Unclassified,,neutral,0,0,none,polygon,polygon,stock_market_proxy,False,False,recomputed
MGRD,2,5.0,3.9,3.93,2.4,C,9,,Other / Unclassified,,neutral,0,0,none,polygon,polygon,stock_market_proxy,False,False,recomputed
MGRX,2,5.0,3.9,3.93,2.4,C,9,,Other / Unclassified,,neutral,0,0,none,polygon,polygon,stock_market_proxy,False,False,recomputed
MGYR,3,5.0,3.95,3.93,2.4,C,9,,Other / Unclassified,,neutral,0,0,none,finnhub,finnhub,stock_market_proxy,False,False,recomputed
MHD,2,5.0,3.9,3.93,2.4,C,9,,Other / Unclassified,,neutral,0,0,none,polygon,polygon,stock_market_proxy,False,False,recomputed
MHK,2,5.34,5.64,5.66,74.1,A,9,"Furnishings, Fixtures & Appliances",Other / Unclassified,-14.9,neutral,7,7,high,polygon,polygon,stock_market_proxy,False,False,recomputed
MIAX,2,5.0,3.9,3.93,2.4,C,9,,Other / Unclassified,,neutral,0,0,none,polygon,polygon,stock_market_proxy,False,False,recomputed
MIELY,3,5.91,8.42,8.55,91.7,B,3,Electrical Equipment & Parts,"Compute, Data Center & Network Infrastructure",-21.9,neutral,6,6,high,simulated,simulated,neutral_default,False,False,recomputed
MIMI,2,5.36,5.74,5.76,77.6,A,9,Engineering & Construction,Other / Unclassified,-98.8,low_volume,8,8,high,polygon,polygon,stock_market_proxy,False,False,recomputed
MIN,3,5.0,3.95,3.93,2.4,C,9,,Other / Unclassified,,neutral,0,0,none,finnhub,finnhub,stock_market_proxy,False,False,recomputed
MIR,3,5.91,8.42,8.55,91.7,A,9,Specialty Industrial Machinery,Other / Unclassified,-44.7,neutral,7,7,high,finnhub,finnhub,stock_market_proxy,False,False,recomputed
MIRM,3,6.98,10.0,10.0,96.5,A,9,Biotechnology,Other / Unclassified,-37.3,elevated_volume,8,8,high,polygon,polygon,stock_market_proxy,False,False,recomputed
MITK,3,5.0,3.95,3.93,2.4,C,9,,Other / Unclassified,,neutral,0,0,none,finnhub,finnhub,stock_market_proxy,False,False,recomputed
MITP,2,5.0,3.9,3.93,2.4,C,9,,Other / Unclassified,,neutral,0,0,none,finnhub,finnhub,stock_market_proxy,False,False,recomputed
MKC,2,5.0,3.9,3.93,2.4,C,9,,Other / Unclassified,,neutral,0,0,none,polygon,polygon,stock_market_proxy,False,False,recomputed
MKDWW,3,5.0,3.95,3.93,2.4,C,9,,Other / Unclassified,,neutral,0,0,none,polygon,polygon,stock_market_proxy,False,False,recomputed
MKKGY,3,5.0,3.95,3.93,2.4,C,9,,Other / Unclassified,,neutral,0,0,none,simulated,simulated,neutral_default,False,False,recomputed
MKLYU,2,4.97,3.75,3.78,2.1,A,9,Shell Companies,Other / Unclassified,-0.8,low_volume,6,6,high,polygon,polygon,stock_market_proxy,False,False,recomputed
MKSI,2,5.54,6.66,6.67,83.4,A,2,Scientific & Technical Instruments,Semiconductors & Chip Tools,-38.5,neutral,7,7,high,polygon,polygon,stock_market_proxy,False,False,recomputed
MKTX,2,5.12,4.52,4.54,68.5,A,8,Capital Markets,"Fintech, Payments & Digital Assets",-14.3,neutral,6,6,high,finnhub,finnhub,stock_market_proxy,False,False,recomputed
MLAB,2,5.15,4.67,4.69,68.9,A,9,Scientific & Technical Instruments,Other / Unclassified,-8.6,neutral,6,6,high,polygon,polygon,stock_market_proxy,False,False,recomputed
MLACR,2,5.0,3.9,3.93,2.4,C,9,,Other / Unclassified,,neutral,0,0,none,simulated,simulated,neutral_default,False,False,recomputed
MLCI,2,5.62,7.07,7.08,85.8,A,9,Asset Management,Other / Unclassified,-63.1,neutral,7,7,high,polygon,polygon,stock_market_proxy,False,False,recomputed
MLCIL,3,5.0,3.95,3.93,2.4,C,9,,Other / Unclassified,,neutral,0,0,none,polygon,polygon,stock_market_proxy,False,False,recomputed
MLECW,3,5.0,3.95,3.93,2.4,C,9,,Other / Unclassified,,neutral,0,0,none,simulated,simulated,neutral_default,False,False,recomputed
MLM,2,5.0,3.9,3.93,2.4,C,9,,Other / Unclassified,,neutral,0,0,none,finnhub,finnhub,stock_market_proxy,False,False,recomputed
MLP,2,5.0,3.9,3.93,2.4,C,9,,Other / Unclassified,,neutral,0,0,none,polygon,polygon,stock_market_proxy,False,False,recomputed
MLR,2,5.13,4.57,4.59,68.5,A,9,Auto Parts,Other / Unclassified,-7.9,low_volume,8,8,high,finnhub,finnhub,stock_market_proxy,False,False,recomputed
MMC,2,5.0,3.9,3.93,2.4,C,9,,Other / Unclassified,,neutral,0,0,none,polygon,polygon,stock_market_proxy,False,False,recomputed
MMD,3,5.0,3.95,3.93,2.4,C,9,,Other / Unclassified,,neutral,0,0,none,finnhub,finnhub,stock_market_proxy,False,False,recomputed
MMED,3,6.58,10.0,10.0,96.5,B,9,Medical Instruments & Supplies,Other / Unclassified,-19.8,dark_pool_buying,8,8,high,simulated,simulated,neutral_default,False,False,recomputed
MMI,2,5.0,3.9,3.93,2.4,C,9,,Other / Unclassified,,neutral,0,0,none,polygon,polygon,stock_market_proxy,False,False,recomputed
MMM,2,5.52,6.56,6.57,82.8,A,3,Conglomerates,"Compute, Data Center & Network Infrastructure",-11.4,neutral,6,6,high,polygon,polygon,stock_market_proxy,False,False,recomputed
MMSI,2,5.38,5.84,5.86,78.2,A,9,Medical Instruments & Supplies,Other / Unclassified,-8.7,neutral,7,7,high,polygon,polygon,stock_market_proxy,False,False,recomputed
MMTX,2,4.8,2.88,2.91,0.3,A,9,Shell Companies,Other / Unclassified,0.0,low_volume,6,6,high,polygon,polygon,stock_market_proxy,False,False,recomputed
MNDY,2,5.35,5.69,5.71,74.5,C,6,,"Enterprise Software, Services & Automation",,neutral,0,0,none,polygon,polygon,stock_market_proxy,False,False,recomputed
MNR,3,5.0,3.95,3.93,2.4,C,9,,Other / Unclassified,,neutral,0,0,none,finnhub,finnhub,stock_market_proxy,False,False,recomputed
MNSBP,3,5.0,3.95,3.93,2.4,C,9,,Other / Unclassified,,neutral,0,0,none,finnhub,finnhub,stock_market_proxy,False,False,recomputed
MNST,3,5.23,5.08,5.1,70.4,B,9,Beverages - Non-Alcoholic,Other / Unclassified,-14.2,neutral,7,7,high,simulated,simulated,neutral_default,False,False,recomputed
MNTS,2,5.93,8.65,8.65,92.2,A,9,Aerospace & Defense,Other / Unclassified,-88.5,neutral,7,7,high,polygon,polygon,stock_market_proxy,False,False,recomputed
MO,2,5.23,5.08,5.1,70.4,A,9,Tobacco,Other / Unclassified,-5.9,neutral,6,6,high,polygon,polygon,stock_market_proxy,False,False,recomputed
MOB,3,5.0,3.95,3.93,2.4,C,9,,Other / Unclassified,,neutral,0,0,none,simulated,simulated,neutral_default,False,False,recomputed
MOBBW,2,5.0,3.9,3.93,2.4,C,9,,Other / Unclassified,,neutral,0,0,none,simulated,simulated,neutral_default,False,False,recomputed
MOBXW,2,5.0,3.9,3.93,2.4,C,9,,Other / Unclassified,,neutral,0,0,none,finnhub,finnhub,stock_market_proxy,False,False,recomputed
MOD,3,5.56,6.7,6.77,83.9,B,3,Auto Parts,"Compute, Data Center & Network Infrastructure",-38.3,neutral,7,7,high,simulated,simulated,neutral_default,False,False,recomputed
MODD,2,5.27,5.28,5.3,72.1,A,9,Medical Devices,Other / Unclassified,-86.7,low_volume,6,6,high,polygon,polygon,stock_market_proxy,False,False,recomputed
MOH,2,5.0,3.9,3.93,2.4,C,9,,Other / Unclassified,,neutral,0,0,none,polygon,polygon,stock_market_proxy,False,False,recomputed
MOMO,2,5.04,4.11,4.13,67.4,A,9,Internet Content & Information,Other / Unclassified,-31.5,neutral,7,7,high,polygon,polygon,stock_market_proxy,False,False,recomputed
MORN,3,5.56,6.7,6.77,83.9,B,8,Financial Data & Stock Exchanges,"Fintech, Payments & Digital Assets",-11.1,neutral,7,7,high,simulated,simulated,neutral_default,False,False,recomputed
MOS,2,6.07,9.37,9.37,94.5,A,9,Agricultural Inputs,Other / Unclassified,-40.5,neutral,7,7,high,polygon,polygon,stock_market_proxy,False,False,recomputed
MP,2,5.0,3.9,3.93,2.4,C,9,,Other / Unclassified,,neutral,0,0,none,polygon,polygon,stock_market_proxy,False,False,recomputed
MPA,2,5.0,3.9,3.93,2.4,C,9,,Other / Unclassified,,neutral,0,0,none,finnhub,finnhub,stock_market_proxy,False,False,recomputed
MPAA,2,5.39,5.9,5.91,78.7,A,9,Auto Parts,Other / Unclassified,-40.1,neutral,7,7,high,polygon,polygon,stock_market_proxy,False,False,recomputed
MPB,3,5.0,3.95,3.93,2.4,C,9,,Other / Unclassified,,neutral,0,0,none,simulated,simulated,neutral_default,False,False,recomputed
MPC,2,5.56,6.76,6.77,83.9,A,1,Oil & Gas Refining & Marketing,"Energy, Power & Utilities",0.0,neutral,7,7,high,polygon,polygon,stock_market_proxy,False,False,recomputed
MPLT,2,6.18,9.93,9.93,96.0,A,9,Biotechnology,Other / Unclassified,-76.5,neutral,5,5,substantial,polygon,polygon,stock_market_proxy,False,False,recomputed
MPLX,2,5.0,3.9,3.93,2.4,C,9,,Other / Unclassified,,neutral,0,0,none,polygon,polygon,stock_market_proxy,False,False,recomputed
MPTI,2,5.0,3.9,3.93,2.4,C,9,,Other / Unclassified,,neutral,0,0,none,finnhub,finnhub,stock_market_proxy,False,False,recomputed
MPV,2,5.0,3.9,3.93,2.4,C,9,,Other / Unclassified,,neutral,0,0,none,finnhub,finnhub,stock_market_proxy,False,False,recomputed
MPWR,3,4.95,3.7,3.67,1.9,B,2,Semiconductors,Semiconductors & Chip Tools,-15.4,neutral,7,7,high,simulated,simulated,neutral_default,False,False,recomputed
MPX,3,5.0,3.95,3.93,2.4,C,9,,Other / Unclassified,,neutral,0,0,none,polygon,polygon,stock_market_proxy,False,False,recomputed
MQY,3,5.0,3.95,3.93,2.4,C,9,,Other / Unclassified,,neutral,0,0,none,simulated,simulated,neutral_default,False,False,recomputed
MRAAY,3,5.0,3.95,3.93,2.4,C,9,,Other / Unclassified,,neutral,0,0,none,simulated,simulated,neutral_default,False,False,recomputed
MRAM,3,5.0,3.95,3.93,2.4,C,9,,Other / Unclassified,,neutral,0,0,none,simulated,simulated,neutral_default,False,False,recomputed
MRLN,2,5.0,3.9,3.93,2.4,C,9,,Other / Unclassified,,neutral,0,0,none,finnhub,finnhub,stock_market_proxy,False,False,recomputed
MRM,3,6.82,10.0,10.0,96.5,A,9,Personal Services,Other / Unclassified,-79.7,dark_pool_buying,8,8,high,polygon,polygon,stock_market_proxy,False,False,recomputed
MRNA,2,5.0,3.9,3.93,2.4,C,9,,Other / Unclassified,,neutral,0,0,none,polygon,polygon,stock_market_proxy,False,False,recomputed
MRNO,2,5.36,5.74,5.76,77.6,A,9,Real Estate - Development,Other / Unclassified,-91.7,low_volume,8,8,high,polygon,polygon,stock_market_proxy,False,False,recomputed
MRNOW,2,5.0,3.9,3.93,2.4,C,9,,Other / Unclassified,,neutral,0,0,none,polygon,polygon,stock_market_proxy,False,False,recomputed
MRVL,2,5.41,6.0,6.01,79.0,C,2,,Semiconductors & Chip Tools,,neutral,0,0,none,polygon,polygon,stock_market_proxy,False,False,recomputed
MRX,3,5.0,3.95,3.93,2.4,C,9,,Other / Unclassified,,neutral,0,0,none,simulated,simulated,neutral_default,False,False,recomputed
MS,2,5.58,6.87,6.88,84.7,B,8,Capital Markets,"Fintech, Payments & Digital Assets",-16.5,neutral,6,6,high,simulated,simulated,neutral_default,False,False,recomputed
MSA,2,5.0,3.9,3.93,2.4,C,9,,Other / Unclassified,,neutral,0,0,none,polygon,polygon,stock_market_proxy,False,False,recomputed
MSAI,2,5.0,3.9,3.93,2.4,C,9,,Other / Unclassified,,neutral,0,0,none,simulated,simulated,neutral_default,False,False,recomputed
MSC,2,5.0,3.9,3.93,2.4,C,9,,Other / Unclassified,,neutral,0,0,none,finnhub,finnhub,stock_market_proxy,False,False,recomputed
MSCI,2,5.0,3.9,3.93,2.4,C,9,,Other / Unclassified,,neutral,0,0,none,finnhub,finnhub,stock_market_proxy,False,False,recomputed
MSEX,2,5.0,3.9,3.93,2.4,C,9,,Other / Unclassified,,neutral,0,0,none,finnhub,finnhub,stock_market_proxy,False,False,recomputed
MSFT,2,5.18,4.82,4.84,69.6,A,5,Software - Infrastructure,"AI Platforms, Models & Quantum",-1.5,neutral,7,7,high,polygon,polygon,stock_market_proxy,False,False,recomputed
MSGM,2,5.0,3.9,3.93,2.4,C,9,,Other / Unclassified,,neutral,0,0,none,polygon,polygon,stock_market_proxy,False,False,recomputed
MSI,2,5.0,3.9,3.93,2.4,C,9,,Other / Unclassified,,neutral,0,0,none,polygon,polygon,stock_market_proxy,False,False,recomputed
MSLE,3,5.0,3.95,3.93,2.4,C,9,,Other / Unclassified,,neutral,0,0,none,simulated,simulated,neutral_default,False,False,recomputed
MSTR,2,5.35,5.69,5.71,74.5,C,8,,"Fintech, Payments & Digital Assets",,neutral,0,0,none,polygon,polygon,stock_market_proxy,False,False,recomputed
MT,2,5.8,7.99,7.99,89.5,A,9,Steel,Other / Unclassified,-20.9,elevated_volume,8,8,high,finnhub,finnhub,stock_market_proxy,False,False,recomputed
MTA,2,5.66,7.27,7.28,86.6,A,9,Other Precious Metals & Mining,Other / Unclassified,-23.8,neutral,7,7,high,finnhub,finnhub,stock_market_proxy,False,False,recomputed
MTB,2,5.0,3.9,3.93,2.4,C,9,,Other / Unclassified,,neutral,0,0,none,polygon,polygon,stock_market_proxy,False,False,recomputed
MTC,2,6.08,9.42,9.42,94.5,A,8,Capital Markets,"Fintech, Payments & Digital Assets",-44.9,low_volume,7,7,high,polygon,polygon,stock_market_proxy,False,False,recomputed
MTCH,2,5.47,6.3,6.32,81.5,A,9,Internet Content & Information,Other / Unclassified,-7.5,neutral,6,6,high,polygon,polygon,stock_market_proxy,False,False,recomputed
MTD,2,5.0,3.9,3.93,2.4,C,9,,Other / Unclassified,,neutral,0,0,none,polygon,polygon,stock_market_proxy,False,False,recomputed
MTDR,2,5.0,3.9,3.93,2.4,C,9,,Other / Unclassified,,neutral,0,0,none,polygon,polygon,stock_market_proxy,False,False,recomputed
MTEX,2,4.85,3.14,3.17,0.5,A,9,Food Distribution,Other / Unclassified,-26.2,low_volume,6,6,high,polygon,polygon,stock_market_proxy,False,False,recomputed
MTG,2,5.0,3.9,3.93,2.4,C,9,,Other / Unclassified,,neutral,0,0,none,finnhub,finnhub,stock_market_proxy,False,False,recomputed
MTN,3,5.51,6.45,6.52,82.2,A,9,Resorts & Casinos,Other / Unclassified,-9.6,neutral,6,6,high,polygon,polygon,stock_market_proxy,False,False,recomputed
MTNB,2,5.0,3.9,3.93,2.4,C,9,,Other / Unclassified,,neutral,0,0,none,polygon,polygon,stock_market_proxy,False,False,recomputed
MTRN,2,5.0,3.9,3.93,2.4,C,9,,Other / Unclassified,,neutral,0,0,none,finnhub,finnhub,stock_market_proxy,False,False,recomputed
MTRX,3,6.17,9.7,9.87,95.7,B,3,Engineering & Construction,"Compute, Data Center & Network Infrastructure",-32.8,elevated_volume,8,8,high,simulated,simulated,neutral_default,False,False,recomputed
MTSI,2,5.41,6.0,6.01,79.0,C,2,,Semiconductors & Chip Tools,,neutral,0,0,none,polygon,polygon,stock_market_proxy,False,False,recomputed
MTW,3,5.0,3.95,3.93,2.4,C,9,,Other / Unclassified,,neutral,0,0,none,simulated,simulated,neutral_default,False,False,recomputed
MTZ,3,5.0,3.95,3.93,2.4,C,9,,Other / Unclassified,,neutral,0,0,none,simulated,simulated,neutral_default,False,False,recomputed
MU,2,5.41,6.0,6.01,79.0,C,2,,Semiconductors & Chip Tools,,neutral,0,0,none,polygon,polygon,stock_market_proxy,False,False,recomputed
MUC,2,5.61,7.02,7.03,85.2,B,9,Asset Management,Other / Unclassified,-10.2,elevated_volume,7,7,high,simulated,simulated,neutral_default,False,False,recomputed
MUFG,2,5.0,3.9,3.93,2.4,C,9,,Other / Unclassified,,neutral,0,0,none,polygon,polygon,stock_market_proxy,False,False,recomputed
MVIS,3,6.08,9.26,9.42,94.5,B,9,Scientific & Technical Instruments,Other / Unclassified,-92.7,neutral,7,7,high,simulated,simulated,neutral_default,False,False,recomputed
MVSTW,2,5.0,3.9,3.93,2.4,C,9,,Other / Unclassified,,neutral,0,0,none,polygon,polygon,stock_market_proxy,False,False,recomputed
MWYN,3,5.0,3.95,3.93,2.4,C,9,,Other / Unclassified,,neutral,0,0,none,finnhub,finnhub,stock_market_proxy,False,False,recomputed
MX,3,5.83,8.03,8.15,90.0,A,2,Semiconductors,Semiconductors & Chip Tools,-63.7,neutral,7,7,high,polygon,polygon,stock_market_proxy,False,False,recomputed
MXC,2,5.36,5.74,5.76,77.6,A,1,Oil & Gas E&P,"Energy, Power & Utilities",-31.5,low_volume,8,8,high,polygon,polygon,stock_market_proxy,False,False,recomputed
MYFW,3,4.91,3.5,3.47,1.2,B,9,Banks - Regional,Other / Unclassified,-12.5,low_volume,7,7,high,simulated,simulated,neutral_default,False,False,recomputed
MYRG,2,5.0,3.9,3.93,2.4,C,9,,Other / Unclassified,,neutral,0,0,none,finnhub,finnhub,stock_market_proxy,False,False,recomputed
MYSE,2,5.0,3.9,3.93,2.4,C,9,,Other / Unclassified,,neutral,0,0,none,finnhub,finnhub,stock_market_proxy,False,False,recomputed
MYSZ,3,5.82,7.98,8.1,89.9,B,6,Apparel Retail,"Enterprise Software, Services & Automation",-85.4,low_volume,8,8,high,simulated,simulated,neutral_default,False,False,recomputed
MYXXU,2,5.0,3.9,3.93,2.4,C,9,,Other / Unclassified,,neutral,0,0,none,finnhub,finnhub,stock_market_proxy,False,False,recomputed
NA,2,5.74,7.68,7.69,88.4,A,2,Semiconductors,Semiconductors & Chip Tools,-63.1,low_volume,8,8,high,polygon,polygon,stock_market_proxy,False,False,recomputed
NAII,3,5.0,3.95,3.93,2.4,C,9,,Other / Unclassified,,neutral,0,0,none,simulated,simulated,neutral_default,False,False,recomputed
NAK,2,5.66,7.27,7.28,86.6,A,9,Other Industrial Metals & Mining,Other / Unclassified,-56.9,neutral,6,6,high,polygon,polygon,stock_market_proxy,False,False,recomputed
NAMMW,2,5.0,3.9,3.93,2.4,C,9,,Other / Unclassified,,neutral,0,0,none,polygon,polygon,stock_market_proxy,False,False,recomputed
NAMSW,2,5.36,5.74,5.76,77.6,A,9,,Other / Unclassified,-63.3,low_volume,6,6,high,polygon,polygon,stock_market_proxy,False,False,recomputed
NAN,3,5.0,3.95,3.93,2.4,C,9,,Other / Unclassified,,neutral,0,0,none,polygon,polygon,stock_market_proxy,False,False,recomputed
NAUT,2,5.39,5.9,5.91,78.7,A,9,Biotechnology,Other / Unclassified,-50.4,elevated_volume,6,6,high,polygon,polygon,stock_market_proxy,False,False,recomputed
NAVI,3,6.13,9.5,9.67,95.1,A,6,Credit Services,"Enterprise Software, Services & Automation",-28.0,neutral,5,5,substantial,polygon,polygon,stock_market_proxy,False,False,recomputed
NB,2,5.0,3.9,3.93,2.4,C,9,,Other / Unclassified,,neutral,0,0,none,polygon,polygon,stock_market_proxy,False,False,recomputed
NBB,3,5.0,3.95,3.93,2.4,C,9,,Other / Unclassified,,neutral,0,0,none,finnhub,finnhub,stock_market_proxy,False,False,recomputed
NBIX,2,5.0,3.9,3.93,2.4,C,9,,Other / Unclassified,,neutral,0,0,none,finnhub,finnhub,stock_market_proxy,False,False,recomputed
NBRGR,3,5.0,3.95,3.93,2.4,C,9,,Other / Unclassified,,neutral,0,0,none,polygon,polygon,stock_market_proxy,False,False,recomputed
NBTB,2,5.0,3.9,3.93,2.4,C,9,,Other / Unclassified,,neutral,0,0,none,finnhub,finnhub,stock_market_proxy,False,False,recomputed
NBXG,2,5.0,3.9,3.93,2.4,C,9,,Other / Unclassified,,neutral,0,0,none,polygon,polygon,stock_market_proxy,False,False,recomputed
NC,2,5.0,3.9,3.93,2.4,C,9,,Other / Unclassified,,neutral,0,0,none,polygon,polygon,stock_market_proxy,False,False,recomputed
NCDL,2,5.0,3.9,3.93,2.4,C,9,,Other / Unclassified,,neutral,0,0,none,polygon,polygon,stock_market_proxy,False,False,recomputed
NCLH,2,6.06,9.32,9.32,94.1,A,9,Travel Services,Other / Unclassified,-39.8,elevated_volume,7,7,high,polygon,polygon,stock_market_proxy,False,False,recomputed
NCMI,2,5.54,6.66,6.67,83.4,A,9,Advertising Agencies,Other / Unclassified,-49.2,neutral,7,7,high,polygon,polygon,stock_market_proxy,False,False,recomputed
NCNA,3,5.0,3.95,3.93,2.4,C,9,,Other / Unclassified,,neutral,0,0,none,simulated,simulated,neutral_default,False,False,recomputed
NCNO,2,6.28,10.0,10.0,96.5,A,6,Software - Application,"Enterprise Software, Services & Automation",-29.6,neutral,7,7,high,polygon,polygon,stock_market_proxy,False,False,recomputed
NCPLW,3,5.21,4.98,5.0,70.2,C,8,,"Fintech, Payments & Digital Assets",,neutral,3,3,partial,simulated,simulated,neutral_default,False,False,recomputed
NCRA,2,5.0,3.9,3.93,2.4,C,9,,Other / Unclassified,,neutral,0,0,none,polygon,polygon,stock_market_proxy,False,False,recomputed
NCT,3,5.78,7.78,7.89,89.2,B,9,Marine Shipping,Other / Unclassified,-99.8,neutral,7,7,high,simulated,simulated,neutral_default,False,False,recomputed
NDAQ,2,5.0,3.9,3.93,2.4,C,9,,Other / Unclassified,,neutral,0,0,none,polygon,polygon,stock_market_proxy,False,False,recomputed
NDLS,3,5.0,3.95,3.93,2.4,C,9,,Other / Unclassified,,neutral,0,0,none,finnhub,finnhub,stock_market_proxy,False,False,recomputed
NDSN,2,5.0,3.9,3.93,2.4,C,9,,Other / Unclassified,,neutral,0,0,none,finnhub,finnhub,stock_market_proxy,False,False,recomputed
NE,2,5.99,8.96,8.96,93.2,A,1,Oil & Gas Drilling,"Energy, Power & Utilities",-23.0,neutral,7,7,high,polygon,polygon,stock_market_proxy,False,False,recomputed
NECB,2,5.0,3.9,3.93,2.4,C,9,,Other / Unclassified,,neutral,0,0,none,finnhub,finnhub,stock_market_proxy,False,False,recomputed
NEE,2,5.35,5.69,5.71,74.5,C,1,,"Energy, Power & Utilities",,neutral,0,0,none,finnhub,finnhub,stock_market_proxy,False,False,recomputed
NEGG,2,5.0,3.9,3.93,2.4,C,9,,Other / Unclassified,,neutral,0,0,none,polygon,polygon,stock_market_proxy,False,False,recomputed
NEM,2,5.0,3.9,3.93,2.4,C,9,,Other / Unclassified,,neutral,0,0,none,polygon,polygon,stock_market_proxy,False,False,recomputed
NEN,2,5.09,4.36,4.39,68.3,A,9,Real Estate Services,Other / Unclassified,-30.5,low_volume,8,8,high,finnhub,finnhub,stock_market_proxy,False,False,recomputed
NEOG,2,5.35,5.69,5.71,74.5,A,9,Medical Devices,Other / Unclassified,-16.5,elevated_volume,7,7,high,polygon,polygon,stock_market_proxy,False,False,recomputed
NEON,3,6.17,9.7,9.87,95.7,A,2,Electronic Components,Semiconductors & Chip Tools,-76.9,neutral,7,7,high,polygon,polygon,stock_market_proxy,False,False,recomputed
NEPH,3,6.42,10.0,10.0,96.5,A,9,Medical Instruments & Supplies,Other / Unclassified,-44.7,dark_pool_buying,8,8,high,finnhub,finnhub,stock_market_proxy,False,False,recomputed
NESR,3,6.01,8.91,9.06,93.5,A,1,Oil & Gas Equipment & Services,"Energy, Power & Utilities",-34.9,elevated_volume,8,8,high,polygon,polygon,stock_market_proxy,False,False,recomputed
NET,2,5.35,5.69,5.71,74.5,C,4,,"Cloud, Data & Developer Infrastructure",,neutral,0,0,none,polygon,polygon,stock_market_proxy,False,False,recomputed
NEU,2,5.0,3.9,3.93,2.4,C,9,,Other / Unclassified,,neutral,0,0,none,polygon,polygon,stock_market_proxy,False,False,recomputed
NEWP,2,5.0,3.9,3.93,2.4,C,9,,Other / Unclassified,,neutral,0,0,none,finnhub,finnhub,stock_market_proxy,False,False,recomputed
NEWTI,2,5.0,3.9,3.93,2.4,C,9,,Other / Unclassified,,neutral,0,0,none,polygon,polygon,stock_market_proxy,False,False,recomputed
NEWTO,3,6.39,10.0,10.0,96.5,B,8,,"Fintech, Payments & Digital Assets",-7.0,dark_pool_buying,6,6,high,simulated,simulated,neutral_default,False,False,recomputed
NEWTP,3,5.0,3.95,3.93,2.4,C,9,,Other / Unclassified,,neutral,0,0,none,simulated,simulated,neutral_default,False,False,recomputed
NEXM,2,5.0,3.9,3.93,2.4,C,9,,Other / Unclassified,,neutral,0,0,none,simulated,simulated,neutral_default,False,False,recomputed
NEXN,2,5.0,3.9,3.93,2.4,C,9,,Other / Unclassified,,neutral,0,0,none,finnhub,finnhub,stock_market_proxy,False,False,recomputed
NEXR,2,5.0,3.9,3.93,2.4,C,9,,Other / Unclassified,,neutral,0,0,none,polygon,polygon,stock_market_proxy,False,False,recomputed
NEXT,2,5.0,3.9,3.93,2.4,C,9,,Other / Unclassified,,neutral,0,0,none,polygon,polygon,stock_market_proxy,False,False,recomputed
NFGC,2,5.0,3.9,3.93,2.4,C,9,,Other / Unclassified,,neutral,0,0,none,polygon,polygon,stock_market_proxy,False,False,recomputed
NFLX,2,5.7,7.48,7.49,87.4,A,9,Entertainment,Other / Unclassified,-43.9,neutral,7,7,high,polygon,polygon,stock_market_proxy,False,False,recomputed
NGEN,3,5.0,3.95,3.93,2.4,C,9,,Other / Unclassified,,neutral,0,0,none,simulated,simulated,neutral_default,False,False,recomputed
NGS,2,5.73,7.63,7.64,88.0,A,1,Oil & Gas Equipment & Services,"Energy, Power & Utilities",-24.4,neutral,7,7,high,polygon,polygon,stock_market_proxy,False,False,recomputed
NHC,2,5.38,5.84,5.86,78.2,A,9,Medical Care Facilities,Other / Unclassified,-6.3,neutral,7,7,high,polygon,polygon,stock_market_proxy,False,False,recomputed
NHIC,2,5.23,5.08,5.1,70.4,C,9,,Other / Unclassified,,neutral,1,1,partial,polygon,polygon,stock_market_proxy,False,False,recomputed
NHICW,2,5.0,3.9,3.93,2.4,C,9,,Other / Unclassified,,neutral,0,0,none,polygon,polygon,stock_market_proxy,False,False,recomputed
NHP,2,5.53,6.61,6.62,83.2,A,9,REIT - Healthcare Facilities,Other / Unclassified,-9.9,neutral,6,6,high,polygon,polygon,stock_market_proxy,False,False,recomputed
NHS,2,5.0,3.9,3.93,2.4,C,9,,Other / Unclassified,,neutral,0,0,none,finnhub,finnhub,stock_market_proxy,False,False,recomputed
NICE,3,5.27,5.27,5.3,72.1,A,6,Software - Application,"Enterprise Software, Services & Automation",-15.8,neutral,7,7,high,polygon,polygon,stock_market_proxy,False,False,recomputed
NIPG,3,5.51,6.45,6.52,82.2,B,9,Entertainment,Other / Unclassified,-78.6,low_volume,8,8,high,simulated,simulated,neutral_default,False,False,recomputed
NIU,2,5.0,3.9,3.93,2.4,C,9,,Other / Unclassified,,neutral,0,0,none,simulated,simulated,neutral_default,False,False,recomputed
NIVF,2,6.22,10.0,10.0,96.5,A,9,Medical Care Facilities,Other / Unclassified,-100.0,elevated_volume,8,8,high,polygon,polygon,stock_market_proxy,False,False,recomputed
NIXX,2,5.84,8.19,8.2,90.3,A,9,Telecom Services,Other / Unclassified,-84.0,low_volume,8,8,high,polygon,polygon,stock_market_proxy,False,False,recomputed
NJR,2,5.0,3.9,3.93,2.4,C,9,,Other / Unclassified,,neutral,0,0,none,finnhub,finnhub,stock_market_proxy,False,False,recomputed
NKE,2,5.0,3.9,3.93,2.4,C,9,,Other / Unclassified,,neutral,0,0,none,polygon,polygon,stock_market_proxy,False,False,recomputed
NKSH,2,5.0,3.9,3.93,2.4,C,9,,Other / Unclassified,,neutral,0,0,none,polygon,polygon,stock_market_proxy,False,False,recomputed
NKTR,2,5.0,3.9,3.93,2.4,C,9,,Other / Unclassified,,neutral,0,0,none,finnhub,finnhub,stock_market_proxy,False,False,recomputed
NKX,2,5.0,3.9,3.93,2.4,C,9,,Other / Unclassified,,neutral,0,0,none,finnhub,finnhub,stock_market_proxy,False,False,recomputed
NMAX,2,5.0,3.9,3.93,2.4,C,9,,Other / Unclassified,,neutral,0,0,none,polygon,polygon,stock_market_proxy,False,False,recomputed
NMP,2,5.0,3.9,3.93,2.4,C,9,,Other / Unclassified,,neutral,0,0,none,polygon,polygon,stock_market_proxy,False,False,recomputed
NMR,2,5.0,3.9,3.93,2.4,C,9,,Other / Unclassified,,neutral,0,0,none,polygon,polygon,stock_market_proxy,False,False,recomputed
NMRK,3,5.99,8.82,8.96,93.2,B,9,Real Estate Services,Other / Unclassified,-36.7,neutral,6,6,high,simulated,simulated,neutral_default,False,False,recomputed
NMTC,2,5.0,3.9,3.93,2.4,C,9,,Other / Unclassified,,neutral,0,0,none,simulated,simulated,neutral_default,False,False,recomputed
NMZ,2,5.37,5.79,5.81,78.0,A,9,Asset Management,Other / Unclassified,-13.5,elevated_volume,6,6,high,finnhub,finnhub,stock_market_proxy,False,False,recomputed
NNAVW,2,5.08,4.31,4.34,67.6,C,9,,Other / Unclassified,,neutral,3,3,partial,polygon,polygon,stock_market_proxy,False,False,recomputed
NNDM,2,5.0,3.9,3.93,2.4,C,9,,Other / Unclassified,,neutral,0,0,none,simulated,simulated,neutral_default,False,False,recomputed
NNE,2,5.35,5.69,5.71,74.5,C,1,,"Energy, Power & Utilities",,neutral,0,0,none,polygon,polygon,stock_market_proxy,False,False,recomputed
NNI,2,5.28,5.33,5.35,72.3,A,8,Credit Services,"Fintech, Payments & Digital Assets",-13.2,neutral,6,6,high,polygon,polygon,stock_market_proxy,False,False,recomputed
NOA,2,5.74,7.68,7.69,88.4,A,1,Oil & Gas Equipment & Services,"Energy, Power & Utilities",-28.3,low_volume,8,8,high,polygon,polygon,stock_market_proxy,False,False,recomputed
NOAH,2,5.42,6.05,6.06,80.5,A,9,Asset Management,Other / Unclassified,-27.5,neutral,6,6,high,polygon,polygon,stock_market_proxy,False,False,recomputed
NOC,2,5.0,3.9,3.93,2.4,C,9,,Other / Unclassified,,neutral,0,0,none,polygon,polygon,stock_market_proxy,False,False,recomputed
NOEMR,2,5.0,3.9,3.93,2.4,C,9,,Other / Unclassified,,neutral,1,1,partial,polygon,polygon,stock_market_proxy,False,False,recomputed
NOEMW,2,5.0,3.9,3.93,2.4,C,9,,Other / Unclassified,,neutral,1,1,partial,polygon,polygon,stock_market_proxy,False,False,recomputed
NOG,2,5.0,3.9,3.93,2.4,C,9,,Other / Unclassified,,neutral,0,0,none,polygon,polygon,stock_market_proxy,False,False,recomputed
NOK,2,5.71,7.53,7.54,87.9,A,3,Communication Equipment,"Compute, Data Center & Network Infrastructure",-37.0,neutral,6,6,high,polygon,polygon,stock_market_proxy,False,False,recomputed
NOMA,2,5.0,3.9,3.93,2.4,C,9,,Other / Unclassified,,neutral,0,0,none,simulated,simulated,neutral_default,False,False,recomputed
NOMD,2,5.0,3.9,3.93,2.4,C,9,,Other / Unclassified,,neutral,0,0,none,finnhub,finnhub,stock_market_proxy,False,False,recomputed
NOV,2,6.19,9.98,9.98,96.2,A,1,Oil & Gas Equipment & Services,"Energy, Power & Utilities",-13.9,neutral,6,6,high,polygon,polygon,stock_market_proxy,False,False,recomputed
NOVT,2,5.0,3.9,3.93,2.4,C,9,,Other / Unclassified,,neutral,0,0,none,polygon,polygon,stock_market_proxy,False,False,recomputed
NOVTU,2,5.0,3.9,3.93,2.4,C,9,,Other / Unclassified,,neutral,0,0,none,finnhub,finnhub,stock_market_proxy,False,False,recomputed
NOW,2,5.35,5.69,5.71,74.5,C,6,,"Enterprise Software, Services & Automation",,neutral,0,0,none,finnhub,finnhub,stock_market_proxy,False,False,recomputed
NPB,3,5.0,3.95,3.93,2.4,A,9,Banks - Regional,Other / Unclassified,-19.3,neutral,6,6,high,finnhub,finnhub,stock_market_proxy,False,False,recomputed
NPCE,3,5.68,7.29,7.38,87.2,A,9,Medical Devices,Other / Unclassified,-33.9,neutral,7,7,high,finnhub,finnhub,stock_market_proxy,False,False,recomputed
NPFD,2,5.0,3.9,3.93,2.4,C,9,,Other / Unclassified,,neutral,0,0,none,finnhub,finnhub,stock_market_proxy,False,False,recomputed
NPO,3,5.0,3.95,3.93,2.4,C,9,,Other / Unclassified,,neutral,0,0,none,finnhub,finnhub,stock_market_proxy,False,False,recomputed
NPPXF,3,5.0,3.95,3.93,2.4,C,9,,Other / Unclassified,,neutral,0,0,none,simulated,simulated,neutral_default,False,False,recomputed
NPWR,2,5.0,3.9,3.93,2.4,C,9,,Other / Unclassified,,neutral,0,0,none,polygon,polygon,stock_market_proxy,False,False,recomputed
NRDS,3,5.35,5.67,5.71,74.5,C,8,,"Fintech, Payments & Digital Assets",,neutral,0,0,none,polygon,polygon,stock_market_proxy,False,False,recomputed
NRDY,2,5.0,3.9,3.93,2.4,C,9,,Other / Unclassified,,neutral,0,0,none,simulated,simulated,neutral_default,False,False,recomputed
NREF,2,5.0,3.9,3.93,2.4,C,9,,Other / Unclassified,,neutral,0,0,none,polygon,polygon,stock_market_proxy,False,False,recomputed
NRG,2,6.05,9.27,9.26,94.0,A,1,Utilities - Independent Power Producers,"Energy, Power & Utilities",-40.6,elevated_volume,8,8,high,finnhub,finnhub,stock_market_proxy,False,False,recomputed
NRIM,2,5.0,3.9,3.93,2.4,C,9,,Other / Unclassified,,neutral,0,0,none,polygon,polygon,stock_market_proxy,False,False,recomputed
NRK,2,5.33,5.59,5.61,73.8,A,9,Asset Management,Other / Unclassified,-13.6,neutral,5,5,substantial,polygon,polygon,stock_market_proxy,False,False,recomputed
NRSN,2,5.0,3.9,3.93,2.4,C,9,,Other / Unclassified,,neutral,0,0,none,polygon,polygon,stock_market_proxy,False,False,recomputed
NRXS,3,5.42,6.01,6.06,80.5,B,9,Biotechnology,Other / Unclassified,-22.5,low_volume,8,8,high,simulated,simulated,neutral_default,False,False,recomputed
NSC,2,5.0,3.9,3.93,2.4,C,9,,Other / Unclassified,,neutral,0,0,none,polygon,polygon,stock_market_proxy,False,False,recomputed
NSP,2,5.0,3.9,3.93,2.4,C,9,,Other / Unclassified,,neutral,0,0,none,polygon,polygon,stock_market_proxy,False,False,recomputed
NSSC,3,5.0,3.95,3.93,2.4,C,9,,Other / Unclassified,,neutral,0,0,none,simulated,simulated,neutral_default,False,False,recomputed
NSTS,2,5.0,3.9,3.93,2.4,C,9,,Other / Unclassified,,neutral,0,0,none,polygon,polygon,stock_market_proxy,False,False,recomputed
NSYS,2,5.53,6.61,6.62,83.2,A,9,Medical Devices,Other / Unclassified,-36.9,low_volume,8,8,high,finnhub,finnhub,stock_market_proxy,False,False,recomputed
NTAP,2,5.35,5.69,5.71,74.5,C,3,,"Compute, Data Center & Network Infrastructure",,neutral,0,0,none,polygon,polygon,stock_market_proxy,False,False,recomputed
NTCT,3,5.0,3.95,3.93,2.4,C,9,,Other / Unclassified,,neutral,0,0,none,simulated,simulated,neutral_default,False,False,recomputed
NTES,3,5.62,7.0,7.08,85.8,B,5,Electronic Gaming & Multimedia,"AI Platforms, Models & Quantum",-19.7,neutral,7,7,high,simulated,simulated,neutral_default,False,False,recomputed
NTGR,3,5.0,3.95,3.93,2.4,C,9,,Other / Unclassified,,neutral,0,0,none,simulated,simulated,neutral_default,False,False,recomputed
NTIC,2,5.0,3.9,3.93,2.4,C,9,,Other / Unclassified,,neutral,0,0,none,polygon,polygon,stock_market_proxy,False,False,recomputed
NTIP,2,5.13,4.57,4.59,68.5,A,9,Specialty Business Services,Other / Unclassified,-3.7,low_volume,7,7,high,polygon,polygon,stock_market_proxy,False,False,recomputed
NTLA,2,5.0,3.9,3.93,2.4,C,9,,Other / Unclassified,,neutral,0,0,none,finnhub,finnhub,stock_market_proxy,False,False,recomputed
NTNX,3,5.0,3.95,3.93,2.4,C,9,,Other / Unclassified,,neutral,0,0,none,simulated,simulated,neutral_default,False,False,recomputed
NTRB,2,5.0,3.9,3.93,2.4,C,9,,Other / Unclassified,,neutral,0,0,none,finnhub,finnhub,stock_market_proxy,False,False,recomputed
NTRP,2,6.12,9.63,9.62,94.9,A,9,Travel Services,Other / Unclassified,-60.7,low_volume,8,8,high,polygon,polygon,stock_market_proxy,False,False,recomputed
NTRS,2,5.0,3.9,3.93,2.4,C,9,,Other / Unclassified,,neutral,0,0,none,polygon,polygon,stock_market_proxy,False,False,recomputed
NTSK,3,5.34,5.62,5.66,74.1,B,7,Software - Infrastructure,"Cybersecurity, Identity & Data Protection",-20.7,neutral,7,7,high,simulated,simulated,neutral_default,False,False,recomputed
NTWOW,2,5.46,6.25,6.27,81.4,B,9,,Other / Unclassified,-48.8,neutral,4,4,substantial,polygon,polygon,stock_market_proxy,False,False,recomputed
NUCLW,3,5.0,3.95,3.93,2.4,C,9,,Other / Unclassified,,neutral,0,0,none,polygon,polygon,stock_market_proxy,False,False,recomputed
NUE,2,5.0,3.9,3.93,2.4,A,9,Steel,Other / Unclassified,-10.1,neutral,7,7,high,finnhub,finnhub,stock_market_proxy,False,False,recomputed
NUTX,2,5.11,4.46,4.49,68.4,A,9,Medical Care Facilities,Other / Unclassified,-5.3,neutral,7,7,high,polygon,polygon,stock_market_proxy,False,False,recomputed
NUVB,2,7.49,10.0,10.0,96.5,A,9,Biotechnology,Other / Unclassified,-49.1,dark_pool_buying,8,8,high,polygon,polygon,stock_market_proxy,False,False,recomputed
NUVL,3,5.0,3.95,3.93,2.4,C,9,,Other / Unclassified,,neutral,0,0,none,simulated,simulated,neutral_default,False,False,recomputed
NVAX,2,5.56,6.76,6.77,83.9,B,9,Biotechnology,Other / Unclassified,-10.7,elevated_volume,8,8,high,simulated,simulated,neutral_default,False,False,recomputed
NVCR,3,6.6,10.0,10.0,96.5,B,9,Medical Devices,Other / Unclassified,-26.7,dark_pool_buying,8,8,high,simulated,simulated,neutral_default,False,False,recomputed
NVDA,2,5.55,6.71,6.72,83.7,A,2,Semiconductors,Semiconductors & Chip Tools,-0.7,neutral,7,7,high,polygon,polygon,stock_market_proxy,False,False,recomputed
NVEC,3,5.0,3.95,3.93,2.4,C,9,,Other / Unclassified,,neutral,0,0,none,simulated,simulated,neutral_default,False,False,recomputed
NVMI,2,5.0,3.9,3.93,2.4,C,9,,Other / Unclassified,,neutral,0,0,none,polygon,polygon,stock_market_proxy,False,False,recomputed
NVNIW,3,5.23,5.08,5.1,70.4,C,9,,Other / Unclassified,,neutral,2,2,partial,simulated,simulated,neutral_default,False,False,recomputed
NVO,3,5.0,3.95,3.93,2.4,C,9,,Other / Unclassified,,neutral,0,0,none,simulated,simulated,neutral_default,False,False,recomputed
NVR,2,5.04,4.11,4.13,67.4,A,9,Residential Construction,Other / Unclassified,-26.7,neutral,7,7,high,polygon,polygon,stock_market_proxy,False,False,recomputed
NVT,3,5.3,5.42,5.45,72.6,B,3,Electrical Equipment & Parts,"Compute, Data Center & Network Infrastructure",-8.8,neutral,7,7,high,simulated,simulated,neutral_default,False,False,recomputed
NVTS,2,5.77,7.84,7.84,89.1,A,3,Semiconductors,"Compute, Data Center & Network Infrastructure",-64.5,neutral,7,7,high,polygon,polygon,stock_market_proxy,False,False,recomputed
NWBI,2,5.0,3.9,3.93,2.4,C,9,,Other / Unclassified,,neutral,0,0,none,polygon,polygon,stock_market_proxy,False,False,recomputed
NWFL,3,5.0,3.95,3.93,2.4,C,9,,Other / Unclassified,,neutral,0,0,none,simulated,simulated,neutral_default,False,False,recomputed
NWL,2,5.0,3.9,3.93,2.4,C,9,,Other / Unclassified,,neutral,0,0,none,finnhub,finnhub,stock_market_proxy,False,False,recomputed
NWSA,2,5.0,3.9,3.93,2.4,C,9,,Other / Unclassified,,neutral,0,0,none,finnhub,finnhub,stock_market_proxy,False,False,recomputed
NXDCF,3,6.27,10.0,10.0,96.5,B,3,Information Technology Services,"Compute, Data Center & Network Infrastructure",-41.3,elevated_volume,7,7,high,simulated,simulated,neutral_default,False,False,recomputed
NXDR,2,5.0,3.9,3.93,2.4,C,9,,Other / Unclassified,,neutral,0,0,none,finnhub,finnhub,stock_market_proxy,False,False,recomputed
NXE,2,5.85,8.25,8.25,90.6,A,1,Uranium,"Energy, Power & Utilities",-35.4,neutral,5,5,substantial,polygon,polygon,stock_market_proxy,False,False,recomputed
NXG,2,5.0,3.9,3.93,2.4,C,9,,Other / Unclassified,,neutral,0,0,none,polygon,polygon,stock_market_proxy,False,False,recomputed
NXGL,3,6.16,9.65,9.82,95.5,A,9,Medical Instruments & Supplies,Other / Unclassified,-93.6,neutral,7,7,high,polygon,polygon,stock_market_proxy,False,False,recomputed
NXP,3,5.31,5.47,5.5,72.9,B,9,Asset Management,Other / Unclassified,-8.5,neutral,6,6,high,simulated,simulated,neutral_default,False,False,recomputed
NXPI,2,5.41,6.0,6.01,79.0,C,2,,Semiconductors & Chip Tools,,neutral,0,0,none,polygon,polygon,stock_market_proxy,False,False,recomputed
NXPL,2,4.9,3.39,3.42,0.9,B,6,Software - Application,"Enterprise Software, Services & Automation",-5.2,low_volume,8,8,high,simulated,simulated,neutral_default,False,False,recomputed
NXPLW,2,5.0,3.9,3.93,2.4,C,9,,Other / Unclassified,,neutral,0,0,none,polygon,polygon,stock_market_proxy,False,False,recomputed
NXRT,2,5.0,3.9,3.93,2.4,C,9,,Other / Unclassified,,neutral,0,0,none,finnhub,finnhub,stock_market_proxy,False,False,recomputed
NXT,2,5.0,3.9,3.93,2.4,C,9,,Other / Unclassified,,neutral,0,0,none,finnhub,finnhub,stock_market_proxy,False,False,recomputed
NXTC,2,5.0,3.9,3.93,2.4,C,9,,Other / Unclassified,,neutral,0,0,none,polygon,polygon,stock_market_proxy,False,False,recomputed
NYXH,2,5.0,3.9,3.93,2.4,C,9,,Other / Unclassified,,neutral,0,0,none,polygon,polygon,stock_market_proxy,False,False,recomputed
O,2,5.0,3.9,3.93,2.4,C,9,,Other / Unclassified,,neutral,0,0,none,polygon,polygon,stock_market_proxy,False,False,recomputed
OABIW,2,5.38,5.84,5.86,78.2,C,9,,Other / Unclassified,,neutral,3,3,partial,polygon,polygon,stock_market_proxy,False,False,recomputed
OBA,3,5.0,3.95,3.93,2.4,C,9,,Other / Unclassified,,neutral,0,0,none,simulated,simulated,neutral_default,False,False,recomputed
OBAI,2,5.98,8.91,8.91,93.0,A,4,Software - Infrastructure,"Cloud, Data & Developer Infrastructure",-99.4,low_volume,7,7,high,polygon,polygon,stock_market_proxy,False,False,recomputed
OC,3,5.0,3.95,3.93,2.4,C,9,,Other / Unclassified,,neutral,0,0,none,simulated,simulated,neutral_default,False,False,recomputed
OCCI,2,5.0,3.9,3.93,2.4,C,9,,Other / Unclassified,,neutral,0,0,none,polygon,polygon,stock_market_proxy,False,False,recomputed
OCCIM,3,5.0,3.95,3.93,2.4,C,9,,Other / Unclassified,,neutral,0,0,none,simulated,simulated,neutral_default,False,False,recomputed
OCFC,2,5.0,3.9,3.93,2.4,C,9,,Other / Unclassified,,neutral,0,0,none,polygon,polygon,stock_market_proxy,False,False,recomputed
OCGN,2,5.0,3.9,3.93,2.4,C,9,,Other / Unclassified,,neutral,0,0,none,finnhub,finnhub,stock_market_proxy,False,False,recomputed
OCSAW,3,5.23,5.08,5.1,70.4,C,9,,Other / Unclassified,,neutral,1,1,partial,finnhub,finnhub,stock_market_proxy,False,False,recomputed
OCSL,2,5.0,3.9,3.93,2.4,C,9,,Other / Unclassified,,neutral,0,0,none,finnhub,finnhub,stock_market_proxy,False,False,recomputed
ODFL,2,5.0,3.9,3.93,2.4,C,9,,Other / Unclassified,,neutral,0,0,none,polygon,polygon,stock_market_proxy,False,False,recomputed
ODYS,2,6.22,10.0,10.0,96.5,A,9,Scientific & Technical Instruments,Other / Unclassified,-64.8,elevated_volume,8,8,high,polygon,polygon,stock_market_proxy,False,False,recomputed
OESX,3,5.0,3.95,3.93,2.4,C,9,,Other / Unclassified,,neutral,0,0,none,simulated,simulated,neutral_default,False,False,recomputed
OFAL,2,5.0,3.9,3.93,2.4,C,9,,Other / Unclassified,,neutral,0,0,none,polygon,polygon,stock_market_proxy,False,False,recomputed
OFRM,2,5.0,3.9,3.93,2.4,C,9,,Other / Unclassified,,neutral,0,0,none,polygon,polygon,stock_market_proxy,False,False,recomputed
OFSSH,2,5.0,3.9,3.93,2.4,C,9,,Other / Unclassified,,neutral,0,0,none,simulated,simulated,neutral_default,False,False,recomputed
OFSSO,3,5.0,3.95,3.93,2.4,C,9,,Other / Unclassified,,neutral,0,0,none,finnhub,finnhub,stock_market_proxy,False,False,recomputed
OGE,2,5.0,3.9,3.93,2.4,C,9,,Other / Unclassified,,neutral,0,0,none,finnhub,finnhub,stock_market_proxy,False,False,recomputed
OGEN,2,5.0,3.9,3.93,2.4,C,9,,Other / Unclassified,,neutral,0,0,none,finnhub,finnhub,stock_market_proxy,False,False,recomputed
OGN,3,5.0,3.95,3.93,2.4,C,9,,Other / Unclassified,,neutral,0,0,none,finnhub,finnhub,stock_market_proxy,False,False,recomputed
OGS,3,5.0,3.95,3.93,2.4,C,9,,Other / Unclassified,,neutral,0,0,none,polygon,polygon,stock_market_proxy,False,False,recomputed
OIA,2,5.37,5.79,5.81,78.0,B,9,Asset Management,Other / Unclassified,-7.9,elevated_volume,6,6,high,simulated,simulated,neutral_default,False,False,recomputed
OII,2,5.87,8.35,8.35,90.9,A,1,Oil & Gas Equipment & Services,"Energy, Power & Utilities",-19.2,neutral,7,7,high,polygon,polygon,stock_market_proxy,False,False,recomputed
OIOWW,2,5.0,3.9,3.93,2.4,C,9,,Other / Unclassified,,neutral,0,0,none,simulated,simulated,neutral_default,False,False,recomputed
OIS,2,5.83,8.14,8.15,90.0,B,1,Oil & Gas Equipment & Services,"Energy, Power & Utilities",-43.8,elevated_volume,8,8,high,simulated,simulated,neutral_default,False,False,recomputed
OKE,2,5.0,3.9,3.93,2.4,C,9,,Other / Unclassified,,neutral,0,0,none,polygon,polygon,stock_market_proxy,False,False,recomputed
OKLO,2,5.35,5.69,5.71,74.5,C,1,,"Energy, Power & Utilities",,neutral,0,0,none,polygon,polygon,stock_market_proxy,False,False,recomputed
OKTA,2,5.41,6.0,6.01,79.0,C,7,,"Cybersecurity, Identity & Data Protection",,neutral,0,0,none,polygon,polygon,stock_market_proxy,False,False,recomputed
OKYO,2,5.65,7.22,7.23,86.4,A,9,Biotechnology,Other / Unclassified,-54.7,low_volume,6,6,high,polygon,polygon,stock_market_proxy,False,False,recomputed
OLED,3,5.84,8.08,8.2,90.3,B,2,Electronic Components,Semiconductors & Chip Tools,-47.9,neutral,6,6,high,simulated,simulated,neutral_default,False,False,recomputed
OLN,3,5.0,3.95,3.93,2.4,C,9,,Other / Unclassified,,neutral,0,0,none,simulated,simulated,neutral_default,False,False,recomputed
OLP,2,5.0,3.9,3.93,2.4,C,9,,Other / Unclassified,,neutral,0,0,none,finnhub,finnhub,stock_market_proxy,False,False,recomputed
OMAB,2,5.42,6.05,6.06,80.5,A,9,Airports & Air Services,Other / Unclassified,-30.1,neutral,6,6,high,polygon,polygon,stock_market_proxy,False,False,recomputed
OMC,2,5.78,7.89,7.89,89.2,A,6,Advertising Agencies,"Enterprise Software, Services & Automation",-15.0,neutral,7,7,high,polygon,polygon,stock_market_proxy,False,False,recomputed
OMCL,3,5.0,3.95,3.93,2.4,C,9,,Other / Unclassified,,neutral,0,0,none,finnhub,finnhub,stock_market_proxy,False,False,recomputed
OMDA,3,5.0,3.95,3.93,2.4,C,9,,Other / Unclassified,,neutral,0,0,none,finnhub,finnhub,stock_market_proxy,False,False,recomputed
OMEX,2,5.0,3.9,3.93,2.4,C,9,,Other / Unclassified,,neutral,0,0,none,polygon,polygon,stock_market_proxy,False,False,recomputed
OMF,2,5.83,8.14,8.15,90.0,B,8,Credit Services,"Fintech, Payments & Digital Assets",-17.1,neutral,5,5,substantial,simulated,simulated,neutral_default,False,False,recomputed
ON,2,5.39,5.9,5.91,78.7,A,2,Semiconductors,Semiconductors & Chip Tools,-38.4,neutral,7,7,high,polygon,polygon,stock_market_proxy,False,False,recomputed
ONCH,2,5.0,3.9,3.93,2.4,C,9,,Other / Unclassified,,neutral,0,0,none,finnhub,finnhub,stock_market_proxy,False,False,recomputed
ONCHU,2,5.0,3.9,3.93,2.4,C,9,,Other / Unclassified,,neutral,0,0,none,finnhub,finnhub,stock_market_proxy,False,False,recomputed
ONCHW,3,5.0,3.95,3.93,2.4,C,9,,Other / Unclassified,,neutral,0,0,none,finnhub,finnhub,stock_market_proxy,False,False,recomputed
ONMD,2,5.0,3.9,3.93,2.4,C,9,,Other / Unclassified,,neutral,0,0,none,polygon,polygon,stock_market_proxy,False,False,recomputed
ONTO,2,5.41,6.0,6.01,79.0,C,2,,Semiconductors & Chip Tools,,neutral,0,0,none,finnhub,finnhub,stock_market_proxy,False,False,recomputed
OOMA,3,5.0,3.95,3.93,2.4,C,9,,Other / Unclassified,,neutral,0,0,none,finnhub,finnhub,stock_market_proxy,False,False,recomputed
OPBK,3,5.0,3.95,3.93,2.4,B,9,Banks - Regional,Other / Unclassified,-5.5,neutral,6,6,high,simulated,simulated,neutral_default,False,False,recomputed
OPCH,2,4.94,3.6,3.62,1.8,A,9,Medical Care Facilities,Other / Unclassified,-15.3,elevated_volume,7,7,high,polygon,polygon,stock_market_proxy,False,False,recomputed
OPEN,2,5.0,3.9,3.93,2.4,C,9,,Other / Unclassified,,neutral,0,0,none,polygon,polygon,stock_market_proxy,False,False,recomputed
OPFI,2,6.48,10.0,10.0,96.5,B,6,Credit Services,"Enterprise Software, Services & Automation",-46.7,low_volume,8,8,high,simulated,simulated,neutral_default,False,False,recomputed
OPK,2,6.06,9.32,9.32,94.1,A,9,Diagnostics & Research,Other / Unclassified,-19.7,neutral,6,6,high,finnhub,finnhub,stock_market_proxy,False,False,recomputed
OPLN,2,5.23,5.08,5.1,70.4,A,9,Auto & Truck Dealerships,Other / Unclassified,-18.9,neutral,7,7,high,polygon,polygon,stock_market_proxy,False,False,recomputed
OPRA,3,5.52,6.5,6.57,82.8,A,9,Internet Content & Information,Other / Unclassified,-16.7,neutral,7,7,high,polygon,polygon,stock_market_proxy,False,False,recomputed
OPTU,2,5.0,3.9,3.93,2.4,C,9,,Other / Unclassified,,neutral,0,0,none,polygon,polygon,stock_market_proxy,False,False,recomputed
OPTX,3,5.91,8.42,8.55,91.7,A,2,Electronic Components,Semiconductors & Chip Tools,-37.0,elevated_volume,8,8,high,finnhub,finnhub,stock_market_proxy,False,False,recomputed
ORCL,2,5.0,3.9,3.93,2.4,C,9,,Other / Unclassified,,neutral,0,0,none,polygon,polygon,stock_market_proxy,False,False,recomputed
ORGNW,2,5.08,4.31,4.34,67.6,C,9,,Other / Unclassified,,neutral,2,2,partial,polygon,polygon,stock_market_proxy,False,False,recomputed
ORGO,2,6.03,9.17,9.16,93.6,A,9,Drug Manufacturers - Specialty & Generic,Other / Unclassified,-79.8,elevated_volume,8,8,high,finnhub,finnhub,stock_market_proxy,False,False,recomputed
ORKA,3,6.1,9.36,9.52,94.7,B,9,Biotechnology,Other / Unclassified,-29.7,neutral,5,5,substantial,simulated,simulated,neutral_default,False,False,recomputed
ORLY,2,5.0,3.9,3.93,2.4,C,9,,Other / Unclassified,,neutral,0,0,none,polygon,polygon,stock_market_proxy,False,False,recomputed
ORN,2,6.06,9.32,9.32,94.1,A,3,Engineering & Construction,"Compute, Data Center & Network Infrastructure",-47.1,neutral,7,7,high,polygon,polygon,stock_market_proxy,False,False,recomputed
OSCR,2,5.0,3.9,3.93,2.4,C,9,,Other / Unclassified,,neutral,0,0,none,polygon,polygon,stock_market_proxy,False,False,recomputed
OSIS,2,6.16,9.83,9.82,95.5,A,2,Electronic Components,Semiconductors & Chip Tools,-37.3,neutral,6,6,high,polygon,polygon,stock_market_proxy,False,False,recomputed
OSK,3,5.44,6.11,6.16,81.1,B,9,Farm & Heavy Construction Machinery,Other / Unclassified,-27.1,neutral,7,7,high,simulated,simulated,neutral_default,False,False,recomputed
OSS,2,5.0,3.9,3.93,2.4,C,9,,Other / Unclassified,,neutral,0,0,none,finnhub,finnhub,stock_market_proxy,False,False,recomputed
OTEX,3,6.49,10.0,10.0,96.5,B,7,Software - Application,"Cybersecurity, Identity & Data Protection",-39.2,neutral,6,6,high,simulated,simulated,neutral_default,False,False,recomputed
OTH,2,5.0,3.9,3.93,2.4,C,9,,Other / Unclassified,,neutral,0,0,none,polygon,polygon,stock_market_proxy,False,False,recomputed
OUST,2,5.0,3.9,3.93,2.4,C,9,,Other / Unclassified,,neutral,0,0,none,polygon,polygon,stock_market_proxy,False,False,recomputed
OVLY,2,5.0,3.9,3.93,2.4,C,9,,Other / Unclassified,,neutral,0,0,none,polygon,polygon,stock_market_proxy,False,False,recomputed
OVV,2,5.0,3.9,3.93,2.4,C,9,,Other / Unclassified,,neutral,0,0,none,polygon,polygon,stock_market_proxy,False,False,recomputed
OWL,3,5.82,7.98,8.1,89.9,A,9,Asset Management,Other / Unclassified,-42.7,neutral,7,7,high,polygon,polygon,stock_market_proxy,False,False,recomputed
OXBR,2,5.0,3.9,3.93,2.4,C,9,,Other / Unclassified,,neutral,0,0,none,finnhub,finnhub,stock_market_proxy,False,False,recomputed
OXBRW,2,5.0,3.9,3.93,2.4,C,9,,Other / Unclassified,,neutral,0,0,none,finnhub,finnhub,stock_market_proxy,False,False,recomputed
OXLCG,3,5.0,3.95,3.93,2.4,C,9,,Other / Unclassified,,neutral,0,0,none,simulated,simulated,neutral_default,False,False,recomputed
OXLCL,2,5.0,3.9,3.93,2.4,C,9,,Other / Unclassified,,neutral,0,0,none,finnhub,finnhub,stock_market_proxy,False,False,recomputed
OXLCP,3,5.0,3.95,3.93,2.4,C,9,,Other / Unclassified,,neutral,0,0,none,simulated,simulated,neutral_default,False,False,recomputed
OXY,2,5.0,3.9,3.93,2.4,C,9,,Other / Unclassified,,neutral,0,0,none,polygon,polygon,stock_market_proxy,False,False,recomputed
OYSER,2,5.36,5.74,5.76,77.6,A,9,,Other / Unclassified,-38.1,low_volume,5,5,substantial,polygon,polygon,stock_market_proxy,False,False,recomputed
P,2,5.1,4.41,4.44,68.3,A,3,Computer Hardware,"Compute, Data Center & Network Infrastructure",0.0,neutral,7,7,high,finnhub,finnhub,stock_market_proxy,False,False,recomputed
PAA,2,6.17,9.88,9.87,95.7,A,1,Oil & Gas Midstream,"Energy, Power & Utilities",-7.7,neutral,7,7,high,finnhub,finnhub,stock_market_proxy,False,False,recomputed
PAAC,2,5.0,3.9,3.93,2.4,C,9,,Other / Unclassified,,neutral,0,0,none,polygon,polygon,stock_market_proxy,False,False,recomputed
PAC,2,5.0,3.9,3.93,2.4,C,9,,Other / Unclassified,,neutral,0,0,none,finnhub,finnhub,stock_market_proxy,False,False,recomputed
PACH,3,5.0,3.95,3.93,2.4,C,9,,Other / Unclassified,,neutral,0,0,none,simulated,simulated,neutral_default,False,False,recomputed
PACS,2,5.0,3.9,3.93,2.4,C,9,,Other / Unclassified,,neutral,0,0,none,finnhub,finnhub,stock_market_proxy,False,False,recomputed
PAGS,3,5.0,3.95,3.93,2.4,C,9,,Other / Unclassified,,neutral,0,0,none,simulated,simulated,neutral_default,False,False,recomputed
PAI,2,5.0,3.9,3.93,2.4,C,9,,Other / Unclassified,,neutral,0,0,none,finnhub,finnhub,stock_market_proxy,False,False,recomputed
PAII,2,5.0,3.9,3.93,2.4,C,9,,Other / Unclassified,,neutral,0,0,none,finnhub,finnhub,stock_market_proxy,False,False,recomputed
PANW,2,5.41,6.0,6.01,79.0,C,7,,"Cybersecurity, Identity & Data Protection",,neutral,0,0,none,finnhub,finnhub,stock_market_proxy,False,False,recomputed
PASW,2,5.0,3.9,3.93,2.4,C,9,,Other / Unclassified,,neutral,0,0,none,finnhub,finnhub,stock_market_proxy,False,False,recomputed
PATH,2,5.35,5.69,5.71,74.5,C,6,,"Enterprise Software, Services & Automation",,neutral,0,0,none,finnhub,finnhub,stock_market_proxy,False,False,recomputed
PAVM,2,5.0,3.9,3.93,2.4,C,9,,Other / Unclassified,,neutral,0,0,none,finnhub,finnhub,stock_market_proxy,False,False,recomputed
PAX,3,5.0,3.95,3.93,2.4,C,9,,Other / Unclassified,,neutral,0,0,none,simulated,simulated,neutral_default,False,False,recomputed
PAXS,2,5.0,3.9,3.93,2.4,C,9,,Other / Unclassified,,neutral,0,0,none,simulated,simulated,neutral_default,False,False,recomputed
PAY,3,5.67,7.24,7.33,87.1,A,8,Software - Infrastructure,"Fintech, Payments & Digital Assets",-29.8,neutral,7,7,high,polygon,polygon,stock_market_proxy,False,False,recomputed
PAYC,3,5.35,5.67,5.71,74.5,C,6,,"Enterprise Software, Services & Automation",,neutral,0,0,none,simulated,simulated,neutral_default,False,False,recomputed
PAYX,2,6.76,10.0,10.0,96.5,A,6,Software - Application,"Enterprise Software, Services & Automation",-20.3,neutral,7,7,high,finnhub,finnhub,stock_market_proxy,False,False,recomputed
PB,3,5.75,7.64,7.74,88.7,B,9,Banks - Regional,Other / Unclassified,-11.6,neutral,6,6,high,simulated,simulated,neutral_default,False,False,recomputed
PBI,2,5.89,8.45,8.45,91.1,A,9,Integrated Freight & Logistics,Other / Unclassified,-10.5,neutral,6,6,high,finnhub,finnhub,stock_market_proxy,False,False,recomputed
PBK,3,5.35,5.67,5.71,74.5,C,1,,"Energy, Power & Utilities",,neutral,0,0,none,simulated,simulated,neutral_default,False,False,recomputed
PBR,3,5.0,3.95,3.93,2.4,C,9,,Other / Unclassified,,neutral,0,0,none,finnhub,finnhub,stock_market_proxy,False,False,recomputed
PCAPU,2,5.08,4.31,4.34,67.6,A,9,Shell Companies,Other / Unclassified,-2.9,neutral,5,5,substantial,finnhub,finnhub,stock_market_proxy,False,False,recomputed
PCF,2,5.0,3.9,3.93,2.4,C,9,,Other / Unclassified,,neutral,0,0,none,finnhub,finnhub,stock_market_proxy,False,False,recomputed
PCG,2,5.35,5.69,5.71,74.5,C,1,,"Energy, Power & Utilities",,neutral,0,0,none,finnhub,finnhub,stock_market_proxy,False,False,recomputed
PCN,3,5.0,3.95,3.93,2.4,C,9,,Other / Unclassified,,neutral,0,0,none,polygon,polygon,stock_market_proxy,False,False,recomputed
PCSA,2,5.0,3.9,3.93,2.4,C,9,,Other / Unclassified,,neutral,0,0,none,finnhub,finnhub,stock_market_proxy,False,False,recomputed
PCSC,3,5.0,3.95,3.93,2.4,C,9,,Other / Unclassified,,neutral,0,0,none,polygon,polygon,stock_market_proxy,False,False,recomputed
PCTY,2,5.35,5.69,5.71,74.5,C,6,,"Enterprise Software, Services & Automation",,neutral,0,0,none,simulated,simulated,neutral_default,False,False,recomputed
PCYO,3,5.49,6.36,6.42,81.9,A,1,Utilities - Regulated Water,"Energy, Power & Utilities",-8.2,neutral,7,7,high,finnhub,finnhub,stock_market_proxy,False,False,recomputed
PD,3,5.68,7.29,7.38,87.2,A,5,Software - Application,"AI Platforms, Models & Quantum",-6.0,neutral,6,6,high,polygon,polygon,stock_market_proxy,False,False,recomputed
PDD,2,5.0,3.9,3.93,2.4,C,9,,Other / Unclassified,,neutral,0,0,none,finnhub,finnhub,stock_market_proxy,False,False,recomputed
PDEX,2,5.0,3.9,3.93,2.4,C,9,,Other / Unclassified,,neutral,0,0,none,finnhub,finnhub,stock_market_proxy,False,False,recomputed
PDFS,2,5.0,3.9,3.93,2.4,C,9,,Other / Unclassified,,neutral,0,0,none,finnhub,finnhub,stock_market_proxy,False,False,recomputed
PDPA,3,5.0,3.95,3.93,2.4,C,9,,Other / Unclassified,,neutral,0,0,none,simulated,simulated,neutral_default,False,False,recomputed
PDSB,2,4.85,3.14,3.17,0.5,A,9,Biotechnology,Other / Unclassified,-25.5,low_volume,6,6,high,finnhub,finnhub,stock_market_proxy,False,False,recomputed
PDYN,3,5.0,3.95,3.93,2.4,C,9,,Other / Unclassified,,neutral,0,0,none,finnhub,finnhub,stock_market_proxy,False,False,recomputed
PDYNW,2,5.0,3.9,3.93,2.4,C,9,,Other / Unclassified,,neutral,0,0,none,finnhub,finnhub,stock_market_proxy,False,False,recomputed
PEB,2,5.0,3.9,3.93,2.4,C,9,,Other / Unclassified,,neutral,0,0,none,simulated,simulated,neutral_default,False,False,recomputed
PECO,2,5.52,6.56,6.57,82.8,A,9,REIT - Retail,Other / Unclassified,-15.3,elevated_volume,8,8,high,finnhub,finnhub,stock_market_proxy,False,False,recomputed
PEG,2,5.35,5.69,5.71,74.5,C,1,,"Energy, Power & Utilities",,neutral,0,0,none,finnhub,finnhub,stock_market_proxy,False,False,recomputed
PENG,2,5.0,3.9,3.93,2.4,C,9,,Other / Unclassified,,neutral,0,0,none,finnhub,finnhub,stock_market_proxy,False,False,recomputed
PENMF,3,5.0,3.95,3.93,2.4,C,9,,Other / Unclassified,,neutral,0,0,none,simulated,simulated,neutral_default,False,False,recomputed
PENN,3,5.87,8.23,8.35,90.9,A,9,Resorts & Casinos,Other / Unclassified,-28.7,neutral,7,7,high,finnhub,finnhub,stock_market_proxy,False,False,recomputed
PERF,3,5.0,3.95,3.93,2.4,C,9,,Other / Unclassified,,neutral,0,0,none,polygon,polygon,stock_market_proxy,False,False,recomputed
PESI,3,6.18,9.75,9.93,96.0,A,9,Waste Management,Other / Unclassified,-22.4,neutral,7,7,high,polygon,polygon,stock_market_proxy,False,False,recomputed
PETS,2,5.0,3.9,3.93,2.4,C,9,,Other / Unclassified,,neutral,0,0,none,finnhub,finnhub,stock_market_proxy,False,False,recomputed
PFE,2,5.0,3.9,3.93,2.4,C,9,,Other / Unclassified,,neutral,0,0,none,finnhub,finnhub,stock_market_proxy,False,False,recomputed
PFG,2,5.0,3.9,3.93,2.4,C,9,,Other / Unclassified,,neutral,0,0,none,finnhub,finnhub,stock_market_proxy,False,False,recomputed
PFL,3,4.93,3.6,3.57,1.5,A,9,Asset Management,Other / Unclassified,-13.3,neutral,6,6,high,polygon,polygon,stock_market_proxy,False,False,recomputed
PFN,2,5.0,3.9,3.93,2.4,C,9,,Other / Unclassified,,neutral,0,0,none,finnhub,finnhub,stock_market_proxy,False,False,recomputed
PFO,2,5.0,3.9,3.93,2.4,C,9,,Other / Unclassified,,neutral,0,0,none,finnhub,finnhub,stock_market_proxy,False,False,recomputed
PFSI,2,5.0,3.9,3.93,2.4,C,9,,Other / Unclassified,,neutral,0,0,none,finnhub,finnhub,stock_market_proxy,False,False,recomputed
PG,2,5.0,3.9,3.93,2.4,C,9,,Other / Unclassified,,neutral,0,0,none,finnhub,finnhub,stock_market_proxy,False,False,recomputed
PGNY,2,5.0,3.9,3.93,2.4,C,9,,Other / Unclassified,,neutral,0,0,none,finnhub,finnhub,stock_market_proxy,False,False,recomputed
PGR,2,5.0,3.9,3.93,2.4,C,9,,Other / Unclassified,,neutral,0,0,none,finnhub,finnhub,stock_market_proxy,False,False,recomputed
PGY,2,5.0,3.9,3.93,2.4,C,9,,Other / Unclassified,,neutral,0,0,none,finnhub,finnhub,stock_market_proxy,False,False,recomputed
PGYWW,3,5.0,3.95,3.93,2.4,C,9,,Other / Unclassified,,neutral,0,0,none,finnhub,finnhub,stock_market_proxy,False,False,recomputed
PH,2,5.0,3.9,3.93,2.4,C,9,,Other / Unclassified,,neutral,0,0,none,finnhub,finnhub,stock_market_proxy,False,False,recomputed
PHAT,3,5.0,3.95,3.93,2.4,C,9,,Other / Unclassified,,neutral,0,0,none,finnhub,finnhub,stock_market_proxy,False,False,recomputed
PHK,3,5.0,3.95,3.93,2.4,C,9,,Other / Unclassified,,neutral,0,0,none,finnhub,finnhub,stock_market_proxy,False,False,recomputed
PHR,3,5.0,3.95,3.93,2.4,C,9,,Other / Unclassified,,neutral,0,0,none,polygon,polygon,stock_market_proxy,False,False,recomputed
PHUN,3,5.0,3.95,3.93,2.4,C,9,,Other / Unclassified,,neutral,0,0,none,finnhub,finnhub,stock_market_proxy,False,False,recomputed
PHVS,2,5.0,3.9,3.93,2.4,C,9,,Other / Unclassified,,neutral,0,0,none,finnhub,finnhub,stock_market_proxy,False,False,recomputed
PI,2,5.0,3.9,3.93,2.4,C,9,,Other / Unclassified,,neutral,0,0,none,finnhub,finnhub,stock_market_proxy,False,False,recomputed
PII,2,5.0,3.9,3.93,2.4,C,9,,Other / Unclassified,,neutral,0,0,none,finnhub,finnhub,stock_market_proxy,False,False,recomputed
PIIIW,3,5.0,3.95,3.93,2.4,C,9,,Other / Unclassified,,neutral,0,0,none,finnhub,finnhub,stock_market_proxy,False,False,recomputed
PINS,2,5.53,6.61,6.62,83.2,A,9,Internet Content & Information,Other / Unclassified,-42.4,neutral,7,7,high,finnhub,finnhub,stock_market_proxy,False,False,recomputed
PKE,2,5.0,3.9,3.93,2.4,C,9,,Other / Unclassified,,neutral,0,0,none,finnhub,finnhub,stock_market_proxy,False,False,recomputed
PKG,2,5.0,3.9,3.93,2.4,C,9,,Other / Unclassified,,neutral,0,0,none,finnhub,finnhub,stock_market_proxy,False,False,recomputed
PKOH,3,5.0,3.95,3.93,2.4,C,9,,Other / Unclassified,,neutral,0,0,none,simulated,simulated,neutral_default,False,False,recomputed
PL,2,5.61,7.02,7.03,85.2,A,9,Aerospace & Defense,Other / Unclassified,-65.5,neutral,7,7,high,finnhub,finnhub,stock_market_proxy,False,False,recomputed
PLAB,3,5.0,3.95,3.93,2.4,C,9,,Other / Unclassified,,neutral,0,0,none,simulated,simulated,neutral_default,False,False,recomputed
PLAG,3,5.89,8.32,8.45,91.1,A,9,Conglomerates,Other / Unclassified,-87.4,low_volume,8,8,high,polygon,polygon,stock_market_proxy,False,False,recomputed
PLAY,3,5.0,3.95,3.93,2.4,C,9,,Other / Unclassified,,neutral,0,0,none,simulated,simulated,neutral_default,False,False,recomputed
PLBC,3,5.0,3.95,3.93,2.4,C,9,,Other / Unclassified,,neutral,0,0,none,finnhub,finnhub,stock_market_proxy,False,False,recomputed
PLD,2,5.0,3.9,3.93,2.4,C,9,,Other / Unclassified,,neutral,0,0,none,finnhub,finnhub,stock_market_proxy,False,False,recomputed
PLMKU,2,4.58,1.76,1.79,0.0,A,9,Shell Companies,Other / Unclassified,-12.7,low_volume,6,6,high,finnhub,finnhub,stock_market_proxy,False,False,recomputed
PLTR,2,5.16,4.72,4.74,69.4,A,5,Software - Infrastructure,"AI Platforms, Models & Quantum",-6.3,neutral,7,7,high,finnhub,finnhub,stock_market_proxy,False,False,recomputed
PLUG,2,5.35,5.69,5.71,74.5,C,1,,"Energy, Power & Utilities",,neutral,0,0,none,finnhub,finnhub,stock_market_proxy,False,False,recomputed
PLUR,2,5.0,3.9,3.93,2.4,C,9,,Other / Unclassified,,neutral,0,0,none,finnhub,finnhub,stock_market_proxy,False,False,recomputed
PLUS,2,5.0,3.9,3.93,2.4,C,9,,Other / Unclassified,,neutral,0,0,none,finnhub,finnhub,stock_market_proxy,False,False,recomputed
PLXS,3,5.0,3.95,3.93,2.4,C,9,,Other / Unclassified,,neutral,0,0,none,simulated,simulated,neutral_default,False,False,recomputed
PM,3,5.23,5.08,5.1,70.4,A,9,Tobacco,Other / Unclassified,-2.9,neutral,7,7,high,polygon,polygon,stock_market_proxy,False,False,recomputed
PML,2,5.0,3.9,3.93,2.4,C,9,,Other / Unclassified,,neutral,0,0,none,finnhub,finnhub,stock_market_proxy,False,False,recomputed
PMM,3,5.0,3.95,3.93,2.4,C,9,,Other / Unclassified,,neutral,0,0,none,polygon,polygon,stock_market_proxy,False,False,recomputed
PMO,2,6.05,9.27,9.26,94.0,A,9,Asset Management,Other / Unclassified,-14.1,dark_pool_buying,6,6,high,finnhub,finnhub,stock_market_proxy,False,False,recomputed
PMT,2,5.0,3.9,3.93,2.4,C,9,,Other / Unclassified,,neutral,0,0,none,finnhub,finnhub,stock_market_proxy,False,False,recomputed
PMTR,2,5.0,3.9,3.93,2.4,C,9,,Other / Unclassified,,neutral,0,0,none,finnhub,finnhub,stock_market_proxy,False,False,recomputed
PMTRU,2,4.58,1.76,1.79,0.0,A,9,Shell Companies,Other / Unclassified,-5.1,low_volume,5,5,substantial,finnhub,finnhub,stock_market_proxy,False,False,recomputed
PMTU,3,5.59,6.85,6.93,84.8,A,9,,Other / Unclassified,-0.8,elevated_volume,5,5,substantial,polygon,polygon,stock_market_proxy,False,False,recomputed
PNC,2,5.0,3.9,3.93,2.4,C,9,,Other / Unclassified,,neutral,0,0,none,finnhub,finnhub,stock_market_proxy,False,False,recomputed
PNR,2,5.0,3.9,3.93,2.4,C,9,,Other / Unclassified,,neutral,0,0,none,finnhub,finnhub,stock_market_proxy,False,False,recomputed
PNRG,2,5.0,3.9,3.93,2.4,C,9,,Other / Unclassified,,neutral,0,0,none,finnhub,finnhub,stock_market_proxy,False,False,recomputed
PNTG,3,5.0,3.95,3.93,2.4,C,9,,Other / Unclassified,,neutral,0,0,none,simulated,simulated,neutral_default,False,False,recomputed
POCI,3,5.0,3.95,3.93,2.4,C,9,,Other / Unclassified,,neutral,0,0,none,simulated,simulated,neutral_default,False,False,recomputed
PODD,2,6.08,9.42,9.42,94.5,A,9,Medical Devices,Other / Unclassified,-61.2,neutral,7,7,high,finnhub,finnhub,stock_market_proxy,False,False,recomputed
POET,3,5.0,3.95,3.93,2.4,C,9,,Other / Unclassified,,neutral,0,0,none,simulated,simulated,neutral_default,False,False,recomputed
POLA,2,5.0,3.9,3.93,2.4,C,9,,Other / Unclassified,,neutral,0,0,none,finnhub,finnhub,stock_market_proxy,False,False,recomputed
POM,3,5.0,3.95,3.93,2.4,C,9,,Other / Unclassified,,neutral,0,0,none,finnhub,finnhub,stock_market_proxy,False,False,recomputed
PONOU,2,5.18,4.82,4.84,69.6,A,9,Shell Companies,Other / Unclassified,0.0,neutral,5,5,substantial,finnhub,finnhub,stock_market_proxy,False,False,recomputed
PONY,3,6.73,10.0,10.0,96.5,A,6,Information Technology Services,"Enterprise Software, Services & Automation",-74.1,neutral,7,7,high,finnhub,finnhub,stock_market_proxy,False,False,recomputed
POWI,3,6.33,10.0,10.0,96.5,B,2,Semiconductors,Semiconductors & Chip Tools,-40.9,neutral,6,6,high,simulated,simulated,neutral_default,False,False,recomputed
POWL,3,5.0,3.95,3.93,2.4,C,9,,Other / Unclassified,,neutral,0,0,none,simulated,simulated,neutral_default,False,False,recomputed
PPG,2,5.0,3.9,3.93,2.4,C,9,,Other / Unclassified,,neutral,0,0,none,finnhub,finnhub,stock_market_proxy,False,False,recomputed
PPL,2,5.63,7.12,7.13,86.1,A,1,Utilities - Regulated Electric,"Energy, Power & Utilities",-13.3,neutral,6,6,high,finnhub,finnhub,stock_market_proxy,False,False,recomputed
PPLC,2,5.0,3.9,3.93,2.4,C,9,,Other / Unclassified,,neutral,0,0,none,finnhub,finnhub,stock_market_proxy,False,False,recomputed
PPTA,2,6.14,9.73,9.72,95.2,A,9,Other Precious Metals & Mining,Other / Unclassified,-46.3,neutral,6,6,high,finnhub,finnhub,stock_market_proxy,False,False,recomputed
PR,2,5.0,3.9,3.93,2.4,C,9,,Other / Unclassified,,neutral,0,0,none,finnhub,finnhub,stock_market_proxy,False,False,recomputed
PRAA,2,5.0,3.9,3.93,2.4,C,9,,Other / Unclassified,,neutral,0,0,none,finnhub,finnhub,stock_market_proxy,False,False,recomputed
PRCT,2,5.0,3.9,3.93,2.4,C,9,,Other / Unclassified,,neutral,0,0,none,finnhub,finnhub,stock_market_proxy,False,False,recomputed
PRG,2,5.0,3.9,3.93,2.4,C,9,,Other / Unclassified,,neutral,0,0,none,finnhub,finnhub,stock_market_proxy,False,False,recomputed
PRGO,2,5.0,3.9,3.93,2.4,C,9,,Other / Unclassified,,neutral,0,0,none,finnhub,finnhub,stock_market_proxy,False,False,recomputed
PRHIZ,2,5.0,3.9,3.93,2.4,C,9,,Other / Unclassified,,neutral,0,0,none,finnhub,finnhub,stock_market_proxy,False,False,recomputed
PRI,2,5.0,3.9,3.93,2.4,C,9,,Other / Unclassified,,neutral,0,0,none,finnhub,finnhub,stock_market_proxy,False,False,recomputed
PRIM,3,5.0,3.95,3.93,2.4,C,9,,Other / Unclassified,,neutral,0,0,none,simulated,simulated,neutral_default,False,False,recomputed
PRK,2,5.0,3.9,3.93,2.4,C,9,,Other / Unclassified,,neutral,0,0,none,finnhub,finnhub,stock_market_proxy,False,False,recomputed
PRLB,3,5.0,3.95,3.93,2.4,C,9,,Other / Unclassified,,neutral,0,0,none,finnhub,finnhub,stock_market_proxy,False,False,recomputed
PRLD,2,5.0,3.9,3.93,2.4,C,9,,Other / Unclassified,,neutral,0,0,none,finnhub,finnhub,stock_market_proxy,False,False,recomputed
PRMB,2,6.1,9.52,9.52,94.7,A,9,Beverages - Non-Alcoholic,Other / Unclassified,-24.8,neutral,6,6,high,finnhub,finnhub,stock_market_proxy,False,False,recomputed
PRME,2,5.55,6.71,6.72,83.7,A,9,Biotechnology,Other / Unclassified,-39.5,elevated_volume,6,6,high,finnhub,finnhub,stock_market_proxy,False,False,recomputed
PROP,3,5.0,3.95,3.93,2.4,C,9,,Other / Unclassified,,neutral,0,0,none,finnhub,finnhub,stock_market_proxy,False,False,recomputed
PRPL,2,5.59,6.92,6.93,84.8,A,9,"Furnishings, Fixtures & Appliances",Other / Unclassified,-91.8,low_volume,8,8,high,finnhub,finnhub,stock_market_proxy,False,False,recomputed
PRPO,2,5.0,3.9,3.93,2.4,C,9,,Other / Unclassified,,neutral,0,0,none,finnhub,finnhub,stock_market_proxy,False,False,recomputed
PRQR,2,5.0,3.9,3.93,2.4,C,9,,Other / Unclassified,,neutral,0,0,none,finnhub,finnhub,stock_market_proxy,False,False,recomputed
PRSU,2,5.13,4.57,4.59,68.5,A,9,Travel Services,Other / Unclassified,-6.2,neutral,7,7,high,finnhub,finnhub,stock_market_proxy,False,False,recomputed
PRTH,2,5.02,4.0,4.03,67.3,A,8,Software - Infrastructure,"Fintech, Payments & Digital Assets",-0.3,low_volume,8,8,high,finnhub,finnhub,stock_market_proxy,False,False,recomputed
PRU,2,5.0,3.9,3.93,2.4,C,9,,Other / Unclassified,,neutral,0,0,none,finnhub,finnhub,stock_market_proxy,False,False,recomputed
PRVA,3,5.19,4.88,4.89,69.8,A,9,Health Information Services,Other / Unclassified,-27.8,neutral,7,7,high,polygon,polygon,stock_market_proxy,False,False,recomputed
PS,2,5.0,3.9,3.93,2.4,C,9,,Other / Unclassified,,neutral,0,0,none,simulated,simulated,neutral_default,False,False,recomputed
PSFE,2,5.0,3.9,3.93,2.4,C,9,,Other / Unclassified,,neutral,0,0,none,finnhub,finnhub,stock_market_proxy,False,False,recomputed
PSIX,2,5.0,3.9,3.93,2.4,C,9,,Other / Unclassified,,neutral,0,0,none,finnhub,finnhub,stock_market_proxy,False,False,recomputed
PSKY,2,5.0,3.9,3.93,2.4,C,9,,Other / Unclassified,,neutral,0,0,none,finnhub,finnhub,stock_market_proxy,False,False,recomputed
PSN,3,5.0,3.95,3.93,2.4,C,9,,Other / Unclassified,,neutral,0,0,none,polygon,polygon,stock_market_proxy,False,False,recomputed
PSNL,2,5.0,3.9,3.93,2.4,C,9,,Other / Unclassified,,neutral,0,0,none,finnhub,finnhub,stock_market_proxy,False,False,recomputed
PSO,2,5.0,3.9,3.93,2.4,C,9,,Other / Unclassified,,neutral,0,0,none,finnhub,finnhub,stock_market_proxy,False,False,recomputed
PSQH,2,5.0,3.9,3.93,2.4,C,9,,Other / Unclassified,,neutral,0,0,none,finnhub,finnhub,stock_market_proxy,False,False,recomputed
PSTG,3,5.0,3.95,3.93,2.4,C,9,,Other / Unclassified,,neutral,0,0,none,simulated,simulated,neutral_default,False,False,recomputed
PSX,2,5.47,6.3,6.32,81.5,A,1,Oil & Gas Refining & Marketing,"Energy, Power & Utilities",-0.9,low_volume,8,8,high,finnhub,finnhub,stock_market_proxy,False,False,recomputed
PTC,2,5.35,5.69,5.71,74.5,C,6,,"Enterprise Software, Services & Automation",,neutral,0,0,none,finnhub,finnhub,stock_market_proxy,False,False,recomputed
PTLE,2,5.0,3.9,3.93,2.4,C,9,,Other / Unclassified,,neutral,0,0,none,finnhub,finnhub,stock_market_proxy,False,False,recomputed
PTLO,2,5.0,3.9,3.93,2.4,C,9,,Other / Unclassified,,neutral,0,0,none,finnhub,finnhub,stock_market_proxy,False,False,recomputed
PTON,2,5.0,3.9,3.93,2.4,C,9,,Other / Unclassified,,neutral,0,0,none,simulated,simulated,neutral_default,False,False,recomputed
PTOR,2,5.0,3.9,3.93,2.4,C,9,,Other / Unclassified,,neutral,0,0,none,finnhub,finnhub,stock_market_proxy,False,False,recomputed
PTORW,2,5.23,5.08,5.1,70.4,C,9,,Other / Unclassified,,neutral,1,1,partial,simulated,simulated,neutral_default,False,False,recomputed
PTRN,2,5.0,3.9,3.93,2.4,C,9,,Other / Unclassified,,neutral,0,0,none,finnhub,finnhub,stock_market_proxy,False,False,recomputed
PUBM,2,5.0,3.9,3.93,2.4,C,9,,Other / Unclassified,,neutral,0,0,none,finnhub,finnhub,stock_market_proxy,False,False,recomputed
PUMP,2,5.0,3.9,3.93,2.4,C,9,,Other / Unclassified,,neutral,0,0,none,simulated,simulated,neutral_default,False,False,recomputed
PURR,2,5.24,5.13,5.15,71.7,A,8,Capital Markets,"Fintech, Payments & Digital Assets",-16.7,low_volume,6,6,high,finnhub,finnhub,stock_market_proxy,False,False,recomputed
PVLA,3,5.66,7.19,7.28,86.6,A,9,Biotechnology,Other / Unclassified,-17.4,neutral,5,5,substantial,polygon,polygon,stock_market_proxy,False,False,recomputed
PW,2,5.0,3.9,3.93,2.4,C,9,,Other / Unclassified,,neutral,0,0,none,finnhub,finnhub,stock_market_proxy,False,False,recomputed
PWP,3,5.0,3.95,3.93,2.4,C,9,,Other / Unclassified,,neutral,0,0,none,polygon,polygon,stock_market_proxy,False,False,recomputed
PWR,2,5.18,4.82,4.84,69.6,A,1,Engineering & Construction,"Energy, Power & Utilities",-10.7,neutral,7,7,high,finnhub,finnhub,stock_market_proxy,False,False,recomputed
PXLW,3,5.0,3.95,3.93,2.4,C,9,,Other / Unclassified,,neutral,0,0,none,simulated,simulated,neutral_default,False,False,recomputed
PXS,3,5.27,5.27,5.3,72.1,A,1,Oil & Gas Midstream,"Energy, Power & Utilities",-3.3,neutral,7,7,high,polygon,polygon,stock_market_proxy,False,False,recomputed
PYPL,2,5.35,5.69,5.71,74.5,C,8,,"Fintech, Payments & Digital Assets",,neutral,0,0,none,finnhub,finnhub,stock_market_proxy,False,False,recomputed
PYXS,3,5.0,3.95,3.93,2.4,C,9,,Other / Unclassified,,neutral,0,0,none,finnhub,finnhub,stock_market_proxy,False,False,recomputed
QADRU,2,5.0,3.9,3.93,2.4,C,9,,Other / Unclassified,,neutral,0,0,none,finnhub,finnhub,stock_market_proxy,False,False,recomputed
QBTS,2,5.41,6.0,6.01,79.0,C,5,,"AI Platforms, Models & Quantum",,neutral,0,0,none,finnhub,finnhub,stock_market_proxy,False,False,recomputed
QCLS,3,6.14,9.55,9.72,95.2,B,5,Computer Hardware,"AI Platforms, Models & Quantum",-90.9,low_volume,7,7,high,simulated,simulated,neutral_default,False,False,recomputed
QCOM,2,5.41,6.0,6.01,79.0,C,2,,Semiconductors & Chip Tools,,neutral,0,0,none,finnhub,finnhub,stock_market_proxy,False,False,recomputed
QCRH,3,5.0,3.95,3.93,2.4,C,9,,Other / Unclassified,,neutral,0,0,none,simulated,simulated,neutral_default,False,False,recomputed
QETAR,3,5.35,5.67,5.71,74.5,C,8,,"Fintech, Payments & Digital Assets",,neutral,1,1,partial,finnhub,finnhub,stock_market_proxy,False,False,recomputed
QGEN,3,5.0,3.95,3.93,2.4,C,9,,Other / Unclassified,,neutral,0,0,none,finnhub,finnhub,stock_market_proxy,False,False,recomputed
QLYS,3,5.41,5.96,6.01,79.0,C,7,,"Cybersecurity, Identity & Data Protection",,neutral,0,0,none,simulated,simulated,neutral_default,False,False,recomputed
QMCO,3,5.0,3.95,3.93,2.4,C,9,,Other / Unclassified,,neutral,0,0,none,simulated,simulated,neutral_default,False,False,recomputed
QNC,3,5.0,3.95,3.93,2.4,C,9,,Other / Unclassified,,neutral,0,0,none,finnhub,finnhub,stock_market_proxy,False,False,recomputed
QNCX,2,5.0,3.9,3.93,2.4,C,9,,Other / Unclassified,,neutral,0,0,none,finnhub,finnhub,stock_market_proxy,False,False,recomputed
QNRX,3,5.0,3.95,3.93,2.4,C,9,,Other / Unclassified,,neutral,0,0,none,finnhub,finnhub,stock_market_proxy,False,False,recomputed
QQQX,2,5.31,5.49,5.5,72.9,A,9,Asset Management,Other / Unclassified,-0.2,neutral,5,5,substantial,finnhub,finnhub,stock_market_proxy,False,False,recomputed
QRHC,3,5.23,5.08,5.1,70.4,B,9,Waste Management,Other / Unclassified,-42.7,neutral,7,7,high,simulated,simulated,neutral_default,False,False,recomputed
QRVO,2,5.41,6.0,6.01,79.0,C,2,,Semiconductors & Chip Tools,,neutral,0,0,none,finnhub,finnhub,stock_market_proxy,False,False,recomputed
QS,2,5.0,3.9,3.93,2.4,C,9,,Other / Unclassified,,neutral,0,0,none,finnhub,finnhub,stock_market_proxy,False,False,recomputed
QSEAU,2,5.0,3.9,3.93,2.4,C,9,,Other / Unclassified,,neutral,0,0,none,finnhub,finnhub,stock_market_proxy,False,False,recomputed
QSIAW,2,5.0,3.9,3.93,2.4,C,9,,Other / Unclassified,,neutral,0,0,none,simulated,simulated,neutral_default,False,False,recomputed
QTTB,2,5.0,3.9,3.93,2.4,C,9,,Other / Unclassified,,neutral,0,0,none,finnhub,finnhub,stock_market_proxy,False,False,recomputed
QTWO,3,5.99,8.82,8.96,93.2,A,8,Software - Application,"Fintech, Payments & Digital Assets",-23.7,neutral,7,7,high,finnhub,finnhub,stock_market_proxy,False,False,recomputed
QUBT,2,5.41,6.0,6.01,79.0,C,5,,"AI Platforms, Models & Quantum",,neutral,0,0,none,finnhub,finnhub,stock_market_proxy,False,False,recomputed
QUCY,2,5.0,3.9,3.93,2.4,C,9,,Other / Unclassified,,neutral,0,0,none,finnhub,finnhub,stock_market_proxy,False,False,recomputed
QURE,2,5.0,3.9,3.93,2.4,C,9,,Other / Unclassified,,neutral,0,0,none,finnhub,finnhub,stock_market_proxy,False,False,recomputed
QXL,3,5.0,3.95,3.93,2.4,C,9,,Other / Unclassified,,neutral,0,0,none,finnhub,finnhub,stock_market_proxy,False,False,recomputed
QXO,2,5.0,3.9,3.93,2.4,C,9,,Other / Unclassified,,neutral,0,0,none,finnhub,finnhub,stock_market_proxy,False,False,recomputed
R,2,5.0,3.9,3.93,2.4,C,9,,Other / Unclassified,,neutral,0,0,none,finnhub,finnhub,stock_market_proxy,False,False,recomputed
RAAQ,2,5.0,3.9,3.93,2.4,C,9,,Other / Unclassified,,neutral,0,0,none,finnhub,finnhub,stock_market_proxy,False,False,recomputed
RAAQW,2,5.0,3.9,3.93,2.4,C,9,,Other / Unclassified,,neutral,0,0,none,finnhub,finnhub,stock_market_proxy,False,False,recomputed
RAC,3,5.0,3.95,3.93,2.4,C,9,,Other / Unclassified,,neutral,0,0,none,polygon,polygon,stock_market_proxy,False,False,recomputed
RAINW,2,5.0,3.9,3.93,2.4,C,9,,Other / Unclassified,,neutral,0,0,none,finnhub,finnhub,stock_market_proxy,False,False,recomputed
RAL,2,5.0,3.9,3.93,2.4,C,9,,Other / Unclassified,,neutral,0,0,none,finnhub,finnhub,stock_market_proxy,False,False,recomputed
RAMP,2,5.0,3.9,3.93,2.4,C,9,,Other / Unclassified,,neutral,0,0,none,finnhub,finnhub,stock_market_proxy,False,False,recomputed
RAND,3,5.0,3.95,3.93,2.4,C,9,,Other / Unclassified,,neutral,0,0,none,simulated,simulated,neutral_default,False,False,recomputed
RANG,2,5.0,3.9,3.93,2.4,C,9,,Other / Unclassified,,neutral,0,0,none,simulated,simulated,neutral_default,False,False,recomputed
RANGR,2,5.0,3.9,3.93,2.4,C,9,,Other / Unclassified,,neutral,0,0,none,finnhub,finnhub,stock_market_proxy,False,False,recomputed
RARE,2,5.0,3.9,3.93,2.4,C,9,,Other / Unclassified,,neutral,0,0,none,finnhub,finnhub,stock_market_proxy,False,False,recomputed
RAVE,2,5.0,3.9,3.93,2.4,C,9,,Other / Unclassified,,neutral,0,0,none,finnhub,finnhub,stock_market_proxy,False,False,recomputed
RAYA,2,5.59,6.92,6.93,84.8,A,9,Electrical Equipment & Parts,Other / Unclassified,-97.2,low_volume,8,8,high,finnhub,finnhub,stock_market_proxy,False,False,recomputed
RBA,3,5.0,3.95,3.93,2.4,C,9,,Other / Unclassified,,neutral,0,0,none,simulated,simulated,neutral_default,False,False,recomputed
RBCAA,2,5.0,3.9,3.93,2.4,C,9,,Other / Unclassified,,neutral,0,0,none,finnhub,finnhub,stock_market_proxy,False,False,recomputed
RBLX,2,5.0,3.9,3.93,2.4,C,9,,Other / Unclassified,,neutral,0,0,none,finnhub,finnhub,stock_market_proxy,False,False,recomputed
RBRK,3,5.41,5.96,6.01,79.0,C,7,,"Cybersecurity, Identity & Data Protection",,neutral,0,0,none,simulated,simulated,neutral_default,False,False,recomputed
RC,2,6.68,10.0,10.0,96.5,A,9,REIT - Mortgage,Other / Unclassified,-65.1,elevated_volume,6,6,high,finnhub,finnhub,stock_market_proxy,False,False,recomputed
RCAT,2,5.0,3.9,3.93,2.4,C,9,,Other / Unclassified,,neutral,0,0,none,finnhub,finnhub,stock_market_proxy,False,False,recomputed
RCD,3,5.0,3.95,3.93,2.4,C,9,,Other / Unclassified,,neutral,0,0,none,finnhub,finnhub,stock_market_proxy,False,False,recomputed
RCEL,3,4.66,2.27,2.2,0.1,A,9,Medical Devices,Other / Unclassified,-1.5,neutral,7,7,high,polygon,polygon,stock_market_proxy,False,False,recomputed
RCI,3,6.47,10.0,10.0,96.5,B,9,Telecom Services,Other / Unclassified,-23.0,elevated_volume,8,8,high,simulated,simulated,neutral_default,False,False,recomputed
RCL,2,5.0,3.9,3.93,2.4,C,9,,Other / Unclassified,,neutral,0,0,none,finnhub,finnhub,stock_market_proxy,False,False,recomputed
RCON,2,6.03,9.17,9.16,93.6,A,1,Oil & Gas Equipment & Services,"Energy, Power & Utilities",-99.7,low_volume,7,7,high,finnhub,finnhub,stock_market_proxy,False,False,recomputed
RCUS,2,5.0,3.9,3.93,2.4,C,9,,Other / Unclassified,,neutral,0,0,none,finnhub,finnhub,stock_market_proxy,False,False,recomputed
RDAC,2,5.0,3.9,3.93,2.4,C,9,,Other / Unclassified,,neutral,0,0,none,finnhub,finnhub,stock_market_proxy,False,False,recomputed
RDACR,3,5.0,3.95,3.93,2.4,C,9,,Other / Unclassified,,neutral,1,1,partial,finnhub,finnhub,stock_market_proxy,False,False,recomputed
RDACU,3,5.0,3.95,3.93,2.4,C,9,,Other / Unclassified,,neutral,0,0,none,polygon,polygon,stock_market_proxy,False,False,recomputed
RDAGW,3,5.0,3.95,3.93,2.4,C,9,,Other / Unclassified,,neutral,0,0,none,polygon,polygon,stock_market_proxy,False,False,recomputed
RDCM,2,5.0,3.9,3.93,2.4,C,9,,Other / Unclassified,,neutral,0,0,none,finnhub,finnhub,stock_market_proxy,False,False,recomputed
RDDT,2,5.46,6.25,6.27,81.4,A,9,Internet Content & Information,Other / Unclassified,-41.0,neutral,6,6,high,finnhub,finnhub,stock_market_proxy,False,False,recomputed
RDHL,3,5.0,3.95,3.93,2.4,C,9,,Other / Unclassified,,neutral,0,0,none,simulated,simulated,neutral_default,False,False,recomputed
RDNW,2,5.0,3.9,3.93,2.4,C,9,,Other / Unclassified,,neutral,0,0,none,finnhub,finnhub,stock_market_proxy,False,False,recomputed
RDW,2,5.0,3.9,3.93,2.4,C,9,,Other / Unclassified,,neutral,0,0,none,finnhub,finnhub,stock_market_proxy,False,False,recomputed
REBN,2,5.0,3.9,3.93,2.4,C,9,,Other / Unclassified,,neutral,0,0,none,finnhub,finnhub,stock_market_proxy,False,False,recomputed
REE,2,5.0,3.9,3.93,2.4,C,9,,Other / Unclassified,,neutral,0,0,none,finnhub,finnhub,stock_market_proxy,False,False,recomputed
REG,2,5.0,3.9,3.93,2.4,C,9,,Other / Unclassified,,neutral,0,0,none,finnhub,finnhub,stock_market_proxy,False,False,recomputed
REGN,2,5.0,3.9,3.93,2.4,A,9,Biotechnology,Other / Unclassified,-12.9,neutral,7,7,high,finnhub,finnhub,stock_market_proxy,False,False,recomputed
REKR,2,5.0,3.9,3.93,2.4,C,9,,Other / Unclassified,,neutral,0,0,none,finnhub,finnhub,stock_market_proxy,False,False,recomputed
RELY,2,5.35,5.69,5.71,74.5,C,8,,"Fintech, Payments & Digital Assets",,neutral,0,0,none,finnhub,finnhub,stock_market_proxy,False,False,recomputed
RENT,2,5.0,3.9,3.93,2.4,C,9,,Other / Unclassified,,neutral,0,0,none,finnhub,finnhub,stock_market_proxy,False,False,recomputed
RENX,2,5.0,3.9,3.93,2.4,C,9,,Other / Unclassified,,neutral,0,0,none,finnhub,finnhub,stock_market_proxy,False,False,recomputed
REPL,2,5.0,3.9,3.93,2.4,C,9,,Other / Unclassified,,neutral,0,0,none,finnhub,finnhub,stock_market_proxy,False,False,recomputed
RETO,3,7.04,10.0,10.0,96.5,A,9,Building Materials,Other / Unclassified,-99.7,dark_pool_buying,8,8,high,polygon,polygon,stock_market_proxy,False,False,recomputed
REVBW,2,5.0,3.9,3.93,2.4,C,9,,Other / Unclassified,,neutral,1,1,partial,simulated,simulated,neutral_default,False,False,recomputed
RF,2,5.0,3.9,3.93,2.4,C,9,,Other / Unclassified,,neutral,0,0,none,finnhub,finnhub,stock_market_proxy,False,False,recomputed
RFAIR,2,5.41,6.0,6.01,79.0,C,5,,"AI Platforms, Models & Quantum",,neutral,1,1,partial,finnhub,finnhub,stock_market_proxy,False,False,recomputed
RFAM,3,5.0,3.95,3.93,2.4,C,9,,Other / Unclassified,,neutral,0,0,none,simulated,simulated,neutral_default,False,False,recomputed
RFM,3,5.0,3.95,3.93,2.4,C,9,,Other / Unclassified,,neutral,0,0,none,polygon,polygon,stock_market_proxy,False,False,recomputed
RFMZ,3,5.0,3.95,3.93,2.4,C,9,,Other / Unclassified,,neutral,0,0,none,simulated,simulated,neutral_default,False,False,recomputed
RGA,2,5.0,3.9,3.93,2.4,C,9,,Other / Unclassified,,neutral,0,0,none,finnhub,finnhub,stock_market_proxy,False,False,recomputed
RGC,3,5.0,3.95,3.93,2.4,C,9,,Other / Unclassified,,neutral,0,0,none,finnhub,finnhub,stock_market_proxy,False,False,recomputed
RGEN,2,5.0,3.9,3.93,2.4,C,9,,Other / Unclassified,,neutral,0,0,none,finnhub,finnhub,stock_market_proxy,False,False,recomputed
RGNT,2,5.0,3.9,3.93,2.4,C,9,,Other / Unclassified,,neutral,0,0,none,finnhub,finnhub,stock_market_proxy,False,False,recomputed
RGP,3,5.0,3.95,3.93,2.4,C,9,,Other / Unclassified,,neutral,0,0,none,simulated,simulated,neutral_default,False,False,recomputed
RGT,2,5.0,3.9,3.93,2.4,C,9,,Other / Unclassified,,neutral,0,0,none,finnhub,finnhub,stock_market_proxy,False,False,recomputed
RGTI,2,5.41,6.0,6.01,79.0,C,5,,"AI Platforms, Models & Quantum",,neutral,0,0,none,finnhub,finnhub,stock_market_proxy,False,False,recomputed
RH,3,5.0,3.95,3.93,2.4,C,9,,Other / Unclassified,,neutral,0,0,none,simulated,simulated,neutral_default,False,False,recomputed
RHI,2,5.0,3.9,3.93,2.4,C,9,,Other / Unclassified,,neutral,0,0,none,finnhub,finnhub,stock_market_proxy,False,False,recomputed
RHP,2,5.0,3.9,3.93,2.4,C,9,,Other / Unclassified,,neutral,0,0,none,finnhub,finnhub,stock_market_proxy,False,False,recomputed
RIBBU,2,5.0,3.9,3.93,2.4,C,9,,Other / Unclassified,,neutral,0,0,none,finnhub,finnhub,stock_market_proxy,False,False,recomputed
RIBER,3,5.0,3.95,3.93,2.4,C,9,,Other / Unclassified,,neutral,0,0,none,simulated,simulated,neutral_default,False,False,recomputed
RIGL,3,5.28,5.32,5.35,72.3,A,9,Biotechnology,Other / Unclassified,-5.8,neutral,7,7,high,polygon,polygon,stock_market_proxy,False,False,recomputed
RILY,3,6.46,10.0,10.0,96.5,A,9,Financial Conglomerates,Other / Unclassified,-53.3,neutral,7,7,high,polygon,polygon,stock_market_proxy,False,False,recomputed
RILYZ,2,5.0,3.9,3.93,2.4,C,9,,Other / Unclassified,,neutral,0,0,none,finnhub,finnhub,stock_market_proxy,False,False,recomputed
RIME,2,6.78,10.0,10.0,96.5,A,1,Consumer Electronics,"Energy, Power & Utilities",-95.4,low_volume,8,8,high,finnhub,finnhub,stock_market_proxy,False,False,recomputed
RIO,2,5.42,6.05,6.06,80.5,A,9,Other Industrial Metals & Mining,Other / Unclassified,-15.0,neutral,7,7,high,finnhub,finnhub,stock_market_proxy,False,False,recomputed
RIOT,2,5.35,5.69,5.71,74.5,C,3,,"Compute, Data Center & Network Infrastructure",,neutral,0,0,none,finnhub,finnhub,stock_market_proxy,False,False,recomputed
RIVN,2,6.08,9.42,9.42,94.5,A,9,Auto Manufacturers,Other / Unclassified,-36.1,elevated_volume,8,8,high,finnhub,finnhub,stock_market_proxy,False,False,recomputed
RKLB,2,5.0,3.9,3.93,2.4,C,9,,Other / Unclassified,,neutral,0,0,none,finnhub,finnhub,stock_market_proxy,False,False,recomputed
RLAY,3,5.0,3.95,3.93,2.4,C,9,,Other / Unclassified,,neutral,0,0,none,finnhub,finnhub,stock_market_proxy,False,False,recomputed
RLI,2,5.99,8.96,8.96,93.2,A,9,Insurance - Property & Casualty,Other / Unclassified,-16.4,neutral,6,6,high,finnhub,finnhub,stock_market_proxy,False,False,recomputed
RLX,2,5.0,3.9,3.93,2.4,C,9,,Other / Unclassified,,neutral,0,0,none,finnhub,finnhub,stock_market_proxy,False,False,recomputed
RMBI,2,5.0,3.9,3.93,2.4,C,9,,Other / Unclassified,,neutral,0,0,none,finnhub,finnhub,stock_market_proxy,False,False,recomputed
RMBS,3,5.0,3.95,3.93,2.4,C,9,,Other / Unclassified,,neutral,0,0,none,simulated,simulated,neutral_default,False,False,recomputed
RMCF,2,5.0,3.9,3.93,2.4,C,9,,Other / Unclassified,,neutral,0,0,none,finnhub,finnhub,stock_market_proxy,False,False,recomputed
RMD,3,5.51,6.45,6.52,82.2,B,9,Medical Instruments & Supplies,Other / Unclassified,-19.1,neutral,7,7,high,simulated,simulated,neutral_default,False,False,recomputed
RMNI,3,6.06,9.16,9.32,94.1,A,6,Software - Application,"Enterprise Software, Services & Automation",-28.1,neutral,7,7,high,polygon,polygon,stock_market_proxy,False,False,recomputed
RMR,2,6.14,9.73,9.72,95.2,A,9,Real Estate Services,Other / Unclassified,-15.7,neutral,7,7,high,finnhub,finnhub,stock_market_proxy,False,False,recomputed
RMT,3,5.0,3.95,3.93,2.4,C,9,,Other / Unclassified,,neutral,0,0,none,polygon,polygon,stock_market_proxy,False,False,recomputed
RNAC,3,5.0,3.95,3.93,2.4,C,9,,Other / Unclassified,,neutral,0,0,none,finnhub,finnhub,stock_market_proxy,False,False,recomputed
RNAZ,2,5.0,3.9,3.93,2.4,C,9,,Other / Unclassified,,neutral,0,0,none,finnhub,finnhub,stock_market_proxy,False,False,recomputed
RNG,2,5.0,3.9,3.93,2.4,C,9,,Other / Unclassified,,neutral,0,0,none,finnhub,finnhub,stock_market_proxy,False,False,recomputed
RNGR,2,5.0,3.9,3.93,2.4,C,9,,Other / Unclassified,,neutral,0,0,none,finnhub,finnhub,stock_market_proxy,False,False,recomputed
RNTX,3,5.0,3.95,3.93,2.4,C,9,,Other / Unclassified,,neutral,0,0,none,polygon,polygon,stock_market_proxy,False,False,recomputed
RNWWW,3,5.0,3.95,3.93,2.4,C,9,,Other / Unclassified,,neutral,0,0,none,finnhub,finnhub,stock_market_proxy,False,False,recomputed
RNXT,3,5.0,3.95,3.93,2.4,C,9,,Other / Unclassified,,neutral,0,0,none,simulated,simulated,neutral_default,False,False,recomputed
ROK,3,5.39,5.86,5.91,78.7,B,7,Specialty Industrial Machinery,"Cybersecurity, Identity & Data Protection",-10.5,neutral,7,7,high,simulated,simulated,neutral_default,False,False,recomputed
ROKU,2,5.0,3.9,3.93,2.4,C,9,,Other / Unclassified,,neutral,0,0,none,finnhub,finnhub,stock_market_proxy,False,False,recomputed
ROL,2,5.0,3.9,3.93,2.4,C,9,,Other / Unclassified,,neutral,0,0,none,finnhub,finnhub,stock_market_proxy,False,False,recomputed
ROOT,2,5.0,3.9,3.93,2.4,C,9,,Other / Unclassified,,neutral,0,0,none,finnhub,finnhub,stock_market_proxy,False,False,recomputed
ROST,2,5.0,3.9,3.93,2.4,A,9,Apparel Retail,Other / Unclassified,-11.5,neutral,7,7,high,finnhub,finnhub,stock_market_proxy,False,False,recomputed
RPD,3,5.83,8.03,8.15,90.0,B,7,Software - Infrastructure,"Cybersecurity, Identity & Data Protection",-35.5,neutral,6,6,high,simulated,simulated,neutral_default,False,False,recomputed
RPID,2,5.0,3.9,3.93,2.4,C,9,,Other / Unclassified,,neutral,0,0,none,finnhub,finnhub,stock_market_proxy,False,False,recomputed
RQI,2,5.0,3.9,3.93,2.4,C,9,,Other / Unclassified,,neutral,0,0,none,finnhub,finnhub,stock_market_proxy,False,False,recomputed
RR,2,5.89,8.45,8.45,91.1,A,9,Specialty Industrial Machinery,Other / Unclassified,-75.8,neutral,7,7,high,finnhub,finnhub,stock_market_proxy,False,False,recomputed
RREVU,2,5.0,3.9,3.93,2.4,C,9,,Other / Unclassified,,neutral,0,0,none,finnhub,finnhub,stock_market_proxy,False,False,recomputed
RRGB,2,4.98,3.8,3.83,2.2,A,9,Restaurants,Other / Unclassified,-22.4,low_volume,7,7,high,finnhub,finnhub,stock_market_proxy,False,False,recomputed
RRR,3,5.57,6.75,6.83,84.5,A,9,Resorts & Casinos,Other / Unclassified,-24.3,neutral,6,6,high,finnhub,finnhub,stock_market_proxy,False,False,recomputed
RS,2,5.0,3.9,3.93,2.4,C,9,,Other / Unclassified,,neutral,0,0,none,finnhub,finnhub,stock_market_proxy,False,False,recomputed
RSG,2,5.0,3.9,3.93,2.4,C,9,,Other / Unclassified,,neutral,0,0,none,finnhub,finnhub,stock_market_proxy,False,False,recomputed
RSI,2,5.0,3.9,3.93,2.4,C,9,,Other / Unclassified,,neutral,0,0,none,finnhub,finnhub,stock_market_proxy,False,False,recomputed
RSSS,3,5.0,3.95,3.93,2.4,C,9,,Other / Unclassified,,neutral,0,0,none,simulated,simulated,neutral_default,False,False,recomputed
RSVR,2,5.17,4.77,4.79,69.5,A,9,Entertainment,Other / Unclassified,-12.6,low_volume,8,8,high,finnhub,finnhub,stock_market_proxy,False,False,recomputed
RTACU,2,5.0,3.9,3.93,2.4,C,9,,Other / Unclassified,,neutral,0,0,none,finnhub,finnhub,stock_market_proxy,False,False,recomputed
RTO,3,5.0,3.95,3.93,2.4,C,9,,Other / Unclassified,,neutral,0,0,none,finnhub,finnhub,stock_market_proxy,False,False,recomputed
RTX,2,5.0,3.9,3.93,2.4,C,9,,Other / Unclassified,,neutral,0,0,none,finnhub,finnhub,stock_market_proxy,False,False,recomputed
RUBI,2,5.0,3.9,3.93,2.4,C,9,,Other / Unclassified,,neutral,0,0,none,finnhub,finnhub,stock_market_proxy,False,False,recomputed
RUN,2,6.47,10.0,10.0,96.5,A,1,Solar,"Energy, Power & Utilities",-64.5,neutral,7,7,high,finnhub,finnhub,stock_market_proxy,False,False,recomputed
RUSHA,3,5.0,3.95,3.93,2.4,C,9,,Other / Unclassified,,neutral,0,0,none,finnhub,finnhub,stock_market_proxy,False,False,recomputed
RVI,3,5.0,3.95,3.93,2.4,C,9,,Other / Unclassified,,neutral,0,0,none,simulated,simulated,neutral_default,False,False,recomputed
RVLV,2,5.0,3.9,3.93,2.4,C,9,,Other / Unclassified,,neutral,0,0,none,finnhub,finnhub,stock_market_proxy,False,False,recomputed
RVMD,3,5.0,3.95,3.93,2.4,C,9,,Other / Unclassified,,neutral,0,0,none,simulated,simulated,neutral_default,False,False,recomputed
RVSN,2,5.0,3.9,3.93,2.4,C,9,,Other / Unclassified,,neutral,0,0,none,finnhub,finnhub,stock_market_proxy,False,False,recomputed
RVT,2,5.0,3.9,3.93,2.4,C,9,,Other / Unclassified,,neutral,0,0,none,finnhub,finnhub,stock_market_proxy,False,False,recomputed
RVTY,2,5.0,3.9,3.93,2.4,C,9,,Other / Unclassified,,neutral,0,0,none,finnhub,finnhub,stock_market_proxy,False,False,recomputed
RWAY,2,5.0,3.9,3.93,2.4,C,9,,Other / Unclassified,,neutral,0,0,none,finnhub,finnhub,stock_market_proxy,False,False,recomputed
RWT,2,5.72,7.58,7.59,88.0,A,9,REIT - Mortgage,Other / Unclassified,-43.9,low_volume,6,6,high,finnhub,finnhub,stock_market_proxy,False,False,recomputed
RWTN,3,5.0,3.95,3.93,2.4,C,9,,Other / Unclassified,,neutral,0,0,none,polygon,polygon,stock_market_proxy,False,False,recomputed
RWTP,2,5.0,3.9,3.93,2.4,C,9,,Other / Unclassified,,neutral,0,0,none,finnhub,finnhub,stock_market_proxy,False,False,recomputed
RWTQ,2,5.0,3.9,3.93,2.4,C,9,,Other / Unclassified,,neutral,0,0,none,finnhub,finnhub,stock_market_proxy,False,False,recomputed
RXRX,3,5.41,5.96,6.01,79.0,C,5,,"AI Platforms, Models & Quantum",,neutral,0,0,none,simulated,simulated,neutral_default,False,False,recomputed
RXST,2,5.0,3.9,3.93,2.4,C,9,,Other / Unclassified,,neutral,0,0,none,simulated,simulated,neutral_default,False,False,recomputed
RXT,3,5.84,8.08,8.2,90.3,A,7,Software - Infrastructure,"Cybersecurity, Identity & Data Protection",-48.9,low_volume,7,7,high,finnhub,finnhub,stock_market_proxy,False,False,recomputed
RY,2,5.0,3.9,3.93,2.4,C,9,,Other / Unclassified,,neutral,0,0,none,finnhub,finnhub,stock_market_proxy,False,False,recomputed
RYAAY,2,5.0,3.9,3.93,2.4,C,9,,Other / Unclassified,,neutral,0,0,none,finnhub,finnhub,stock_market_proxy,False,False,recomputed
RYF,2,5.23,5.08,5.1,70.4,C,9,,Other / Unclassified,,neutral,0,0,none,simulated,simulated,neutral_default,False,False,recomputed
RYN,3,5.0,3.95,3.93,2.4,C,9,,Other / Unclassified,,neutral,0,0,none,finnhub,finnhub,stock_market_proxy,False,False,recomputed
RYTM,2,6.41,10.0,10.0,96.5,A,9,Biotechnology,Other / Unclassified,-24.8,neutral,7,7,high,finnhub,finnhub,stock_market_proxy,False,False,recomputed
RZLT,3,5.0,3.95,3.93,2.4,C,9,,Other / Unclassified,,neutral,0,0,none,simulated,simulated,neutral_default,False,False,recomputed
RZLVW,3,5.93,8.52,8.65,92.2,C,5,,"AI Platforms, Models & Quantum",,neutral,3,3,partial,simulated,simulated,neutral_default,False,False,recomputed
S,2,5.54,6.66,6.67,83.4,A,7,Software - Infrastructure,"Cybersecurity, Identity & Data Protection",-1.9,neutral,7,7,high,finnhub,finnhub,stock_market_proxy,False,False,recomputed
SA,2,5.0,3.9,3.93,2.4,C,9,,Other / Unclassified,,neutral,0,0,none,finnhub,finnhub,stock_market_proxy,False,False,recomputed
SABR,2,5.0,3.9,3.93,2.4,C,9,,Other / Unclassified,,neutral,0,0,none,finnhub,finnhub,stock_market_proxy,False,False,recomputed
SABS,3,5.0,3.95,3.93,2.4,C,9,,Other / Unclassified,,neutral,0,0,none,finnhub,finnhub,stock_market_proxy,False,False,recomputed
SABSW,2,5.0,3.9,3.93,2.4,C,9,,Other / Unclassified,,neutral,1,1,partial,finnhub,finnhub,stock_market_proxy,False,False,recomputed
SAFE,2,6.39,10.0,10.0,96.5,A,9,REIT - Diversified,Other / Unclassified,-28.9,elevated_volume,8,8,high,finnhub,finnhub,stock_market_proxy,False,False,recomputed
SAFT,2,4.75,2.63,2.66,0.2,A,9,Insurance - Property & Casualty,Other / Unclassified,-0.1,neutral,5,5,substantial,finnhub,finnhub,stock_market_proxy,False,False,recomputed
SAH,2,6.18,9.93,9.93,96.0,A,9,Auto & Truck Dealerships,Other / Unclassified,-46.0,neutral,7,7,high,finnhub,finnhub,stock_market_proxy,False,False,recomputed
SAIA,2,5.0,3.9,3.93,2.4,C,9,,Other / Unclassified,,neutral,0,0,none,finnhub,finnhub,stock_market_proxy,False,False,recomputed
SAIC,3,6.27,10.0,10.0,96.5,B,6,Information Technology Services,"Enterprise Software, Services & Automation",-8.7,neutral,7,7,high,simulated,simulated,neutral_default,False,False,recomputed
SAIL,2,5.41,6.0,6.01,79.0,C,7,,"Cybersecurity, Identity & Data Protection",,neutral,0,0,none,finnhub,finnhub,stock_market_proxy,False,False,recomputed
SAM,2,5.0,3.9,3.93,2.4,C,9,,Other / Unclassified,,neutral,0,0,none,finnhub,finnhub,stock_market_proxy,False,False,recomputed
SANA,3,6.23,10.0,10.0,96.5,B,9,Biotechnology,Other / Unclassified,-54.1,neutral,5,5,substantial,simulated,simulated,neutral_default,False,False,recomputed
SANM,3,5.0,3.95,3.93,2.4,C,9,,Other / Unclassified,,neutral,0,0,none,simulated,simulated,neutral_default,False,False,recomputed
SAP,2,5.52,6.56,6.57,82.8,A,6,Software - Application,"Enterprise Software, Services & Automation",-23.8,neutral,7,7,high,finnhub,finnhub,stock_market_proxy,False,False,recomputed
SATA,2,5.0,3.9,3.93,2.4,C,9,,Other / Unclassified,,neutral,0,0,none,simulated,simulated,neutral_default,False,False,recomputed
SATL,2,6.27,10.0,10.0,96.5,A,9,Aerospace & Defense,Other / Unclassified,-51.8,neutral,7,7,high,finnhub,finnhub,stock_market_proxy,False,False,recomputed
SATS,2,5.0,3.9,3.93,2.4,C,9,,Other / Unclassified,,neutral,0,0,none,finnhub,finnhub,stock_market_proxy,False,False,recomputed
SAV,2,5.0,3.9,3.93,2.4,C,9,,Other / Unclassified,,neutral,0,0,none,simulated,simulated,neutral_default,False,False,recomputed
SBAC,2,5.0,3.9,3.93,2.4,C,9,,Other / Unclassified,,neutral,0,0,none,finnhub,finnhub,stock_market_proxy,False,False,recomputed
SBCWW,2,5.0,3.9,3.93,2.4,C,9,,Other / Unclassified,,neutral,3,3,partial,finnhub,finnhub,stock_market_proxy,False,False,recomputed
SBET,2,5.0,3.9,3.93,2.4,C,9,,Other / Unclassified,,neutral,0,0,none,finnhub,finnhub,stock_market_proxy,False,False,recomputed
SBFM,3,5.0,3.95,3.93,2.4,C,9,,Other / Unclassified,,neutral,0,0,none,simulated,simulated,neutral_default,False,False,recomputed
SBFMW,2,5.0,3.9,3.93,2.4,C,9,,Other / Unclassified,,neutral,0,0,none,finnhub,finnhub,stock_market_proxy,False,False,recomputed
SBGSY,3,5.0,3.95,3.93,2.4,C,9,,Other / Unclassified,,neutral,0,0,none,simulated,simulated,neutral_default,False,False,recomputed
SBI,3,5.0,3.95,3.93,2.4,C,9,,Other / Unclassified,,neutral,0,0,none,polygon,polygon,stock_market_proxy,False,False,recomputed
SBLK,3,5.0,3.95,3.93,2.4,C,9,,Other / Unclassified,,neutral,0,0,none,simulated,simulated,neutral_default,False,False,recomputed
SBR,2,5.0,3.9,3.93,2.4,C,9,,Other / Unclassified,,neutral,0,0,none,finnhub,finnhub,stock_market_proxy,False,False,recomputed
SBRA,2,5.0,3.9,3.93,2.4,C,9,,Other / Unclassified,,neutral,0,0,none,finnhub,finnhub,stock_market_proxy,False,False,recomputed
SBS,2,5.0,3.9,3.93,2.4,C,9,,Other / Unclassified,,neutral,0,0,none,finnhub,finnhub,stock_market_proxy,False,False,recomputed
SBSI,3,5.0,3.95,3.93,2.4,C,9,,Other / Unclassified,,neutral,0,0,none,finnhub,finnhub,stock_market_proxy,False,False,recomputed
SBUX,2,5.0,3.9,3.93,2.4,C,9,,Other / Unclassified,,neutral,0,0,none,finnhub,finnhub,stock_market_proxy,False,False,recomputed
SCAGW,3,5.0,3.95,3.93,2.4,C,9,,Other / Unclassified,,neutral,0,0,none,simulated,simulated,neutral_default,False,False,recomputed
SCCD,2,5.0,3.9,3.93,2.4,C,9,,Other / Unclassified,,neutral,0,0,none,finnhub,finnhub,stock_market_proxy,False,False,recomputed
SCCF,2,5.0,3.9,3.93,2.4,C,9,,Other / Unclassified,,neutral,0,0,none,finnhub,finnhub,stock_market_proxy,False,False,recomputed
SCCO,2,5.43,6.1,6.11,81.1,A,9,Copper,Other / Unclassified,-8.7,neutral,7,7,high,finnhub,finnhub,stock_market_proxy,False,False,recomputed
SCD,2,5.0,3.9,3.93,2.4,C,9,,Other / Unclassified,,neutral,0,0,none,finnhub,finnhub,stock_market_proxy,False,False,recomputed
SCHW,2,5.35,5.69,5.71,74.5,C,8,,"Fintech, Payments & Digital Assets",,neutral,0,0,none,simulated,simulated,neutral_default,False,False,recomputed
SCI,2,5.65,7.22,7.23,86.4,B,9,Personal Services,Other / Unclassified,-11.6,neutral,6,6,high,simulated,simulated,neutral_default,False,False,recomputed
SCII,3,5.06,4.24,4.23,67.5,A,9,Shell Companies,Other / Unclassified,-0.1,neutral,5,5,substantial,finnhub,finnhub,stock_market_proxy,False,False,recomputed
SCIIU,3,5.0,3.95,3.93,2.4,C,9,,Other / Unclassified,,neutral,0,0,none,simulated,simulated,neutral_default,False,False,recomputed
SCKT,2,5.0,3.9,3.93,2.4,C,9,,Other / Unclassified,,neutral,0,0,none,simulated,simulated,neutral_default,False,False,recomputed
SCNI,3,5.0,3.95,3.93,2.4,C,9,,Other / Unclassified,,neutral,0,0,none,finnhub,finnhub,stock_market_proxy,False,False,recomputed
SCOR,3,5.0,3.95,3.93,2.4,C,9,,Other / Unclassified,,neutral,0,0,none,simulated,simulated,neutral_default,False,False,recomputed
SCSC,2,5.0,3.9,3.93,2.4,C,9,,Other / Unclassified,,neutral,0,0,none,simulated,simulated,neutral_default,False,False,recomputed
SCWO,2,5.0,3.9,3.93,2.4,C,9,,Other / Unclassified,,neutral,0,0,none,simulated,simulated,neutral_default,False,False,recomputed
SD,2,5.0,3.9,3.93,2.4,C,9,,Other / Unclassified,,neutral,0,0,none,simulated,simulated,neutral_default,False,False,recomputed
SDA,3,5.51,6.45,6.52,82.2,A,9,Auto & Truck Dealerships,Other / Unclassified,-82.8,low_volume,8,8,high,polygon,polygon,stock_market_proxy,False,False,recomputed
SDHC,2,5.96,8.81,8.81,92.7,B,9,Real Estate - Development,Other / Unclassified,-55.4,neutral,7,7,high,simulated,simulated,neutral_default,False,False,recomputed
SDHIU,2,4.96,3.7,3.73,2.0,B,9,Shell Companies,Other / Unclassified,-3.5,low_volume,6,6,high,simulated,simulated,neutral_default,False,False,recomputed
SDRL,2,5.0,3.9,3.93,2.4,C,9,,Other / Unclassified,,neutral,0,0,none,simulated,simulated,neutral_default,False,False,recomputed
SDST,2,5.0,3.9,3.93,2.4,C,9,,Other / Unclassified,,neutral,0,0,none,simulated,simulated,neutral_default,False,False,recomputed
SE,2,5.0,3.9,3.93,2.4,C,9,,Other / Unclassified,,neutral,0,0,none,simulated,simulated,neutral_default,False,False,recomputed
SEB,2,5.32,5.54,5.56,73.7,B,9,Conglomerates,Other / Unclassified,-32.1,low_volume,8,8,high,simulated,simulated,neutral_default,False,False,recomputed
SEDG,2,5.35,5.69,5.71,74.5,C,1,,"Energy, Power & Utilities",,neutral,0,0,none,simulated,simulated,neutral_default,False,False,recomputed
SEER,2,4.75,2.63,2.66,0.2,B,9,Biotechnology,Other / Unclassified,-6.8,neutral,7,7,high,simulated,simulated,neutral_default,False,False,recomputed
SEGG,2,5.0,3.9,3.93,2.4,C,9,,Other / Unclassified,,neutral,0,0,none,simulated,simulated,neutral_default,False,False,recomputed
SEI,3,5.47,6.26,6.32,81.5,A,3,Oil & Gas Equipment & Services,"Compute, Data Center & Network Infrastructure",-7.6,neutral,7,7,high,polygon,polygon,stock_market_proxy,False,False,recomputed
SELF,2,5.08,4.31,4.34,67.6,B,9,REIT - Specialty,Other / Unclassified,-12.3,neutral,6,6,high,simulated,simulated,neutral_default,False,False,recomputed
SEM,3,5.0,3.95,3.93,2.4,C,9,,Other / Unclassified,,neutral,0,0,none,simulated,simulated,neutral_default,False,False,recomputed
SENEB,2,5.0,3.9,3.93,2.4,C,9,,Other / Unclassified,,neutral,0,0,none,simulated,simulated,neutral_default,False,False,recomputed
SEPN,2,5.0,3.9,3.93,2.4,C,9,,Other / Unclassified,,neutral,0,0,none,simulated,simulated,neutral_default,False,False,recomputed
SERA,2,5.0,3.9,3.93,2.4,C,9,,Other / Unclassified,,neutral,0,0,none,simulated,simulated,neutral_default,False,False,recomputed
SERV,2,5.35,5.69,5.71,74.5,C,6,,"Enterprise Software, Services & Automation",,neutral,0,0,none,simulated,simulated,neutral_default,False,False,recomputed
SEV,2,5.0,3.9,3.93,2.4,C,9,,Other / Unclassified,,neutral,0,0,none,simulated,simulated,neutral_default,False,False,recomputed
SEVN,2,5.0,3.9,3.93,2.4,C,9,,Other / Unclassified,,neutral,0,0,none,simulated,simulated,neutral_default,False,False,recomputed
SEZL,3,5.0,3.95,3.93,2.4,C,9,,Other / Unclassified,,neutral,0,0,none,simulated,simulated,neutral_default,False,False,recomputed
SFD,3,5.0,3.95,3.93,2.4,C,9,,Other / Unclassified,,neutral,0,0,none,simulated,simulated,neutral_default,False,False,recomputed
SFL,2,5.0,3.9,3.93,2.4,C,9,,Other / Unclassified,,neutral,0,0,none,simulated,simulated,neutral_default,False,False,recomputed
SFNC,2,5.0,3.9,3.93,2.4,C,9,,Other / Unclassified,,neutral,0,0,none,simulated,simulated,neutral_default,False,False,recomputed
SFWL,3,5.36,5.72,5.76,77.6,A,9,Integrated Freight & Logistics,Other / Unclassified,-37.0,low_volume,8,8,high,polygon,polygon,stock_market_proxy,False,False,recomputed
SGHT,2,5.0,3.9,3.93,2.4,C,9,,Other / Unclassified,,neutral,0,0,none,simulated,simulated,neutral_default,False,False,recomputed
SGML,2,5.0,3.9,3.93,2.4,C,9,,Other / Unclassified,,neutral,0,0,none,simulated,simulated,neutral_default,False,False,recomputed
SGMT,2,5.61,7.02,7.03,85.2,B,9,Biotechnology,Other / Unclassified,-20.5,neutral,5,5,substantial,simulated,simulated,neutral_default,False,False,recomputed
SHBI,3,5.42,6.01,6.06,80.5,B,9,Banks - Regional,Other / Unclassified,-8.2,neutral,6,6,high,simulated,simulated,neutral_default,False,False,recomputed
SHC,2,5.57,6.82,6.83,84.5,B,9,Diagnostics & Research,Other / Unclassified,-8.5,neutral,7,7,high,simulated,simulated,neutral_default,False,False,recomputed
SHECY,3,5.84,8.08,8.2,90.3,B,2,Chemicals,Semiconductors & Chip Tools,-20.4,elevated_volume,7,7,high,simulated,simulated,neutral_default,False,False,recomputed
SHEN,3,5.0,3.95,3.93,2.4,C,9,,Other / Unclassified,,neutral,0,0,none,finnhub,finnhub,stock_market_proxy,False,False,recomputed
SHFS,3,6.66,10.0,10.0,96.5,A,9,Banks - Regional,Other / Unclassified,-98.9,dark_pool_buying,7,7,high,finnhub,finnhub,stock_market_proxy,False,False,recomputed
SHG,3,5.0,3.95,3.93,2.4,C,9,,Other / Unclassified,,neutral,0,0,none,simulated,simulated,neutral_default,False,False,recomputed
SHIM,2,5.8,7.99,7.99,89.5,B,3,Engineering & Construction,"Compute, Data Center & Network Infrastructure",-54.6,low_volume,8,8,high,simulated,simulated,neutral_default,False,False,recomputed
SHIP,3,5.0,3.95,3.93,2.4,C,9,,Other / Unclassified,,neutral,0,0,none,finnhub,finnhub,stock_market_proxy,False,False,recomputed
SHOP,2,5.35,5.69,5.71,74.5,C,6,,"Enterprise Software, Services & Automation",,neutral,0,0,none,simulated,simulated,neutral_default,False,False,recomputed
SHPH,2,5.0,3.9,3.93,2.4,C,9,,Other / Unclassified,,neutral,0,0,none,simulated,simulated,neutral_default,False,False,recomputed
SHW,2,5.0,3.9,3.93,2.4,C,9,,Other / Unclassified,,neutral,0,0,none,simulated,simulated,neutral_default,False,False,recomputed
SID,3,5.0,3.95,3.93,2.4,C,9,,Other / Unclassified,,neutral,0,0,none,simulated,simulated,neutral_default,False,False,recomputed
SIEGY,3,5.0,3.95,3.93,2.4,C,9,,Other / Unclassified,,neutral,0,0,none,simulated,simulated,neutral_default,False,False,recomputed
SIGI,2,5.27,5.28,5.3,72.1,B,9,Insurance - Property & Casualty,Other / Unclassified,-15.9,neutral,5,5,substantial,simulated,simulated,neutral_default,False,False,recomputed
SII,3,5.0,3.95,3.93,2.4,C,9,,Other / Unclassified,,neutral,0,0,none,finnhub,finnhub,stock_market_proxy,False,False,recomputed
SILC,2,4.95,3.65,3.67,1.9,B,3,Communication Equipment,"Compute, Data Center & Network Infrastructure",-2.8,neutral,7,7,high,simulated,simulated,neutral_default,False,False,recomputed
SILO,2,5.0,3.9,3.93,2.4,C,9,,Other / Unclassified,,neutral,0,0,none,simulated,simulated,neutral_default,False,False,recomputed
SIMO,3,5.0,3.95,3.93,2.4,C,9,,Other / Unclassified,,neutral,0,0,none,simulated,simulated,neutral_default,False,False,recomputed
SIRI,2,5.0,3.9,3.93,2.4,C,9,,Other / Unclassified,,neutral,0,0,none,simulated,simulated,neutral_default,False,False,recomputed
SITC,2,5.0,3.9,3.93,2.4,C,9,,Other / Unclassified,,neutral,0,0,none,simulated,simulated,neutral_default,False,False,recomputed
SITM,3,5.41,5.96,6.01,79.0,C,2,,Semiconductors & Chip Tools,,neutral,0,0,none,simulated,simulated,neutral_default,False,False,recomputed
SIV,3,5.23,5.08,5.1,70.4,C,9,,Other / Unclassified,,neutral,0,0,none,simulated,simulated,neutral_default,False,False,recomputed
SJM,2,5.0,3.9,3.93,2.4,C,9,,Other / Unclassified,,neutral,0,0,none,simulated,simulated,neutral_default,False,False,recomputed
SKIN,2,6.39,10.0,10.0,96.5,B,9,Household & Personal Products,Other / Unclassified,-65.3,neutral,7,7,high,simulated,simulated,neutral_default,False,False,recomputed
SKM,2,5.42,6.05,6.06,80.5,B,9,Telecom Services,Other / Unclassified,-22.7,neutral,5,5,substantial,simulated,simulated,neutral_default,False,False,recomputed
SKWD,3,5.0,3.95,3.93,2.4,B,9,Insurance - Property & Casualty,Other / Unclassified,-12.4,neutral,6,6,high,simulated,simulated,neutral_default,False,False,recomputed
SKY,2,5.0,3.9,3.93,2.4,B,9,Residential Construction,Other / Unclassified,-16.9,neutral,6,6,high,simulated,simulated,neutral_default,False,False,recomputed
SKYH,3,5.66,7.19,7.28,86.6,B,9,Real Estate - Development,Other / Unclassified,-17.1,neutral,7,7,high,simulated,simulated,neutral_default,False,False,recomputed
SKYT,3,5.0,3.95,3.93,2.4,C,9,,Other / Unclassified,,neutral,0,0,none,simulated,simulated,neutral_default,False,False,recomputed
SKYW,2,5.0,3.9,3.93,2.4,C,9,,Other / Unclassified,,neutral,0,0,none,simulated,simulated,neutral_default,False,False,recomputed
SLAB,3,5.66,7.19,7.28,86.6,B,2,Semiconductors,Semiconductors & Chip Tools,-0.4,neutral,7,7,high,simulated,simulated,neutral_default,False,False,recomputed
SLB,2,5.0,3.9,3.93,2.4,C,9,,Other / Unclassified,,neutral,0,0,none,simulated,simulated,neutral_default,False,False,recomputed
SLDE,3,5.0,3.95,3.93,2.4,C,9,,Other / Unclassified,,neutral,0,0,none,simulated,simulated,neutral_default,False,False,recomputed
SLDP,3,5.89,8.32,8.45,91.1,A,9,Auto Parts,Other / Unclassified,-71.8,neutral,6,6,high,polygon,polygon,stock_market_proxy,False,False,recomputed
SLF,3,5.41,5.96,6.01,79.0,B,9,Insurance - Diversified,Other / Unclassified,-9.0,neutral,6,6,high,simulated,simulated,neutral_default,False,False,recomputed
SLGN,2,5.0,3.9,3.93,2.4,C,9,,Other / Unclassified,,neutral,0,0,none,simulated,simulated,neutral_default,False,False,recomputed
SLI,2,5.0,3.9,3.93,2.4,C,9,,Other / Unclassified,,neutral,0,0,none,simulated,simulated,neutral_default,False,False,recomputed
SLMBP,2,5.0,3.9,3.93,2.4,C,9,,Other / Unclassified,,neutral,0,0,none,simulated,simulated,neutral_default,False,False,recomputed
SLNG,2,5.0,3.9,3.93,2.4,C,9,,Other / Unclassified,,neutral,0,0,none,simulated,simulated,neutral_default,False,False,recomputed
SLQT,2,5.74,7.68,7.69,88.4,B,9,Insurance Brokers,Other / Unclassified,-82.6,elevated_volume,8,8,high,simulated,simulated,neutral_default,False,False,recomputed
SLRC,3,5.76,7.68,7.79,88.9,A,8,Asset Management,"Fintech, Payments & Digital Assets",-25.5,neutral,6,6,high,finnhub,finnhub,stock_market_proxy,False,False,recomputed
SLSN,3,5.0,3.95,3.93,2.4,C,9,,Other / Unclassified,,neutral,0,0,none,polygon,polygon,stock_market_proxy,False,False,recomputed
SLSR,3,5.0,3.95,3.93,2.4,C,9,,Other / Unclassified,,neutral,0,0,none,finnhub,finnhub,stock_market_proxy,False,False,recomputed
SLVM,3,5.0,3.95,3.93,2.4,C,9,,Other / Unclassified,,neutral,0,0,none,finnhub,finnhub,stock_market_proxy,False,False,recomputed
SLXNW,3,5.0,3.95,3.93,2.4,C,9,,Other / Unclassified,,neutral,0,0,none,finnhub,finnhub,stock_market_proxy,False,False,recomputed
SM,2,5.71,7.53,7.54,87.9,B,1,Oil & Gas E&P,"Energy, Power & Utilities",-14.6,low_volume,8,8,high,simulated,simulated,neutral_default,False,False,recomputed
SMBK,2,5.0,3.9,3.93,2.4,C,9,,Other / Unclassified,,neutral,0,0,none,simulated,simulated,neutral_default,False,False,recomputed
SMC,3,5.0,3.95,3.93,2.4,C,9,,Other / Unclassified,,neutral,0,0,none,finnhub,finnhub,stock_market_proxy,False,False,recomputed
SMCI,2,5.07,4.26,4.28,67.6,B,3,Computer Hardware,"Compute, Data Center & Network Infrastructure",-23.4,neutral,7,7,high,simulated,simulated,neutral_default,False,False,recomputed
SMHI,3,5.0,3.95,3.93,2.4,C,9,,Other / Unclassified,,neutral,0,0,none,simulated,simulated,neutral_default,False,False,recomputed
SMID,3,6.38,10.0,10.0,96.5,A,9,Building Materials,Other / Unclassified,-43.6,neutral,7,7,high,finnhub,finnhub,stock_market_proxy,False,False,recomputed
SMP,2,5.0,3.9,3.93,2.4,C,9,,Other / Unclassified,,neutral,0,0,none,simulated,simulated,neutral_default,False,False,recomputed
SMPL,3,5.62,7.0,7.08,85.8,B,9,Packaged Foods,Other / Unclassified,-61.1,neutral,7,7,high,simulated,simulated,neutral_default,False,False,recomputed
SMR,2,5.35,5.69,5.71,74.5,C,1,,"Energy, Power & Utilities",,neutral,0,0,none,simulated,simulated,neutral_default,False,False,recomputed
SMSI,3,6.62,10.0,10.0,96.5,A,6,Software - Application,"Enterprise Software, Services & Automation",-42.9,neutral,6,6,high,finnhub,finnhub,stock_market_proxy,False,False,recomputed
SMTC,2,5.39,5.9,5.91,78.7,B,2,Semiconductors,Semiconductors & Chip Tools,-1.7,neutral,7,7,high,simulated,simulated,neutral_default,False,False,recomputed
SMX,3,6.66,10.0,10.0,96.5,A,9,Specialty Business Services,Other / Unclassified,-99.9,dark_pool_buying,7,7,high,finnhub,finnhub,stock_market_proxy,False,False,recomputed
SMXT,3,5.0,3.95,3.93,2.4,C,9,,Other / Unclassified,,neutral,0,0,none,finnhub,finnhub,stock_market_proxy,False,False,recomputed
SNA,2,5.75,7.73,7.74,88.7,B,9,Tools & Accessories,Other / Unclassified,-13.6,neutral,6,6,high,simulated,simulated,neutral_default,False,False,recomputed
SNAP,2,5.62,7.07,7.08,85.8,B,9,Internet Content & Information,Other / Unclassified,-36.1,neutral,7,7,high,simulated,simulated,neutral_default,False,False,recomputed
SNDK,2,5.85,8.25,8.25,90.6,B,3,Computer Hardware,"Compute, Data Center & Network Infrastructure",-27.5,neutral,7,7,high,simulated,simulated,neutral_default,False,False,recomputed
SNDR,3,5.7,7.39,7.49,87.4,B,9,Trucking,Other / Unclassified,-19.1,neutral,7,7,high,simulated,simulated,neutral_default,False,False,recomputed
SNEX,3,5.0,3.95,3.93,2.4,C,9,,Other / Unclassified,,neutral,0,0,none,finnhub,finnhub,stock_market_proxy,False,False,recomputed
SNN,2,5.19,4.87,4.89,69.8,B,9,Medical Devices,Other / Unclassified,-25.7,neutral,6,6,high,simulated,simulated,neutral_default,False,False,recomputed
SNOW,2,5.35,5.69,5.71,74.5,C,4,,"Cloud, Data & Developer Infrastructure",,neutral,0,0,none,simulated,simulated,neutral_default,False,False,recomputed
SNPS,2,5.41,6.0,6.01,79.0,C,2,,Semiconductors & Chip Tools,,neutral,0,0,none,simulated,simulated,neutral_default,False,False,recomputed
SNT,2,5.0,3.9,3.93,2.4,C,9,,Other / Unclassified,,neutral,0,0,none,simulated,simulated,neutral_default,False,False,recomputed
SNX,3,5.0,3.95,3.93,2.4,C,9,,Other / Unclassified,,neutral,0,0,none,simulated,simulated,neutral_default,False,False,recomputed
SO,2,5.35,5.69,5.71,74.5,C,1,,"Energy, Power & Utilities",,neutral,0,0,none,simulated,simulated,neutral_default,False,False,recomputed
SOAR,3,5.0,3.95,3.93,2.4,C,9,,Other / Unclassified,,neutral,0,0,none,simulated,simulated,neutral_default,False,False,recomputed
SOFI,2,5.35,5.69,5.71,74.5,C,8,,"Fintech, Payments & Digital Assets",,neutral,0,0,none,simulated,simulated,neutral_default,False,False,recomputed
SOHU,3,5.8,7.88,7.99,89.5,B,9,Electronic Gaming & Multimedia,Other / Unclassified,-26.5,low_volume,8,8,high,simulated,simulated,neutral_default,False,False,recomputed
SOIT,3,5.0,3.95,3.93,2.4,C,9,,Other / Unclassified,,neutral,0,0,none,simulated,simulated,neutral_default,False,False,recomputed
SOLV,2,5.0,3.9,3.93,2.4,C,9,,Other / Unclassified,,neutral,0,0,none,simulated,simulated,neutral_default,False,False,recomputed
SOMN,3,5.69,7.34,7.44,87.3,A,1,Utilities - Regulated Electric,"Energy, Power & Utilities",-13.6,elevated_volume,7,7,high,finnhub,finnhub,stock_market_proxy,False,False,recomputed
SON,2,5.47,6.3,6.32,81.5,B,9,Packaging & Containers,Other / Unclassified,-20.4,neutral,6,6,high,simulated,simulated,neutral_default,False,False,recomputed
SONO,3,5.15,4.68,4.69,68.9,B,9,Consumer Electronics,Other / Unclassified,-11.4,neutral,7,7,high,simulated,simulated,neutral_default,False,False,recomputed
SOPA,2,5.0,3.9,3.93,2.4,C,9,,Other / Unclassified,,neutral,0,0,none,simulated,simulated,neutral_default,False,False,recomputed
SOPH,2,5.0,3.9,3.93,2.4,C,9,,Other / Unclassified,,neutral,0,0,none,simulated,simulated,neutral_default,False,False,recomputed
SOUN,2,6.31,10.0,10.0,96.5,B,5,Software - Application,"AI Platforms, Models & Quantum",-73.7,neutral,7,7,high,simulated,simulated,neutral_default,False,False,recomputed
SOUNW,3,5.0,3.95,3.93,2.4,C,9,,Other / Unclassified,,neutral,0,0,none,simulated,simulated,neutral_default,False,False,recomputed
SOWG,3,5.0,3.95,3.93,2.4,C,9,,Other / Unclassified,,neutral,0,0,none,simulated,simulated,neutral_default,False,False,recomputed
SPAI,3,5.89,8.32,8.45,91.1,A,9,Aerospace & Defense,Other / Unclassified,-47.4,elevated_volume,8,8,high,polygon,polygon,stock_market_proxy,False,False,recomputed
SPB,2,5.0,3.9,3.93,2.4,C,9,,Other / Unclassified,,neutral,0,0,none,simulated,simulated,neutral_default,False,False,recomputed
SPCE,2,5.0,3.9,3.93,2.4,C,9,,Other / Unclassified,,neutral,0,0,none,simulated,simulated,neutral_default,False,False,recomputed
SPCX,3,5.0,3.95,3.93,2.4,C,9,,Other / Unclassified,,neutral,0,0,none,simulated,simulated,neutral_default,False,False,recomputed
SPEG,2,5.0,3.9,3.93,2.4,C,9,,Other / Unclassified,,neutral,0,0,none,simulated,simulated,neutral_default,False,False,recomputed
SPEGR,2,5.0,3.9,3.93,2.4,C,9,,Other / Unclassified,,neutral,0,0,none,simulated,simulated,neutral_default,False,False,recomputed
SPEGU,2,4.9,3.39,3.42,0.9,B,9,Shell Companies,Other / Unclassified,-4.7,neutral,5,5,substantial,simulated,simulated,neutral_default,False,False,recomputed
SPGI,2,5.73,7.63,7.64,88.0,B,8,Financial Data & Stock Exchanges,"Fintech, Payments & Digital Assets",-23.0,neutral,7,7,high,simulated,simulated,neutral_default,False,False,recomputed
SPKLW,2,5.0,3.9,3.93,2.4,C,9,,Other / Unclassified,,neutral,0,0,none,simulated,simulated,neutral_default,False,False,recomputed
SPMA,3,5.0,3.95,3.93,2.4,C,9,,Other / Unclassified,,neutral,0,0,none,simulated,simulated,neutral_default,False,False,recomputed
SPME,3,4.93,3.6,3.57,1.5,B,9,Asset Management,Other / Unclassified,-2.6,neutral,6,6,high,simulated,simulated,neutral_default,False,False,recomputed
SPNT,2,5.15,4.67,4.69,68.9,B,9,Insurance - Reinsurance,Other / Unclassified,-6.4,neutral,5,5,substantial,simulated,simulated,neutral_default,False,False,recomputed
SPPL,2,5.51,6.51,6.52,82.2,B,9,Specialty Industrial Machinery,Other / Unclassified,-69.1,low_volume,7,7,high,simulated,simulated,neutral_default,False,False,recomputed
SPWR,2,6.12,9.63,9.62,94.9,B,1,Solar,"Energy, Power & Utilities",-86.1,low_volume,8,8,high,simulated,simulated,neutral_default,False,False,recomputed
SPXC,3,5.0,3.95,3.93,2.4,C,9,,Other / Unclassified,,neutral,0,0,none,simulated,simulated,neutral_default,False,False,recomputed
SPXX,3,5.75,7.64,7.74,88.7,A,9,Asset Management,Other / Unclassified,-1.5,elevated_volume,7,7,high,finnhub,finnhub,stock_market_proxy,False,False,recomputed
SQM,2,6.26,10.0,10.0,96.5,B,1,Specialty Chemicals,"Energy, Power & Utilities",-30.4,neutral,7,7,high,simulated,simulated,neutral_default,False,False,recomputed
SQNS,2,5.0,3.9,3.93,2.4,C,9,,Other / Unclassified,,neutral,0,0,none,simulated,simulated,neutral_default,False,False,recomputed
SRAD,2,5.0,3.9,3.93,2.4,C,9,,Other / Unclassified,,neutral,0,0,none,simulated,simulated,neutral_default,False,False,recomputed
SRCE,2,5.0,3.9,3.93,2.4,C,9,,Other / Unclassified,,neutral,0,0,none,simulated,simulated,neutral_default,False,False,recomputed
SRE,2,5.63,7.12,7.13,86.1,B,1,Utilities - Diversified,"Energy, Power & Utilities",-18.9,neutral,6,6,high,simulated,simulated,neutral_default,False,False,recomputed
SRFM,3,5.0,3.95,3.93,2.4,C,9,,Other / Unclassified,,neutral,0,0,none,polygon,polygon,stock_market_proxy,False,False,recomputed
SRI,3,6.17,9.7,9.87,95.7,A,9,Auto Parts,Other / Unclassified,-28.9,elevated_volume,8,8,high,polygon,polygon,stock_market_proxy,False,False,recomputed
SRPT,2,5.0,3.9,3.93,2.4,C,9,,Other / Unclassified,,neutral,0,0,none,simulated,simulated,neutral_default,False,False,recomputed
SRRK,3,5.0,3.95,3.93,2.4,C,9,,Other / Unclassified,,neutral,0,0,none,polygon,polygon,stock_market_proxy,False,False,recomputed
SRTS,2,5.0,3.9,3.93,2.4,C,9,,Other / Unclassified,,neutral,0,0,none,simulated,simulated,neutral_default,False,False,recomputed
SRUUF,3,5.56,6.7,6.77,83.9,C,1,Uranium,"Energy, Power & Utilities",-19.3,neutral,3,3,partial,simulated,simulated,neutral_default,False,False,recomputed
SRXH,3,5.0,3.95,3.93,2.4,C,9,,Other / Unclassified,,neutral,0,0,none,simulated,simulated,neutral_default,False,False,recomputed
SRZN,3,5.0,3.95,3.93,2.4,C,9,,Other / Unclassified,,neutral,0,0,none,finnhub,finnhub,stock_market_proxy,False,False,recomputed
SRZNW,2,5.0,3.9,3.93,2.4,C,9,,Other / Unclassified,,neutral,0,0,none,simulated,simulated,neutral_default,False,False,recomputed
SSACR,2,5.0,3.9,3.93,2.4,C,9,,Other / Unclassified,,neutral,0,0,none,simulated,simulated,neutral_default,False,False,recomputed
SSACW,3,5.0,3.95,3.93,2.4,C,9,,Other / Unclassified,,neutral,0,0,none,finnhub,finnhub,stock_market_proxy,False,False,recomputed
SSM,2,5.0,3.9,3.93,2.4,C,9,,Other / Unclassified,,neutral,0,0,none,simulated,simulated,neutral_default,False,False,recomputed
SSNC,2,5.35,5.69,5.71,74.5,B,6,Software - Application,"Enterprise Software, Services & Automation",-11.2,neutral,7,7,high,simulated,simulated,neutral_default,False,False,recomputed
SSNLF,3,5.0,3.95,3.93,2.4,C,9,,Other / Unclassified,,neutral,0,0,none,simulated,simulated,neutral_default,False,False,recomputed
SSRM,3,5.15,4.68,4.69,68.9,B,9,Gold,Other / Unclassified,-16.5,neutral,7,7,high,simulated,simulated,neutral_default,False,False,recomputed
SSSS,2,5.0,3.9,3.93,2.4,C,9,,Other / Unclassified,,neutral,0,0,none,simulated,simulated,neutral_default,False,False,recomputed
SST,3,5.0,3.95,3.93,2.4,C,9,,Other / Unclassified,,neutral,0,0,none,simulated,simulated,neutral_default,False,False,recomputed
SSTK,2,6.19,9.98,9.98,96.2,B,5,Internet Content & Information,"AI Platforms, Models & Quantum",-81.9,neutral,7,7,high,simulated,simulated,neutral_default,False,False,recomputed
SSYS,2,5.45,6.2,6.22,81.3,B,3,Computer Hardware,"Compute, Data Center & Network Infrastructure",-33.8,neutral,6,6,high,simulated,simulated,neutral_default,False,False,recomputed
ST,3,5.19,4.88,4.89,69.8,B,9,Scientific & Technical Instruments,Other / Unclassified,-20.7,neutral,7,7,high,simulated,simulated,neutral_default,False,False,recomputed
STAA,2,5.0,3.9,3.93,2.4,C,9,,Other / Unclassified,,neutral,0,0,none,simulated,simulated,neutral_default,False,False,recomputed
STAG,2,5.52,6.56,6.57,82.8,B,9,REIT - Industrial,Other / Unclassified,-15.2,neutral,7,7,high,simulated,simulated,neutral_default,False,False,recomputed
STEX,2,5.0,3.9,3.93,2.4,C,9,,Other / Unclassified,,neutral,0,0,none,simulated,simulated,neutral_default,False,False,recomputed
STG,2,5.0,3.9,3.93,2.4,C,9,,Other / Unclassified,,neutral,0,0,none,simulated,simulated,neutral_default,False,False,recomputed
STI,2,5.0,3.9,3.93,2.4,C,9,,Other / Unclassified,,neutral,0,0,none,simulated,simulated,neutral_default,False,False,recomputed
STKE,3,5.0,3.95,3.93,2.4,C,9,,Other / Unclassified,,neutral,0,0,none,finnhub,finnhub,stock_market_proxy,False,False,recomputed
STKH,3,5.0,3.95,3.93,2.4,C,9,,Other / Unclassified,,neutral,0,0,none,simulated,simulated,neutral_default,False,False,recomputed
STLD,2,5.0,3.9,3.93,2.4,C,9,,Other / Unclassified,,neutral,0,0,none,simulated,simulated,neutral_default,False,False,recomputed
STM,3,5.0,3.95,3.93,2.4,C,9,,Other / Unclassified,,neutral,0,0,none,simulated,simulated,neutral_default,False,False,recomputed
STN,3,5.0,3.95,3.93,2.4,C,9,,Other / Unclassified,,neutral,0,0,none,simulated,simulated,neutral_default,False,False,recomputed
STNG,2,5.0,3.9,3.93,2.4,C,9,,Other / Unclassified,,neutral,0,0,none,simulated,simulated,neutral_default,False,False,recomputed
STRK,2,5.0,3.9,3.93,2.4,C,9,,Other / Unclassified,,neutral,0,0,none,simulated,simulated,neutral_default,False,False,recomputed
STRR,3,5.0,3.95,3.93,2.4,C,9,,Other / Unclassified,,neutral,0,0,none,simulated,simulated,neutral_default,False,False,recomputed
STRRP,2,5.0,3.9,3.93,2.4,C,9,,Other / Unclassified,,neutral,0,0,none,simulated,simulated,neutral_default,False,False,recomputed
STRS,2,5.76,7.79,7.79,88.9,B,9,Real Estate - Diversified,Other / Unclassified,-30.9,dark_pool_buying,8,8,high,simulated,simulated,neutral_default,False,False,recomputed
STSSW,2,5.0,3.9,3.93,2.4,C,9,,Other / Unclassified,,neutral,0,0,none,simulated,simulated,neutral_default,False,False,recomputed
STWD,2,5.0,3.9,3.93,2.4,C,9,,Other / Unclassified,,neutral,0,0,none,simulated,simulated,neutral_default,False,False,recomputed
STX,2,6.17,9.88,9.87,95.7,B,3,Computer Hardware,"Compute, Data Center & Network Infrastructure",-26.1,dark_pool_buying,8,8,high,simulated,simulated,neutral_default,False,False,recomputed
STXS,2,5.0,3.9,3.93,2.4,C,9,,Other / Unclassified,,neutral,0,0,none,simulated,simulated,neutral_default,False,False,recomputed
STZ,2,5.0,3.9,3.93,2.4,C,9,,Other / Unclassified,,neutral,0,0,none,simulated,simulated,neutral_default,False,False,recomputed
SUI,2,5.0,3.9,3.93,2.4,C,9,,Other / Unclassified,,neutral,0,0,none,simulated,simulated,neutral_default,False,False,recomputed
SUMCF,3,5.0,3.95,3.93,2.4,C,9,,Other / Unclassified,,neutral,0,0,none,simulated,simulated,neutral_default,False,False,recomputed
SUNC,3,5.0,3.95,3.93,2.4,C,9,,Other / Unclassified,,neutral,0,0,none,simulated,simulated,neutral_default,False,False,recomputed
SUNE,3,5.0,3.95,3.93,2.4,C,9,,Other / Unclassified,,neutral,0,0,none,finnhub,finnhub,stock_market_proxy,False,False,recomputed
SUNS,2,5.0,3.9,3.93,2.4,C,9,,Other / Unclassified,,neutral,0,0,none,simulated,simulated,neutral_default,False,False,recomputed
SUPN,2,5.0,3.9,3.93,2.4,C,9,,Other / Unclassified,,neutral,0,0,none,simulated,simulated,neutral_default,False,False,recomputed
SURG,2,5.0,3.9,3.93,2.4,C,9,,Other / Unclassified,,neutral,0,0,none,simulated,simulated,neutral_default,False,False,recomputed
SVACU,3,5.0,3.95,3.93,2.4,C,9,,Other / Unclassified,,neutral,0,0,none,simulated,simulated,neutral_default,False,False,recomputed
SVC,3,5.0,3.95,3.93,2.4,C,9,,Other / Unclassified,,neutral,0,0,none,simulated,simulated,neutral_default,False,False,recomputed
SVIV,2,5.54,6.66,6.67,83.4,B,9,Shell Companies,Other / Unclassified,-3.1,low_volume,6,6,high,simulated,simulated,neutral_default,False,False,recomputed
SVRA,2,5.77,7.84,7.84,89.1,B,9,Biotechnology,Other / Unclassified,-29.7,neutral,5,5,substantial,simulated,simulated,neutral_default,False,False,recomputed
SVV,2,5.26,5.23,5.25,71.9,B,9,Specialty Retail,Other / Unclassified,-32.2,neutral,7,7,high,simulated,simulated,neutral_default,False,False,recomputed
SWK,2,5.0,3.9,3.93,2.4,C,9,,Other / Unclassified,,neutral,0,0,none,simulated,simulated,neutral_default,False,False,recomputed
SWKS,2,5.41,6.0,6.01,79.0,C,2,,Semiconductors & Chip Tools,,neutral,0,0,none,simulated,simulated,neutral_default,False,False,recomputed
SWVL,2,5.66,7.27,7.28,86.6,B,9,Railroads,Other / Unclassified,-54.2,low_volume,7,7,high,simulated,simulated,neutral_default,False,False,recomputed
SXI,2,5.0,3.9,3.93,2.4,C,9,,Other / Unclassified,,neutral,0,0,none,simulated,simulated,neutral_default,False,False,recomputed
SXTPW,3,5.0,3.95,3.93,2.4,C,9,,Other / Unclassified,,neutral,0,0,none,simulated,simulated,neutral_default,False,False,recomputed
SYK,2,5.0,3.9,3.93,2.4,C,9,,Other / Unclassified,,neutral,0,0,none,simulated,simulated,neutral_default,False,False,recomputed
SYM,2,5.0,3.9,3.93,2.4,C,9,,Other / Unclassified,,neutral,0,0,none,simulated,simulated,neutral_default,False,False,recomputed
SYPR,2,5.0,3.9,3.93,2.4,C,9,,Other / Unclassified,,neutral,0,0,none,simulated,simulated,neutral_default,False,False,recomputed
SYRE,2,5.0,3.9,3.93,2.4,C,9,,Other / Unclassified,,neutral,0,0,none,simulated,simulated,neutral_default,False,False,recomputed
SYY,2,5.23,5.08,5.1,70.4,B,9,Food Distribution,Other / Unclassified,-14.0,neutral,6,6,high,simulated,simulated,neutral_default,False,False,recomputed
SZZLR,2,5.0,3.9,3.93,2.4,C,9,,Other / Unclassified,,neutral,0,0,none,simulated,simulated,neutral_default,False,False,recomputed
T,2,5.25,5.18,5.2,71.8,B,9,Telecom Services,Other / Unclassified,-13.9,neutral,6,6,high,simulated,simulated,neutral_default,False,False,recomputed
TACHW,2,5.0,3.9,3.93,2.4,C,9,,Other / Unclassified,,neutral,0,0,none,simulated,simulated,neutral_default,False,False,recomputed
TACO,2,5.31,5.49,5.5,72.9,B,9,Shell Companies,Other / Unclassified,-1.3,neutral,5,5,substantial,simulated,simulated,neutral_default,False,False,recomputed
TAL,2,5.0,3.9,3.93,2.4,C,9,,Other / Unclassified,,neutral,0,0,none,simulated,simulated,neutral_default,False,False,recomputed
TALO,2,5.0,3.9,3.93,2.4,C,9,,Other / Unclassified,,neutral,0,0,none,simulated,simulated,neutral_default,False,False,recomputed
TAP,2,5.85,8.25,8.25,90.6,B,9,Beverages - Brewers,Other / Unclassified,-29.7,neutral,6,6,high,simulated,simulated,neutral_default,False,False,recomputed
TARS,2,5.57,6.82,6.83,84.5,B,9,Biotechnology,Other / Unclassified,-18.9,neutral,7,7,high,simulated,simulated,neutral_default,False,False,recomputed
TAVI,3,4.96,3.75,3.73,2.0,B,9,Shell Companies,Other / Unclassified,-0.5,elevated_volume,6,6,high,simulated,simulated,neutral_default,False,False,recomputed
TAYD,2,5.0,3.9,3.93,2.4,C,9,,Other / Unclassified,,neutral,0,0,none,simulated,simulated,neutral_default,False,False,recomputed
TBBB,2,5.0,3.9,3.93,2.4,C,9,,Other / Unclassified,,neutral,0,0,none,simulated,simulated,neutral_default,False,False,recomputed
TBBK,3,5.0,3.95,3.93,2.4,C,9,,Other / Unclassified,,neutral,0,0,none,finnhub,finnhub,stock_market_proxy,False,False,recomputed
TBN,3,5.0,3.95,3.93,2.4,C,9,,Other / Unclassified,,neutral,0,0,none,simulated,simulated,neutral_default,False,False,recomputed
TBPH,2,4.85,3.14,3.17,0.5,C,9,Biotechnology,Other / Unclassified,,neutral,3,3,partial,simulated,simulated,neutral_default,False,False,recomputed
TBRG,3,5.0,3.95,3.93,2.4,C,9,,Other / Unclassified,,neutral,0,0,none,polygon,polygon,stock_market_proxy,False,False,recomputed
TCBIO,2,5.0,3.9,3.93,2.4,C,9,,Other / Unclassified,,neutral,0,0,none,simulated,simulated,neutral_default,False,False,recomputed
TCRX,3,5.36,5.72,5.76,77.6,A,9,Biotechnology,Other / Unclassified,-89.0,low_volume,7,7,high,finnhub,finnhub,stock_market_proxy,False,False,recomputed
TCS.NS,3,5.79,7.83,7.94,89.4,B,7,Information Technology Services,"Cybersecurity, Identity & Data Protection",-33.6,neutral,6,6,high,simulated,simulated,neutral_default,False,False,recomputed
TD,2,5.0,3.9,3.93,2.4,C,9,,Other / Unclassified,,neutral,0,0,none,simulated,simulated,neutral_default,False,False,recomputed
TDAY,2,5.0,3.9,3.93,2.4,C,9,,Other / Unclassified,,neutral,0,0,none,simulated,simulated,neutral_default,False,False,recomputed
TDC,3,5.0,3.95,3.93,2.4,C,9,,Other / Unclassified,,neutral,0,0,none,finnhub,finnhub,stock_market_proxy,False,False,recomputed
TDF,2,5.31,5.49,5.5,72.9,B,9,Asset Management,Other / Unclassified,-18.5,neutral,5,5,substantial,simulated,simulated,neutral_default,False,False,recomputed
TDG,2,5.42,6.05,6.06,80.5,B,9,Aerospace & Defense,Other / Unclassified,-24.4,neutral,7,7,high,simulated,simulated,neutral_default,False,False,recomputed
TDKCY,3,5.0,3.95,3.93,2.4,C,9,,Other / Unclassified,,neutral,0,0,none,simulated,simulated,neutral_default,False,False,recomputed
TDS,2,5.57,6.82,6.83,84.5,B,9,Telecom Services,Other / Unclassified,-25.5,neutral,6,6,high,simulated,simulated,neutral_default,False,False,recomputed
TDUP,2,5.0,3.9,3.93,2.4,C,9,,Other / Unclassified,,neutral,0,0,none,simulated,simulated,neutral_default,False,False,recomputed
TDW,3,5.78,7.78,7.89,89.2,A,1,Oil & Gas Equipment & Services,"Energy, Power & Utilities",-17.1,neutral,6,6,high,polygon,polygon,stock_market_proxy,False,False,recomputed
TEAD,3,5.0,3.95,3.93,2.4,C,9,,Other / Unclassified,,neutral,0,0,none,finnhub,finnhub,stock_market_proxy,False,False,recomputed
TEAM,2,5.48,6.36,6.37,81.8,B,6,Software - Application,"Enterprise Software, Services & Automation",-0.4,low_volume,8,8,high,simulated,simulated,neutral_default,False,False,recomputed
TECH,2,5.0,3.9,3.93,2.4,C,9,,Other / Unclassified,,neutral,0,0,none,simulated,simulated,neutral_default,False,False,recomputed
TECK,3,5.23,5.08,5.1,70.4,B,9,Copper,Other / Unclassified,-9.0,neutral,6,6,high,simulated,simulated,neutral_default,False,False,recomputed
TEL,2,5.0,3.9,3.93,2.4,C,9,,Other / Unclassified,,neutral,0,0,none,simulated,simulated,neutral_default,False,False,recomputed
TELA,2,5.0,3.9,3.93,2.4,C,9,,Other / Unclassified,,neutral,0,0,none,simulated,simulated,neutral_default,False,False,recomputed
TEM,2,5.0,3.9,3.93,2.4,C,9,,Other / Unclassified,,neutral,0,0,none,simulated,simulated,neutral_default,False,False,recomputed
TENB,2,5.41,6.0,6.01,79.0,C,7,,"Cybersecurity, Identity & Data Protection",,neutral,0,0,none,simulated,simulated,neutral_default,False,False,recomputed
TEO,3,5.0,3.95,3.93,2.4,C,9,,Other / Unclassified,,neutral,0,0,none,finnhub,finnhub,stock_market_proxy,False,False,recomputed
TER,2,5.0,3.9,3.93,2.4,C,9,,Other / Unclassified,,neutral,0,0,none,simulated,simulated,neutral_default,False,False,recomputed
TEVA,3,5.0,3.95,3.93,2.4,C,9,,Other / Unclassified,,neutral,0,0,none,finnhub,finnhub,stock_market_proxy,False,False,recomputed
TEX,3,5.0,3.95,3.93,2.4,C,9,,Other / Unclassified,,neutral,0,0,none,finnhub,finnhub,stock_market_proxy,False,False,recomputed
TFC,2,5.0,3.9,3.93,2.4,C,9,,Other / Unclassified,,neutral,0,0,none,simulated,simulated,neutral_default,False,False,recomputed
TFSL,2,5.0,3.9,3.93,2.4,C,9,,Other / Unclassified,,neutral,0,0,none,simulated,simulated,neutral_default,False,False,recomputed
TFX,2,5.0,3.9,3.93,2.4,C,9,,Other / Unclassified,,neutral,0,0,none,simulated,simulated,neutral_default,False,False,recomputed
TGB,2,5.36,5.74,5.76,77.6,B,9,Copper,Other / Unclassified,-12.0,neutral,7,7,high,simulated,simulated,neutral_default,False,False,recomputed
TGE,3,4.98,3.85,3.83,2.2,A,9,Asset Management,Other / Unclassified,-47.6,low_volume,8,8,high,polygon,polygon,stock_market_proxy,False,False,recomputed
TGEN,2,5.0,3.9,3.93,2.4,C,9,,Other / Unclassified,,neutral,0,0,none,simulated,simulated,neutral_default,False,False,recomputed
TGL,2,5.0,3.9,3.93,2.4,C,9,,Other / Unclassified,,neutral,0,0,none,simulated,simulated,neutral_default,False,False,recomputed
TGT,3,5.25,5.18,5.2,71.8,B,9,Discount Stores,Other / Unclassified,-11.2,neutral,7,7,high,simulated,simulated,neutral_default,False,False,recomputed
THC,2,5.0,3.9,3.93,2.4,C,9,,Other / Unclassified,,neutral,0,0,none,simulated,simulated,neutral_default,False,False,recomputed
THCH,3,6.31,10.0,10.0,96.5,B,9,Restaurants,Other / Unclassified,-58.0,dark_pool_buying,8,8,high,simulated,simulated,neutral_default,False,False,recomputed
THFF,2,5.0,3.9,3.93,2.4,C,9,,Other / Unclassified,,neutral,0,0,none,simulated,simulated,neutral_default,False,False,recomputed
THG,2,5.33,5.59,5.61,73.8,B,9,Insurance - Property & Casualty,Other / Unclassified,-6.5,neutral,5,5,substantial,simulated,simulated,neutral_default,False,False,recomputed
THO,2,5.61,7.02,7.03,85.2,B,9,Recreational Vehicles,Other / Unclassified,-44.5,neutral,7,7,high,simulated,simulated,neutral_default,False,False,recomputed
THQ,2,5.64,7.17,7.18,86.3,B,9,Asset Management,Other / Unclassified,-11.3,neutral,5,5,substantial,simulated,simulated,neutral_default,False,False,recomputed
THR,3,5.0,3.95,3.93,2.4,C,9,,Other / Unclassified,,neutral,0,0,none,simulated,simulated,neutral_default,False,False,recomputed
THW,2,5.0,3.9,3.93,2.4,C,9,,Other / Unclassified,,neutral,0,0,none,simulated,simulated,neutral_default,False,False,recomputed
TIC,3,6.18,9.75,9.93,96.0,A,1,Specialty Business Services,"Energy, Power & Utilities",-37.5,neutral,7,7,high,polygon,polygon,stock_market_proxy,False,False,recomputed
TIGO,2,5.0,3.9,3.93,2.4,C,9,,Other / Unclassified,,neutral,0,0,none,simulated,simulated,neutral_default,False,False,recomputed
TIGR,2,5.0,3.9,3.93,2.4,C,9,,Other / Unclassified,,neutral,0,0,none,simulated,simulated,neutral_default,False,False,recomputed
TITN,2,5.34,5.64,5.66,74.1,B,1,Industrial Distribution,"Energy, Power & Utilities",-8.3,neutral,6,6,high,simulated,simulated,neutral_default,False,False,recomputed
TJGC,3,5.0,3.95,3.93,2.4,C,9,,Other / Unclassified,,neutral,0,0,none,simulated,simulated,neutral_default,False,False,recomputed
TJX,2,5.0,3.9,3.93,2.4,C,9,,Other / Unclassified,,neutral,0,0,none,simulated,simulated,neutral_default,False,False,recomputed
TK,2,5.0,3.9,3.93,2.4,C,9,,Other / Unclassified,,neutral,0,0,none,simulated,simulated,neutral_default,False,False,recomputed
TKNO,2,5.0,3.9,3.93,2.4,C,9,,Other / Unclassified,,neutral,0,0,none,simulated,simulated,neutral_default,False,False,recomputed
TLIH,3,5.0,3.95,3.93,2.4,C,9,,Other / Unclassified,,neutral,0,0,none,polygon,polygon,stock_market_proxy,False,False,recomputed
TLK,3,5.0,3.95,3.93,2.4,C,9,,Other / Unclassified,,neutral,0,0,none,simulated,simulated,neutral_default,False,False,recomputed
TLN,2,5.35,5.69,5.71,74.5,C,1,,"Energy, Power & Utilities",,neutral,0,0,none,simulated,simulated,neutral_default,False,False,recomputed
TLNC,3,5.0,3.95,3.93,2.4,C,9,,Other / Unclassified,,neutral,0,0,none,polygon,polygon,stock_market_proxy,False,False,recomputed
TLRY,2,5.76,7.79,7.79,88.9,B,9,Drug Manufacturers - Specialty & Generic,Other / Unclassified,-82.3,neutral,7,7,high,simulated,simulated,neutral_default,False,False,recomputed
TLS,2,5.0,3.9,3.93,2.4,C,9,,Other / Unclassified,,neutral,0,0,none,simulated,simulated,neutral_default,False,False,recomputed
TLX,2,5.0,3.9,3.93,2.4,C,9,,Other / Unclassified,,neutral,0,0,none,simulated,simulated,neutral_default,False,False,recomputed
TM,2,5.0,3.9,3.93,2.4,C,9,,Other / Unclassified,,neutral,0,0,none,simulated,simulated,neutral_default,False,False,recomputed
TMC,2,5.84,8.19,8.2,90.3,B,9,Other Industrial Metals & Mining,Other / Unclassified,-67.1,neutral,5,5,substantial,simulated,simulated,neutral_default,False,False,recomputed
TMCI,2,5.0,3.9,3.93,2.4,C,9,,Other / Unclassified,,neutral,0,0,none,simulated,simulated,neutral_default,False,False,recomputed
TMCR,2,6.14,9.73,9.72,95.2,B,9,Other Industrial Metals & Mining,Other / Unclassified,-79.9,elevated_volume,6,6,high,simulated,simulated,neutral_default,False,False,recomputed
TMDX,3,5.0,3.95,3.93,2.4,C,9,,Other / Unclassified,,neutral,0,0,none,simulated,simulated,neutral_default,False,False,recomputed
TME,2,5.0,3.9,3.93,2.4,C,9,,Other / Unclassified,,neutral,0,0,none,simulated,simulated,neutral_default,False,False,recomputed
TMO,3,5.0,3.95,3.93,2.4,C,9,,Other / Unclassified,,neutral,0,0,none,simulated,simulated,neutral_default,False,False,recomputed
TMQ,3,6.1,9.36,9.52,94.7,A,9,Other Industrial Metals & Mining,Other / Unclassified,-73.1,neutral,6,6,high,finnhub,finnhub,stock_market_proxy,False,False,recomputed
TMTSW,2,5.0,3.9,3.93,2.4,C,9,,Other / Unclassified,,neutral,0,0,none,simulated,simulated,neutral_default,False,False,recomputed
TMUSL,3,5.0,3.95,3.93,2.4,C,9,,Other / Unclassified,,neutral,0,0,none,finnhub,finnhub,stock_market_proxy,False,False,recomputed
TMUSZ,2,5.83,8.14,8.15,90.0,B,9,,Other / Unclassified,-23.4,neutral,4,4,substantial,simulated,simulated,neutral_default,False,False,recomputed
TNC,2,5.0,3.9,3.93,2.4,C,9,,Other / Unclassified,,neutral,0,0,none,simulated,simulated,neutral_default,False,False,recomputed
TNK,2,5.0,3.9,3.93,2.4,C,9,,Other / Unclassified,,neutral,0,0,none,simulated,simulated,neutral_default,False,False,recomputed
TNL,3,5.0,3.95,3.93,2.4,C,9,,Other / Unclassified,,neutral,0,0,none,finnhub,finnhub,stock_market_proxy,False,False,recomputed
TNXP,3,5.0,3.95,3.93,2.4,C,9,,Other / Unclassified,,neutral,0,0,none,simulated,simulated,neutral_default,False,False,recomputed
TOELY,3,5.08,4.34,4.34,67.6,B,2,Semiconductor Equipment & Materials,Semiconductors & Chip Tools,,low_volume,7,7,high,simulated,simulated,neutral_default,False,False,recomputed
TOL,2,4.85,3.14,3.17,0.5,B,9,Residential Construction,Other / Unclassified,-19.1,neutral,7,7,high,simulated,simulated,neutral_default,False,False,recomputed
TOP,2,5.0,3.9,3.93,2.4,C,9,,Other / Unclassified,,neutral,0,0,none,simulated,simulated,neutral_default,False,False,recomputed
TOPPY,3,6.54,10.0,10.0,96.5,B,2,Conglomerates,Semiconductors & Chip Tools,-55.8,dark_pool_buying,7,7,high,simulated,simulated,neutral_default,False,False,recomputed
TOPS,3,5.0,3.95,3.93,2.4,C,9,,Other / Unclassified,,neutral,0,0,none,finnhub,finnhub,stock_market_proxy,False,False,recomputed
TORO,2,5.0,3.9,3.93,2.4,C,9,,Other / Unclassified,,neutral,0,0,none,simulated,simulated,neutral_default,False,False,recomputed
TOST,3,5.35,5.67,5.71,74.5,C,6,,"Enterprise Software, Services & Automation",,neutral,0,0,none,simulated,simulated,neutral_default,False,False,recomputed
TPB,2,5.0,3.9,3.93,2.4,C,9,,Other / Unclassified,,neutral,0,0,none,simulated,simulated,neutral_default,False,False,recomputed
TPC,3,5.0,3.95,3.93,2.4,C,9,,Other / Unclassified,,neutral,0,0,none,simulated,simulated,neutral_default,False,False,recomputed
TPGXL,3,5.31,5.47,5.5,72.9,B,9,,Other / Unclassified,-14.2,neutral,4,4,substantial,finnhub,finnhub,stock_market_proxy,False,False,recomputed
TPH,2,5.0,3.9,3.93,2.4,C,9,,Other / Unclassified,,neutral,0,0,none,simulated,simulated,neutral_default,False,False,recomputed
TPR,2,5.0,3.9,3.93,2.4,C,9,,Other / Unclassified,,neutral,0,0,none,simulated,simulated,neutral_default,False,False,recomputed
TPTA,2,5.0,3.9,3.93,2.4,C,9,,Other / Unclassified,,neutral,0,0,none,simulated,simulated,neutral_default,False,False,recomputed
TPVG,2,5.88,8.4,8.4,91.0,B,2,Asset Management,Semiconductors & Chip Tools,-19.5,neutral,6,6,high,simulated,simulated,neutral_default,False,False,recomputed
TR,2,5.51,6.51,6.52,82.2,B,9,Confectioners,Other / Unclassified,-17.2,neutral,6,6,high,simulated,simulated,neutral_default,False,False,recomputed
TRAD,3,5.0,3.95,3.93,2.4,C,9,,Other / Unclassified,,neutral,0,0,none,simulated,simulated,neutral_default,False,False,recomputed
TRC,2,5.78,7.89,7.89,89.2,B,9,Conglomerates,Other / Unclassified,-21.1,neutral,7,7,high,simulated,simulated,neutral_default,False,False,recomputed
TRDA,3,5.0,3.95,3.93,2.4,C,9,,Other / Unclassified,,neutral,0,0,none,polygon,polygon,stock_market_proxy,False,False,recomputed
TREE,2,6.18,9.93,9.93,96.0,B,8,Insurance Brokers,"Fintech, Payments & Digital Assets",-64.3,low_volume,8,8,high,simulated,simulated,neutral_default,False,False,recomputed
TRGP,2,5.56,6.76,6.77,83.9,B,1,Oil & Gas Midstream,"Energy, Power & Utilities",-6.1,neutral,6,6,high,simulated,simulated,neutral_default,False,False,recomputed
TRGSU,2,5.0,3.9,3.93,2.4,C,9,,Other / Unclassified,,neutral,0,0,none,simulated,simulated,neutral_default,False,False,recomputed
TRI,3,5.0,3.95,3.93,2.4,C,9,,Other / Unclassified,,neutral,0,0,none,finnhub,finnhub,stock_market_proxy,False,False,recomputed
TRIN,2,5.0,3.9,3.93,2.4,C,9,,Other / Unclassified,,neutral,0,0,none,simulated,simulated,neutral_default,False,False,recomputed
TRINI,2,5.0,3.9,3.93,2.4,C,9,,Other / Unclassified,,neutral,0,0,none,simulated,simulated,neutral_default,False,False,recomputed
TRIP,2,5.0,3.9,3.93,2.4,C,9,,Other / Unclassified,,neutral,0,0,none,simulated,simulated,neutral_default,False,False,recomputed
TRMB,2,5.0,3.9,3.93,2.4,C,9,,Other / Unclassified,,neutral,0,0,none,simulated,simulated,neutral_default,False,False,recomputed
TRN,2,5.0,3.9,3.93,2.4,C,9,,Other / Unclassified,,neutral,0,0,none,simulated,simulated,neutral_default,False,False,recomputed
TRNS,2,5.23,5.08,5.1,70.4,B,9,Specialty Business Services,Other / Unclassified,-9.2,neutral,7,7,high,simulated,simulated,neutral_default,False,False,recomputed
TROW,2,5.0,3.9,3.93,2.4,C,9,,Other / Unclassified,,neutral,0,0,none,simulated,simulated,neutral_default,False,False,recomputed
TRP,3,5.0,3.95,3.93,2.4,C,9,,Other / Unclassified,,neutral,0,0,none,simulated,simulated,neutral_default,False,False,recomputed
TRS,2,5.51,6.51,6.52,82.2,B,9,Packaging & Containers,Other / Unclassified,-15.0,neutral,6,6,high,simulated,simulated,neutral_default,False,False,recomputed
TRSG,2,6.54,10.0,10.0,96.5,B,2,Metal Fabrication,Semiconductors & Chip Tools,-30.1,low_volume,8,8,high,simulated,simulated,neutral_default,False,False,recomputed
TRST,2,5.0,3.9,3.93,2.4,C,9,,Other / Unclassified,,neutral,0,0,none,simulated,simulated,neutral_default,False,False,recomputed
TRT,3,5.0,3.95,3.93,2.4,C,9,,Other / Unclassified,,neutral,0,0,none,simulated,simulated,neutral_default,False,False,recomputed
TRTX,2,6.08,9.42,9.42,94.5,B,9,REIT - Mortgage,Other / Unclassified,-29.5,elevated_volume,7,7,high,simulated,simulated,neutral_default,False,False,recomputed
TRUG,2,5.0,3.9,3.93,2.4,C,9,,Other / Unclassified,,neutral,0,0,none,simulated,simulated,neutral_default,False,False,recomputed
TRUP,2,5.99,8.96,8.96,93.2,B,9,Insurance - Property & Casualty,Other / Unclassified,-44.0,neutral,7,7,high,simulated,simulated,neutral_default,False,False,recomputed
TRVG,3,5.0,3.95,3.93,2.4,C,9,,Other / Unclassified,,neutral,0,0,none,simulated,simulated,neutral_default,False,False,recomputed
TRX,3,5.0,3.95,3.93,2.4,C,9,,Other / Unclassified,,neutral,0,0,none,polygon,polygon,stock_market_proxy,False,False,recomputed
TS,2,5.0,3.9,3.93,2.4,C,9,,Other / Unclassified,,neutral,0,0,none,simulated,simulated,neutral_default,False,False,recomputed
TSAT,2,5.0,3.9,3.93,2.4,C,9,,Other / Unclassified,,neutral,0,0,none,simulated,simulated,neutral_default,False,False,recomputed
TSEM,3,5.0,3.95,3.93,2.4,C,9,,Other / Unclassified,,neutral,0,0,none,simulated,simulated,neutral_default,False,False,recomputed
TSHA,2,5.0,3.9,3.93,2.4,C,9,,Other / Unclassified,,neutral,0,0,none,simulated,simulated,neutral_default,False,False,recomputed
TSLA,2,5.0,3.9,3.93,2.4,C,9,,Other / Unclassified,,neutral,0,0,none,simulated,simulated,neutral_default,False,False,recomputed
TSM,2,5.41,6.0,6.01,79.0,C,2,,Semiconductors & Chip Tools,,neutral,0,0,none,simulated,simulated,neutral_default,False,False,recomputed
TSN,2,5.19,4.87,4.89,69.8,B,9,Farm Products,Other / Unclassified,-23.5,neutral,6,6,high,simulated,simulated,neutral_default,False,False,recomputed
TSQ,3,5.0,3.95,3.93,2.4,C,9,,Other / Unclassified,,neutral,0,0,none,simulated,simulated,neutral_default,False,False,recomputed
TSSI,2,5.33,5.59,5.61,73.8,B,6,Information Technology Services,"Enterprise Software, Services & Automation",-49.4,neutral,7,7,high,simulated,simulated,neutral_default,False,False,recomputed
TT,2,5.35,5.69,5.71,74.5,B,3,Building Products & Equipment,"Compute, Data Center & Network Infrastructure",-7.0,neutral,7,7,high,simulated,simulated,neutral_default,False,False,recomputed
TTAM,2,5.7,7.48,7.49,87.4,B,9,Building Materials,Other / Unclassified,-31.1,neutral,7,7,high,simulated,simulated,neutral_default,False,False,recomputed
TTD,2,6.35,10.0,10.0,96.5,B,9,Advertising Agencies,Other / Unclassified,-77.7,neutral,6,6,high,simulated,simulated,neutral_default,False,False,recomputed
TTEK,3,5.0,3.95,3.93,2.4,C,9,,Other / Unclassified,,neutral,0,0,none,finnhub,finnhub,stock_market_proxy,False,False,recomputed
TTI,2,5.0,3.9,3.93,2.4,C,9,,Other / Unclassified,,neutral,0,0,none,simulated,simulated,neutral_default,False,False,recomputed
TTMI,3,5.0,3.95,3.93,2.4,C,9,,Other / Unclassified,,neutral,0,0,none,simulated,simulated,neutral_default,False,False,recomputed
TTRX,2,4.94,3.6,3.62,1.8,B,9,Biotechnology,Other / Unclassified,-21.1,neutral,5,5,substantial,simulated,simulated,neutral_default,False,False,recomputed
TTWO,2,5.0,3.9,3.93,2.4,C,9,,Other / Unclassified,,neutral,0,0,none,simulated,simulated,neutral_default,False,False,recomputed
TULP,2,5.0,3.9,3.93,2.4,C,9,,Other / Unclassified,,neutral,0,0,none,simulated,simulated,neutral_default,False,False,recomputed
TUSK,2,5.0,3.9,3.93,2.4,C,9,,Other / Unclassified,,neutral,0,0,none,simulated,simulated,neutral_default,False,False,recomputed
TUYA,3,5.0,3.95,3.93,2.4,C,9,,Other / Unclassified,,neutral,0,0,none,simulated,simulated,neutral_default,False,False,recomputed
TVA,2,5.0,3.9,3.93,2.4,C,9,,Other / Unclassified,,neutral,0,0,none,simulated,simulated,neutral_default,False,False,recomputed
TVAIR,2,5.0,3.9,3.93,2.4,C,9,,Other / Unclassified,,neutral,0,0,none,simulated,simulated,neutral_default,False,False,recomputed
TVC,3,5.08,4.34,4.34,67.6,B,9,,Other / Unclassified,-2.0,neutral,4,4,substantial,simulated,simulated,neutral_default,False,False,recomputed
TVE,2,5.31,5.49,5.5,72.9,B,9,,Other / Unclassified,-5.2,neutral,4,4,substantial,simulated,simulated,neutral_default,False,False,recomputed
TVTX,2,6.99,10.0,10.0,96.5,B,9,Biotechnology,Other / Unclassified,-20.9,dark_pool_buying,8,8,high,simulated,simulated,neutral_default,False,False,recomputed
TW,2,5.0,3.9,3.93,2.4,C,9,,Other / Unclassified,,neutral,0,0,none,simulated,simulated,neutral_default,False,False,recomputed
TWAV,3,5.57,6.75,6.83,84.5,A,9,Asset Management,Other / Unclassified,-45.2,elevated_volume,8,8,high,polygon,polygon,stock_market_proxy,False,False,recomputed
TWFG,2,5.32,5.54,5.56,73.7,B,9,Insurance Brokers,Other / Unclassified,-19.6,low_volume,8,8,high,simulated,simulated,neutral_default,False,False,recomputed
TWI,2,5.0,3.9,3.93,2.4,C,9,,Other / Unclassified,,neutral,0,0,none,simulated,simulated,neutral_default,False,False,recomputed
TWLO,2,5.35,5.69,5.71,74.5,C,6,,"Enterprise Software, Services & Automation",,neutral,0,0,none,simulated,simulated,neutral_default,False,False,recomputed
TWLV,3,5.0,3.95,3.93,2.4,C,9,,Other / Unclassified,,neutral,0,0,none,finnhub,finnhub,stock_market_proxy,False,False,recomputed
TWN,2,5.23,5.08,5.1,70.4,B,9,Asset Management,Other / Unclassified,-2.0,neutral,6,6,high,simulated,simulated,neutral_default,False,False,recomputed
TWST,2,5.0,3.9,3.93,2.4,C,9,,Other / Unclassified,,neutral,0,0,none,simulated,simulated,neutral_default,False,False,recomputed
TXG,2,5.89,8.45,8.45,91.1,B,9,Medical Devices,Other / Unclassified,-22.1,dark_pool_buying,8,8,high,simulated,simulated,neutral_default,False,False,recomputed
TXN,2,5.03,4.06,4.08,67.4,B,2,Semiconductors,Semiconductors & Chip Tools,-12.6,neutral,7,7,high,simulated,simulated,neutral_default,False,False,recomputed
TYG,2,5.0,3.9,3.93,2.4,C,9,,Other / Unclassified,,neutral,0,0,none,simulated,simulated,neutral_default,False,False,recomputed
TYL,2,5.0,3.9,3.93,2.4,C,9,,Other / Unclassified,,neutral,0,0,none,simulated,simulated,neutral_default,False,False,recomputed
TYOYY,3,5.0,3.95,3.93,2.4,C,9,,Other / Unclassified,,neutral,0,0,none,simulated,simulated,neutral_default,False,False,recomputed
UAA,2,5.0,3.9,3.93,2.4,C,9,,Other / Unclassified,,neutral,0,0,none,simulated,simulated,neutral_default,False,False,recomputed
UBER,2,5.97,8.86,8.86,92.9,B,6,Software - Application,"Enterprise Software, Services & Automation",-31.4,neutral,7,7,high,simulated,simulated,neutral_default,False,False,recomputed
UBS,3,5.0,3.95,3.93,2.4,C,9,,Other / Unclassified,,neutral,0,0,none,simulated,simulated,neutral_default,False,False,recomputed
UCAR,2,5.0,3.9,3.93,2.4,C,9,,Other / Unclassified,,neutral,0,0,none,simulated,simulated,neutral_default,False,False,recomputed
UCTT,2,5.88,8.4,8.4,91.0,B,2,Semiconductor Equipment & Materials,Semiconductors & Chip Tools,-49.9,elevated_volume,8,8,high,simulated,simulated,neutral_default,False,False,recomputed
UDR,2,5.31,5.49,5.5,72.9,B,9,REIT - Residential,Other / Unclassified,-18.3,neutral,6,6,high,simulated,simulated,neutral_default,False,False,recomputed
UEC,2,5.35,5.69,5.71,74.5,C,1,,"Energy, Power & Utilities",,neutral,0,0,none,simulated,simulated,neutral_default,False,False,recomputed
UFCS,2,5.0,3.9,3.93,2.4,C,9,,Other / Unclassified,,neutral,0,0,none,simulated,simulated,neutral_default,False,False,recomputed
UFI,2,5.0,3.9,3.93,2.4,C,9,,Other / Unclassified,,neutral,0,0,none,simulated,simulated,neutral_default,False,False,recomputed
UG,2,5.51,6.51,6.52,82.2,B,9,Household & Personal Products,Other / Unclassified,-9.9,elevated_volume,8,8,high,simulated,simulated,neutral_default,False,False,recomputed
UHGWW,3,5.0,3.95,3.93,2.4,C,9,,Other / Unclassified,,neutral,0,0,none,simulated,simulated,neutral_default,False,False,recomputed
UHS,2,5.61,7.02,7.03,85.2,B,9,Medical Care Facilities,Other / Unclassified,-28.2,neutral,7,7,high,simulated,simulated,neutral_default,False,False,recomputed
UHT,2,5.0,3.9,3.93,2.4,C,9,,Other / Unclassified,,neutral,0,0,none,simulated,simulated,neutral_default,False,False,recomputed
UI,3,5.0,3.95,3.93,2.4,C,9,,Other / Unclassified,,neutral,0,0,none,simulated,simulated,neutral_default,False,False,recomputed
UIS,3,5.0,3.95,3.93,2.4,C,9,,Other / Unclassified,,neutral,0,0,none,simulated,simulated,neutral_default,False,False,recomputed
UK,2,6.33,10.0,10.0,96.5,B,9,Real Estate Services,Other / Unclassified,-81.9,dark_pool_buying,7,7,high,simulated,simulated,neutral_default,False,False,recomputed
ULBI,3,5.0,3.95,3.93,2.4,C,9,,Other / Unclassified,,neutral,0,0,none,simulated,simulated,neutral_default,False,False,recomputed
ULH,3,5.0,3.95,3.93,2.4,C,9,,Other / Unclassified,,neutral,0,0,none,simulated,simulated,neutral_default,False,False,recomputed
ULTA,2,5.0,3.9,3.93,2.4,C,9,,Other / Unclassified,,neutral,0,0,none,simulated,simulated,neutral_default,False,False,recomputed
UMC,3,5.0,3.95,3.93,2.4,C,9,,Other / Unclassified,,neutral,0,0,none,polygon,polygon,stock_market_proxy,False,False,recomputed
UMH,2,5.9,8.5,8.5,91.6,B,9,REIT - Residential,Other / Unclassified,-9.8,neutral,7,7,high,simulated,simulated,neutral_default,False,False,recomputed
UNCY,2,6.1,9.52,9.52,94.7,B,9,Biotechnology,Other / Unclassified,-51.2,neutral,5,5,substantial,simulated,simulated,neutral_default,False,False,recomputed
UNH,2,5.0,3.9,3.93,2.4,B,9,Healthcare Plans,Other / Unclassified,-13.3,neutral,6,6,high,simulated,simulated,neutral_default,False,False,recomputed
UNIT,3,5.0,3.95,3.93,2.4,C,9,,Other / Unclassified,,neutral,0,0,none,simulated,simulated,neutral_default,False,False,recomputed
UNP,2,5.0,3.9,3.93,2.4,C,9,,Other / Unclassified,,neutral,0,0,none,simulated,simulated,neutral_default,False,False,recomputed
UONE,3,5.0,3.95,3.93,2.4,C,9,,Other / Unclassified,,neutral,0,0,none,simulated,simulated,neutral_default,False,False,recomputed
UP,2,6.12,9.63,9.62,94.9,B,9,Airports & Air Services,Other / Unclassified,-90.2,neutral,6,6,high,simulated,simulated,neutral_default,False,False,recomputed
UPB,2,6.23,10.0,10.0,96.5,B,9,Biotechnology,Other / Unclassified,-85.9,elevated_volume,7,7,high,simulated,simulated,neutral_default,False,False,recomputed
UPLD,3,5.0,3.95,3.93,2.4,C,9,,Other / Unclassified,,neutral,0,0,none,simulated,simulated,neutral_default,False,False,recomputed
UPS,2,5.0,3.9,3.93,2.4,C,9,,Other / Unclassified,,neutral,0,0,none,simulated,simulated,neutral_default,False,False,recomputed
UPST,2,5.35,5.69,5.71,74.5,C,8,,"Fintech, Payments & Digital Assets",,neutral,0,0,none,simulated,simulated,neutral_default,False,False,recomputed
UPWK,2,5.0,3.9,3.93,2.4,C,9,,Other / Unclassified,,neutral,0,0,none,simulated,simulated,neutral_default,False,False,recomputed
UPXI,3,5.0,3.95,3.93,2.4,C,9,,Other / Unclassified,,neutral,0,0,none,finnhub,finnhub,stock_market_proxy,False,False,recomputed
URA,3,5.0,3.95,3.93,2.4,C,9,,Other / Unclassified,,neutral,0,0,none,simulated,simulated,neutral_default,False,False,recomputed
URG,2,5.35,5.69,5.71,74.5,C,1,,"Energy, Power & Utilities",,neutral,0,0,none,simulated,simulated,neutral_default,False,False,recomputed
URGN,2,5.0,3.9,3.93,2.4,C,9,,Other / Unclassified,,neutral,0,0,none,simulated,simulated,neutral_default,False,False,recomputed
URI,2,5.0,3.9,3.93,2.4,B,9,Rental & Leasing Services,Other / Unclassified,-10.9,neutral,7,7,high,simulated,simulated,neutral_default,False,False,recomputed
URNJ,3,5.0,3.95,3.93,2.4,C,9,,Other / Unclassified,,neutral,0,0,none,simulated,simulated,neutral_default,False,False,recomputed
URNM,3,5.0,3.95,3.93,2.4,C,9,,Other / Unclassified,,neutral,0,0,none,simulated,simulated,neutral_default,False,False,recomputed
UROY,3,5.0,3.95,3.93,2.4,C,9,,Other / Unclassified,,neutral,0,0,none,polygon,polygon,stock_market_proxy,False,False,recomputed
USA,3,5.0,3.95,3.93,2.4,C,9,,Other / Unclassified,,neutral,0,0,none,finnhub,finnhub,stock_market_proxy,False,False,recomputed
USAS,2,5.0,3.9,3.93,2.4,C,9,,Other / Unclassified,,neutral,0,0,none,simulated,simulated,neutral_default,False,False,recomputed
USB,2,5.0,3.9,3.93,2.4,C,9,,Other / Unclassified,,neutral,0,0,none,simulated,simulated,neutral_default,False,False,recomputed
USBC,2,5.0,3.9,3.93,2.4,C,9,,Other / Unclassified,,neutral,0,0,none,simulated,simulated,neutral_default,False,False,recomputed
USLM,2,5.76,7.79,7.79,88.9,B,9,Building Materials,Other / Unclassified,-20.8,neutral,7,7,high,simulated,simulated,neutral_default,False,False,recomputed
USNA,3,5.0,3.95,3.93,2.4,C,9,,Other / Unclassified,,neutral,0,0,none,simulated,simulated,neutral_default,False,False,recomputed
USPH,3,5.38,5.82,5.86,78.2,A,9,Medical Care Facilities,Other / Unclassified,-8.7,neutral,6,6,high,polygon,polygon,stock_market_proxy,False,False,recomputed
UTG,2,5.08,4.31,4.34,67.6,B,9,Asset Management,Other / Unclassified,-14.0,neutral,5,5,substantial,simulated,simulated,neutral_default,False,False,recomputed
UTHR,3,5.51,6.45,6.52,82.2,B,9,Drug Manufacturers - Specialty & Generic,Other / Unclassified,-8.7,elevated_volume,7,7,high,simulated,simulated,neutral_default,False,False,recomputed
UTI,2,5.0,3.9,3.93,2.4,C,9,,Other / Unclassified,,neutral,0,0,none,simulated,simulated,neutral_default,False,False,recomputed
UTSI,2,5.0,3.9,3.93,2.4,C,9,,Other / Unclassified,,neutral,0,0,none,simulated,simulated,neutral_default,False,False,recomputed
UUUU,2,7.01,10.0,10.0,96.5,B,1,Uranium,"Energy, Power & Utilities",-63.0,neutral,7,7,high,simulated,simulated,neutral_default,False,False,recomputed
UYSCR,2,5.0,3.9,3.93,2.4,C,9,,Other / Unclassified,,neutral,1,1,partial,simulated,simulated,neutral_default,False,False,recomputed
UZE,2,5.0,3.9,3.93,2.4,C,9,,Other / Unclassified,,neutral,0,0,none,simulated,simulated,neutral_default,False,False,recomputed
V,2,5.35,5.69,5.71,74.5,C,8,,"Fintech, Payments & Digital Assets",,neutral,0,0,none,simulated,simulated,neutral_default,False,False,recomputed
VABK,2,5.28,5.33,5.35,72.3,B,9,Banks - Regional,Other / Unclassified,-1.8,neutral,6,6,high,simulated,simulated,neutral_default,False,False,recomputed
VALE,2,5.0,3.9,3.93,2.4,C,9,,Other / Unclassified,,neutral,0,0,none,simulated,simulated,neutral_default,False,False,recomputed
VALN,2,5.0,3.9,3.93,2.4,C,9,,Other / Unclassified,,neutral,0,0,none,simulated,simulated,neutral_default,False,False,recomputed
VBIO,2,5.74,7.68,7.69,88.4,B,9,Biotechnology,Other / Unclassified,-97.2,low_volume,7,7,high,simulated,simulated,neutral_default,False,False,recomputed
VCTR,2,4.75,2.63,2.66,0.2,B,9,Asset Management,Other / Unclassified,-7.2,neutral,7,7,high,simulated,simulated,neutral_default,False,False,recomputed
VCV,3,5.0,3.95,3.93,2.4,C,9,,Other / Unclassified,,neutral,0,0,none,polygon,polygon,stock_market_proxy,False,False,recomputed
VECO,2,5.65,7.22,7.23,86.4,B,2,Semiconductor Equipment & Materials,Semiconductors & Chip Tools,-35.5,neutral,7,7,high,simulated,simulated,neutral_default,False,False,recomputed
VEEA,2,5.0,3.9,3.93,2.4,C,9,,Other / Unclassified,,neutral,0,0,none,simulated,simulated,neutral_default,False,False,recomputed
VEEV,2,5.48,6.36,6.37,81.8,B,6,Health Information Services,"Enterprise Software, Services & Automation",-6.4,low_volume,8,8,high,simulated,simulated,neutral_default,False,False,recomputed
VEL,2,5.0,3.9,3.93,2.4,C,9,,Other / Unclassified,,neutral,0,0,none,simulated,simulated,neutral_default,False,False,recomputed
VELO,2,5.0,3.9,3.93,2.4,C,9,,Other / Unclassified,,neutral,0,0,none,simulated,simulated,neutral_default,False,False,recomputed
VERA,2,5.0,3.9,3.93,2.4,C,9,,Other / Unclassified,,neutral,0,0,none,simulated,simulated,neutral_default,False,False,recomputed
VET,3,5.0,3.95,3.93,2.4,C,9,,Other / Unclassified,,neutral,0,0,none,polygon,polygon,stock_market_proxy,False,False,recomputed
VFC,2,5.17,4.77,4.79,69.5,B,9,Apparel Manufacturing,Other / Unclassified,-32.4,neutral,7,7,high,simulated,simulated,neutral_default,False,False,recomputed
VFL,3,5.0,3.95,3.93,2.4,C,9,,Other / Unclassified,,neutral,0,0,none,simulated,simulated,neutral_default,False,False,recomputed
VFS,2,5.0,3.9,3.93,2.4,C,9,,Other / Unclassified,,neutral,0,0,none,simulated,simulated,neutral_default,False,False,recomputed
VGAS,2,5.0,3.9,3.93,2.4,C,9,,Other / Unclassified,,neutral,0,0,none,simulated,simulated,neutral_default,False,False,recomputed
VGI,3,5.0,3.95,3.93,2.4,C,9,,Other / Unclassified,,neutral,0,0,none,polygon,polygon,stock_market_proxy,False,False,recomputed
VHCPU,2,5.0,3.9,3.93,2.4,C,9,,Other / Unclassified,,neutral,0,0,none,simulated,simulated,neutral_default,False,False,recomputed
VHUB,3,5.0,3.95,3.93,2.4,C,9,,Other / Unclassified,,neutral,0,0,none,polygon,polygon,stock_market_proxy,False,False,recomputed
VIA,2,6.19,9.98,9.98,96.2,B,6,Software - Application,"Enterprise Software, Services & Automation",-43.5,neutral,7,7,high,simulated,simulated,neutral_default,False,False,recomputed
VIASP,2,5.35,5.69,5.71,74.5,B,1,Utilities - Regulated Electric,"Energy, Power & Utilities",,neutral,4,4,substantial,simulated,simulated,neutral_default,False,False,recomputed
VIAV,2,4.95,3.65,3.67,1.9,B,3,Communication Equipment,"Compute, Data Center & Network Infrastructure",-16.4,neutral,7,7,high,simulated,simulated,neutral_default,False,False,recomputed
VICR,3,5.34,5.62,5.66,74.1,B,2,Electronic Components,Semiconductors & Chip Tools,-25.5,neutral,7,7,high,simulated,simulated,neutral_default,False,False,recomputed
VINP,2,4.87,3.24,3.27,0.9,B,9,Asset Management,Other / Unclassified,-14.8,elevated_volume,8,8,high,simulated,simulated,neutral_default,False,False,recomputed
VIPS,2,5.0,3.9,3.93,2.4,C,9,,Other / Unclassified,,neutral,0,0,none,simulated,simulated,neutral_default,False,False,recomputed
VIRT,2,5.0,3.9,3.93,2.4,C,9,,Other / Unclassified,,neutral,0,0,none,simulated,simulated,neutral_default,False,False,recomputed
VIV,3,5.0,3.95,3.93,2.4,C,9,,Other / Unclassified,,neutral,0,0,none,polygon,polygon,stock_market_proxy,False,False,recomputed
VKI,2,5.0,3.9,3.93,2.4,C,9,,Other / Unclassified,,neutral,0,0,none,simulated,simulated,neutral_default,False,False,recomputed
VKQ,2,5.7,7.48,7.49,87.4,B,9,Asset Management,Other / Unclassified,-15.2,elevated_volume,6,6,high,simulated,simulated,neutral_default,False,False,recomputed
VKTX,2,5.0,3.9,3.93,2.4,C,9,,Other / Unclassified,,neutral,0,0,none,simulated,simulated,neutral_default,False,False,recomputed
VLO,2,5.0,3.9,3.93,2.4,C,9,,Other / Unclassified,,neutral,0,0,none,simulated,simulated,neutral_default,False,False,recomputed
VLY,3,5.86,8.18,8.3,90.8,B,9,Banks - Regional,Other / Unclassified,-17.2,neutral,6,6,high,simulated,simulated,neutral_default,False,False,recomputed
VLYPN,2,5.0,3.9,3.93,2.4,C,9,,Other / Unclassified,,neutral,0,0,none,simulated,simulated,neutral_default,False,False,recomputed
VMC,2,5.0,3.9,3.93,2.4,C,9,,Other / Unclassified,,neutral,0,0,none,simulated,simulated,neutral_default,False,False,recomputed
VMD,2,5.0,3.9,3.93,2.4,C,9,,Other / Unclassified,,neutral,0,0,none,simulated,simulated,neutral_default,False,False,recomputed
VMET,3,5.0,3.95,3.93,2.4,C,9,,Other / Unclassified,,neutral,0,0,none,finnhub,finnhub,stock_market_proxy,False,False,recomputed
VNDA,3,6.23,10.0,10.0,96.5,B,9,Biotechnology,Other / Unclassified,-52.3,neutral,6,6,high,simulated,simulated,neutral_default,False,False,recomputed
VNET,3,5.0,3.95,3.93,2.4,C,9,,Other / Unclassified,,neutral,0,0,none,simulated,simulated,neutral_default,False,False,recomputed
VNME,3,5.8,7.88,7.99,89.5,B,9,Shell Companies,Other / Unclassified,-0.2,dark_pool_buying,6,6,high,simulated,simulated,neutral_default,False,False,recomputed
VNO,3,5.0,3.95,3.93,2.4,C,9,,Other / Unclassified,,neutral,0,0,none,polygon,polygon,stock_market_proxy,False,False,recomputed
VNOM,3,6.19,9.8,9.98,96.2,A,1,Oil & Gas Midstream,"Energy, Power & Utilities",-16.9,neutral,7,7,high,finnhub,finnhub,stock_market_proxy,False,False,recomputed
VOC,2,5.42,6.05,6.06,80.5,B,1,Oil & Gas E&P,"Energy, Power & Utilities",-0.9,neutral,6,6,high,simulated,simulated,neutral_default,False,False,recomputed
VOR,3,5.0,3.95,3.93,2.4,C,9,,Other / Unclassified,,neutral,0,0,none,simulated,simulated,neutral_default,False,False,recomputed
VOYA,2,5.0,3.9,3.93,2.4,B,9,Financial Conglomerates,Other / Unclassified,-7.7,neutral,5,5,substantial,simulated,simulated,neutral_default,False,False,recomputed
VOYG,2,6.14,9.73,9.72,95.2,B,9,Aerospace & Defense,Other / Unclassified,-44.4,neutral,7,7,high,simulated,simulated,neutral_default,False,False,recomputed
VPV,2,4.93,3.54,3.57,1.5,B,9,Asset Management,Other / Unclassified,-4.8,neutral,6,6,high,simulated,simulated,neutral_default,False,False,recomputed
VREX,2,5.0,3.9,3.93,2.4,C,9,,Other / Unclassified,,neutral,0,0,none,simulated,simulated,neutral_default,False,False,recomputed
VRNS,2,5.35,5.69,5.71,74.5,B,7,Software - Infrastructure,"Cybersecurity, Identity & Data Protection",-22.7,neutral,7,7,high,simulated,simulated,neutral_default,False,False,recomputed
VRSK,2,5.0,3.9,3.93,2.4,C,9,,Other / Unclassified,,neutral,0,0,none,simulated,simulated,neutral_default,False,False,recomputed
VRSN,2,5.0,3.9,3.93,2.4,C,9,,Other / Unclassified,,neutral,0,0,none,simulated,simulated,neutral_default,False,False,recomputed
VRT,2,5.35,5.69,5.71,74.5,C,3,,"Compute, Data Center & Network Infrastructure",,neutral,0,0,none,simulated,simulated,neutral_default,False,False,recomputed
VRTS,3,5.57,6.75,6.83,84.5,A,9,Asset Management,Other / Unclassified,-28.2,neutral,6,6,high,polygon,polygon,stock_market_proxy,False,False,recomputed
VS,2,6.33,10.0,10.0,96.5,B,6,Software - Application,"Enterprise Software, Services & Automation",-55.7,neutral,7,7,high,simulated,simulated,neutral_default,False,False,recomputed
VSAT,2,5.0,3.9,3.93,2.4,C,9,,Other / Unclassified,,neutral,0,0,none,simulated,simulated,neutral_default,False,False,recomputed
VSCO,3,5.0,3.95,3.93,2.4,C,9,,Other / Unclassified,,neutral,0,0,none,simulated,simulated,neutral_default,False,False,recomputed
VSEE,3,5.0,3.95,3.93,2.4,B,9,Health Information Services,Other / Unclassified,,neutral,4,4,substantial,finnhub,finnhub,stock_market_proxy,False,False,recomputed
VSH,2,5.0,3.9,3.93,2.4,C,9,,Other / Unclassified,,neutral,0,0,none,simulated,simulated,neutral_default,False,False,recomputed
VST,2,5.35,5.69,5.71,74.5,C,1,,"Energy, Power & Utilities",,neutral,0,0,none,simulated,simulated,neutral_default,False,False,recomputed
VSTD,2,5.0,3.9,3.93,2.4,C,9,,Other / Unclassified,,neutral,0,0,none,simulated,simulated,neutral_default,False,False,recomputed
VTIX,2,5.98,8.91,8.91,93.0,B,3,Computer Hardware,"Compute, Data Center & Network Infrastructure",-95.4,neutral,7,7,high,simulated,simulated,neutral_default,False,False,recomputed
VTOL,2,5.0,3.9,3.93,2.4,C,9,,Other / Unclassified,,neutral,0,0,none,simulated,simulated,neutral_default,False,False,recomputed
VTR,2,5.0,3.9,3.93,2.4,C,9,,Other / Unclassified,,neutral,0,0,none,simulated,simulated,neutral_default,False,False,recomputed
VTSI,3,6.8,10.0,10.0,96.5,A,6,Software - Application,"Enterprise Software, Services & Automation",-57.3,dark_pool_buying,8,8,high,polygon,polygon,stock_market_proxy,False,False,recomputed
VVOS,2,5.0,3.9,3.93,2.4,C,9,,Other / Unclassified,,neutral,0,0,none,simulated,simulated,neutral_default,False,False,recomputed
VVR,2,5.0,3.9,3.93,2.4,C,9,,Other / Unclassified,,neutral,0,0,none,simulated,simulated,neutral_default,False,False,recomputed
VVV,2,5.32,5.54,5.56,73.7,B,9,Auto & Truck Dealerships,Other / Unclassified,-23.7,neutral,7,7,high,simulated,simulated,neutral_default,False,False,recomputed
VYX,2,5.0,3.9,3.93,2.4,C,9,,Other / Unclassified,,neutral,0,0,none,simulated,simulated,neutral_default,False,False,recomputed
VZ,2,5.0,3.9,3.93,2.4,C,9,,Other / Unclassified,,neutral,0,0,none,simulated,simulated,neutral_default,False,False,recomputed
VZLA,2,5.0,3.9,3.93,2.4,C,9,,Other / Unclassified,,neutral,0,0,none,simulated,simulated,neutral_default,False,False,recomputed
W,2,5.13,4.57,4.59,68.5,B,9,Internet Retail,Other / Unclassified,-12.2,neutral,7,7,high,simulated,simulated,neutral_default,False,False,recomputed
WALD,3,5.0,3.95,3.93,2.4,C,9,,Other / Unclassified,,neutral,0,0,none,finnhub,finnhub,stock_market_proxy,False,False,recomputed
WAT,3,5.0,3.95,3.93,2.4,C,9,,Other / Unclassified,,neutral,0,0,none,simulated,simulated,neutral_default,False,False,recomputed
WATT,2,5.0,3.9,3.93,2.4,C,9,,Other / Unclassified,,neutral,0,0,none,simulated,simulated,neutral_default,False,False,recomputed
WAY,3,5.0,3.95,3.93,2.4,C,9,,Other / Unclassified,,neutral,0,0,none,polygon,polygon,stock_market_proxy,False,False,recomputed
WB,2,5.0,3.9,3.93,2.4,C,9,,Other / Unclassified,,neutral,0,0,none,simulated,simulated,neutral_default,False,False,recomputed
WBD,2,5.0,3.9,3.93,2.4,C,9,,Other / Unclassified,,neutral,0,0,none,simulated,simulated,neutral_default,False,False,recomputed
WBTN,2,5.0,3.9,3.93,2.4,C,9,,Other / Unclassified,,neutral,0,0,none,simulated,simulated,neutral_default,False,False,recomputed
WBUY,2,5.0,3.9,3.93,2.4,C,9,,Other / Unclassified,,neutral,0,0,none,simulated,simulated,neutral_default,False,False,recomputed
WCC,3,5.0,3.95,3.93,2.4,C,9,,Other / Unclassified,,neutral,0,0,none,simulated,simulated,neutral_default,False,False,recomputed
WDC,2,5.0,3.9,3.93,2.4,C,9,,Other / Unclassified,,neutral,0,0,none,simulated,simulated,neutral_default,False,False,recomputed
WDFC,2,5.0,3.9,3.93,2.4,C,9,,Other / Unclassified,,neutral,0,0,none,simulated,simulated,neutral_default,False,False,recomputed
WDI,3,5.0,3.95,3.93,2.4,C,9,,Other / Unclassified,,neutral,0,0,none,finnhub,finnhub,stock_market_proxy,False,False,recomputed
WDS,3,5.97,8.72,8.86,92.9,A,1,Oil & Gas E&P,"Energy, Power & Utilities",-10.0,neutral,7,7,high,polygon,polygon,stock_market_proxy,False,False,recomputed
WEC,2,5.0,3.9,3.93,2.4,C,9,,Other / Unclassified,,neutral,0,0,none,simulated,simulated,neutral_default,False,False,recomputed
WELL,2,5.65,7.22,7.23,86.4,B,9,REIT - Healthcare Facilities,Other / Unclassified,-11.9,neutral,7,7,high,simulated,simulated,neutral_default,False,False,recomputed
WEN,2,5.0,3.9,3.93,2.4,C,9,,Other / Unclassified,,neutral,0,0,none,simulated,simulated,neutral_default,False,False,recomputed
WENNU,2,5.17,4.77,4.79,69.5,B,8,Shell Companies,"Fintech, Payments & Digital Assets",-3.3,low_volume,5,5,substantial,simulated,simulated,neutral_default,False,False,recomputed
WES,2,5.74,7.68,7.69,88.4,B,1,Oil & Gas Midstream,"Energy, Power & Utilities",-8.5,neutral,7,7,high,simulated,simulated,neutral_default,False,False,recomputed
WEST,3,5.2,4.93,4.95,70.1,A,9,Packaged Foods,Other / Unclassified,-16.0,neutral,7,7,high,polygon,polygon,stock_market_proxy,False,False,recomputed
WETO,3,5.98,8.77,8.91,93.0,B,4,Software - Infrastructure,"Cloud, Data & Developer Infrastructure",-99.4,neutral,7,7,high,simulated,simulated,neutral_default,False,False,recomputed
WEYS,2,5.0,3.9,3.93,2.4,C,9,,Other / Unclassified,,neutral,0,0,none,simulated,simulated,neutral_default,False,False,recomputed
WF,2,5.0,3.9,3.93,2.4,C,9,,Other / Unclassified,,neutral,0,0,none,simulated,simulated,neutral_default,False,False,recomputed
WFC,2,5.33,5.59,5.61,73.8,B,9,Banks - Diversified,Other / Unclassified,-15.4,neutral,6,6,high,simulated,simulated,neutral_default,False,False,recomputed
WFCF,2,5.23,5.08,5.1,70.4,B,9,Specialty Business Services,Other / Unclassified,-27.1,elevated_volume,7,7,high,simulated,simulated,neutral_default,False,False,recomputed
WFF,2,5.59,6.92,6.93,84.8,B,1,Specialty Industrial Machinery,"Energy, Power & Utilities",-56.3,low_volume,8,8,high,simulated,simulated,neutral_default,False,False,recomputed
WGO,2,5.0,3.9,3.93,2.4,C,9,,Other / Unclassified,,neutral,0,0,none,simulated,simulated,neutral_default,False,False,recomputed
WGSWW,2,5.0,3.9,3.93,2.4,C,9,,Other / Unclassified,,neutral,0,0,none,simulated,simulated,neutral_default,False,False,recomputed
WHF,3,5.0,3.95,3.93,2.4,C,9,,Other / Unclassified,,neutral,0,0,none,polygon,polygon,stock_market_proxy,False,False,recomputed
WHLRD,3,4.98,3.85,3.83,2.2,A,9,REIT - Retail,Other / Unclassified,-13.4,low_volume,8,8,high,polygon,polygon,stock_market_proxy,False,False,recomputed
WHLRL,2,4.85,3.14,3.17,0.5,C,9,,Other / Unclassified,,neutral,2,2,partial,simulated,simulated,neutral_default,False,False,recomputed
WHR,2,6.28,10.0,10.0,96.5,B,9,"Furnishings, Fixtures & Appliances",Other / Unclassified,-68.1,neutral,7,7,high,simulated,simulated,neutral_default,False,False,recomputed
WHWK,3,5.0,3.95,3.93,2.4,C,9,,Other / Unclassified,,neutral,0,0,none,finnhub,finnhub,stock_market_proxy,False,False,recomputed
WICOF,3,5.23,5.08,5.1,70.4,C,9,,Other / Unclassified,,neutral,0,0,none,simulated,simulated,neutral_default,False,False,recomputed
WINA,2,5.0,3.9,3.93,2.4,C,9,,Other / Unclassified,,neutral,0,0,none,simulated,simulated,neutral_default,False,False,recomputed
WIT,2,5.0,3.9,3.93,2.4,C,9,,Other / Unclassified,,neutral,0,0,none,simulated,simulated,neutral_default,False,False,recomputed
WKEY,3,5.0,3.95,3.93,2.4,C,9,,Other / Unclassified,,neutral,0,0,none,polygon,polygon,stock_market_proxy,False,False,recomputed
WKHS,2,5.0,3.9,3.93,2.4,C,9,,Other / Unclassified,,neutral,0,0,none,simulated,simulated,neutral_default,False,False,recomputed
WLDS,2,5.51,6.51,6.52,82.2,B,9,Consumer Electronics,Other / Unclassified,-96.2,low_volume,8,8,high,simulated,simulated,neutral_default,False,False,recomputed
WLII,2,5.0,3.9,3.93,2.4,C,9,,Other / Unclassified,,neutral,0,0,none,simulated,simulated,neutral_default,False,False,recomputed
WLIIU,2,4.9,3.39,3.42,0.9,B,9,Shell Companies,Other / Unclassified,-0.6,neutral,5,5,substantial,simulated,simulated,neutral_default,False,False,recomputed
WLIIW,2,5.0,3.9,3.93,2.4,C,9,,Other / Unclassified,,neutral,0,0,none,simulated,simulated,neutral_default,False,False,recomputed
WLK,2,5.0,3.9,3.93,2.4,C,9,,Other / Unclassified,,neutral,0,0,none,simulated,simulated,neutral_default,False,False,recomputed
WLY,2,5.28,5.33,5.35,72.3,B,9,Publishing,Other / Unclassified,-11.8,neutral,6,6,high,simulated,simulated,neutral_default,False,False,recomputed
WM,2,5.0,3.9,3.93,2.4,C,9,,Other / Unclassified,,neutral,0,0,none,simulated,simulated,neutral_default,False,False,recomputed
WMB,2,5.0,3.9,3.93,2.4,C,9,,Other / Unclassified,,neutral,0,0,none,simulated,simulated,neutral_default,False,False,recomputed
WMS,3,5.0,3.95,3.93,2.4,C,9,,Other / Unclassified,,neutral,0,0,none,finnhub,finnhub,stock_market_proxy,False,False,recomputed
WMT,2,5.0,3.9,3.93,2.4,C,9,,Other / Unclassified,,neutral,0,0,none,simulated,simulated,neutral_default,False,False,recomputed
WNEB,2,5.15,4.67,4.69,68.9,B,9,Banks - Regional,Other / Unclassified,-7.6,neutral,5,5,substantial,simulated,simulated,neutral_default,False,False,recomputed
WOLF,2,5.91,8.55,8.55,91.7,B,2,Semiconductors,Semiconductors & Chip Tools,-57.3,elevated_volume,8,8,high,simulated,simulated,neutral_default,False,False,recomputed
WPAC,2,4.67,2.22,2.25,0.1,B,9,Shell Companies,Other / Unclassified,-1.5,neutral,5,5,substantial,simulated,simulated,neutral_default,False,False,recomputed
WPM,2,5.0,3.9,3.93,2.4,C,9,,Other / Unclassified,,neutral,0,0,none,simulated,simulated,neutral_default,False,False,recomputed
WPRT,2,5.0,3.9,3.93,2.4,C,9,,Other / Unclassified,,neutral,0,0,none,simulated,simulated,neutral_default,False,False,recomputed
WRB,2,5.0,3.9,3.93,2.4,C,9,,Other / Unclassified,,neutral,0,0,none,simulated,simulated,neutral_default,False,False,recomputed
WRBY,2,5.0,3.9,3.93,2.4,C,9,,Other / Unclassified,,neutral,0,0,none,simulated,simulated,neutral_default,False,False,recomputed
WRD,3,5.0,3.95,3.93,2.4,C,9,,Other / Unclassified,,neutral,0,0,none,finnhub,finnhub,stock_market_proxy,False,False,recomputed
WRN,2,5.64,7.17,7.18,86.3,B,9,Other Industrial Metals & Mining,Other / Unclassified,-48.9,neutral,6,6,high,simulated,simulated,neutral_default,False,False,recomputed
WS,2,6.06,9.32,9.32,94.1,B,9,Steel,Other / Unclassified,-26.0,dark_pool_buying,8,8,high,simulated,simulated,neutral_default,False,False,recomputed
WSBCO,3,5.0,3.95,3.93,2.4,C,9,,Other / Unclassified,,neutral,0,0,none,finnhub,finnhub,stock_market_proxy,False,False,recomputed
WSHP,2,5.0,3.9,3.93,2.4,C,9,,Other / Unclassified,,neutral,0,0,none,simulated,simulated,neutral_default,False,False,recomputed
WSR,2,5.0,3.9,3.93,2.4,C,9,REIT - Retail,Other / Unclassified,,neutral,3,3,partial,simulated,simulated,neutral_default,False,False,recomputed
WST,2,5.0,3.9,3.93,2.4,C,9,,Other / Unclassified,,neutral,0,0,none,simulated,simulated,neutral_default,False,False,recomputed
WSTNR,3,5.0,3.95,3.93,2.4,C,9,,Other / Unclassified,,neutral,1,1,partial,polygon,polygon,stock_market_proxy,False,False,recomputed
WT,3,5.38,5.82,5.86,78.2,A,9,Asset Management,Other / Unclassified,-6.7,neutral,7,7,high,finnhub,finnhub,stock_market_proxy,False,False,recomputed
WTFC,2,6.33,10.0,10.0,96.5,B,6,Banks - Regional,"Enterprise Software, Services & Automation",-14.3,dark_pool_buying,7,7,high,simulated,simulated,neutral_default,False,False,recomputed
WTI,3,5.0,3.95,3.93,2.4,C,9,,Other / Unclassified,,neutral,0,0,none,polygon,polygon,stock_market_proxy,False,False,recomputed
WTS,2,5.23,5.08,5.1,70.4,B,9,Specialty Industrial Machinery,Other / Unclassified,-11.1,neutral,7,7,high,simulated,simulated,neutral_default,False,False,recomputed
WTTR,2,5.0,3.9,3.93,2.4,C,9,,Other / Unclassified,,neutral,0,0,none,simulated,simulated,neutral_default,False,False,recomputed
WTW,2,5.0,3.9,3.93,2.4,C,9,,Other / Unclassified,,neutral,0,0,none,simulated,simulated,neutral_default,False,False,recomputed
WU,2,5.0,3.9,3.93,2.4,C,9,,Other / Unclassified,,neutral,0,0,none,simulated,simulated,neutral_default,False,False,recomputed
WULF,2,5.35,5.69,5.71,74.5,C,3,,"Compute, Data Center & Network Infrastructure",,neutral,0,0,none,simulated,simulated,neutral_default,False,False,recomputed
WVVI,2,5.0,3.9,3.93,2.4,C,9,,Other / Unclassified,,neutral,0,0,none,simulated,simulated,neutral_default,False,False,recomputed
WW,2,5.0,3.9,3.93,2.4,C,9,,Other / Unclassified,,neutral,0,0,none,simulated,simulated,neutral_default,False,False,recomputed
WWD,2,5.0,3.9,3.93,2.4,C,9,,Other / Unclassified,,neutral,0,0,none,simulated,simulated,neutral_default,False,False,recomputed
WY,2,5.0,3.9,3.93,2.4,C,9,,Other / Unclassified,,neutral,0,0,none,simulated,simulated,neutral_default,False,False,recomputed
WYNN,2,5.0,3.9,3.93,2.4,C,9,,Other / Unclassified,,neutral,0,0,none,simulated,simulated,neutral_default,False,False,recomputed
XBP,3,5.0,3.95,3.93,2.4,C,9,,Other / Unclassified,,neutral,0,0,none,simulated,simulated,neutral_default,False,False,recomputed
XBPEW,2,5.35,5.69,5.71,74.5,C,8,,"Fintech, Payments & Digital Assets",,neutral,2,2,partial,simulated,simulated,neutral_default,False,False,recomputed
XCBEU,3,5.0,3.95,3.93,2.4,C,9,,Other / Unclassified,,neutral,0,0,none,polygon,polygon,stock_market_proxy,False,False,recomputed
XE,2,5.0,3.9,3.93,2.4,C,9,,Other / Unclassified,,neutral,0,0,none,simulated,simulated,neutral_default,False,False,recomputed
XEL,2,5.35,5.69,5.71,74.5,C,1,,"Energy, Power & Utilities",,neutral,0,0,none,simulated,simulated,neutral_default,False,False,recomputed
XELLL,2,5.0,3.9,3.93,2.4,C,9,,Other / Unclassified,,neutral,0,0,none,simulated,simulated,neutral_default,False,False,recomputed
XFAB,3,5.0,3.95,3.93,2.4,C,9,,Other / Unclassified,,neutral,0,0,none,simulated,simulated,neutral_default,False,False,recomputed
XFLH,2,5.0,3.9,3.93,2.4,C,9,,Other / Unclassified,,neutral,0,0,none,simulated,simulated,neutral_default,False,False,recomputed
XFLT,2,6.03,9.17,9.16,93.6,B,9,Asset Management,Other / Unclassified,-15.0,dark_pool_buying,6,6,high,simulated,simulated,neutral_default,False,False,recomputed
XNCR,2,5.0,3.9,3.93,2.4,C,9,,Other / Unclassified,,neutral,0,0,none,simulated,simulated,neutral_default,False,False,recomputed
XNDU,3,5.0,3.95,3.93,2.4,C,9,,Other / Unclassified,,neutral,0,0,none,simulated,simulated,neutral_default,False,False,recomputed
XOM,2,5.0,3.9,3.93,2.4,C,9,,Other / Unclassified,,neutral,0,0,none,simulated,simulated,neutral_default,False,False,recomputed
XOMAO,2,5.0,3.9,3.93,2.4,C,9,,Other / Unclassified,,neutral,0,0,none,simulated,simulated,neutral_default,False,False,recomputed
XOMAP,3,5.0,3.95,3.93,2.4,C,9,,Other / Unclassified,,neutral,0,0,none,polygon,polygon,stock_market_proxy,False,False,recomputed
XOSWW,3,5.0,3.95,3.93,2.4,C,9,,Other / Unclassified,,neutral,0,0,none,simulated,simulated,neutral_default,False,False,recomputed
XP,2,5.0,3.9,3.93,2.4,C,9,,Other / Unclassified,,neutral,0,0,none,simulated,simulated,neutral_default,False,False,recomputed
XPEL,3,5.51,6.45,6.52,82.2,B,9,Auto Parts,Other / Unclassified,-19.3,neutral,6,6,high,simulated,simulated,neutral_default,False,False,recomputed
XPER,3,6.22,9.95,10.0,96.5,B,6,Software - Application,"Enterprise Software, Services & Automation",-38.3,neutral,7,7,high,simulated,simulated,neutral_default,False,False,recomputed
XPL,2,5.53,6.61,6.62,83.2,B,9,Other Industrial Metals & Mining,Other / Unclassified,-41.1,low_volume,7,7,high,simulated,simulated,neutral_default,False,False,recomputed
XPO,3,5.0,3.95,3.93,2.4,C,9,,Other / Unclassified,,neutral,0,0,none,simulated,simulated,neutral_default,False,False,recomputed
XPOF,3,5.0,3.95,3.93,2.4,C,9,,Other / Unclassified,,neutral,0,0,none,simulated,simulated,neutral_default,False,False,recomputed
XRX,2,5.0,3.9,3.93,2.4,C,9,,Other / Unclassified,,neutral,0,0,none,simulated,simulated,neutral_default,False,False,recomputed
XRXDW,3,5.0,3.95,3.93,2.4,C,9,,Other / Unclassified,,neutral,0,0,none,polygon,polygon,stock_market_proxy,False,False,recomputed
XSLLW,2,5.0,3.9,3.93,2.4,C,9,,Other / Unclassified,,neutral,0,0,none,simulated,simulated,neutral_default,False,False,recomputed
XTIA,3,5.0,3.95,3.93,2.4,C,9,,Other / Unclassified,,neutral,0,0,none,simulated,simulated,neutral_default,False,False,recomputed
XTLB,2,6.56,10.0,10.0,96.5,B,9,Biotechnology,Other / Unclassified,-75.9,dark_pool_buying,7,7,high,simulated,simulated,neutral_default,False,False,recomputed
XXI,2,5.0,3.9,3.93,2.4,C,9,,Other / Unclassified,,neutral,0,0,none,simulated,simulated,neutral_default,False,False,recomputed
XXII,3,5.0,3.95,3.93,2.4,C,9,,Other / Unclassified,,neutral,0,0,none,finnhub,finnhub,stock_market_proxy,False,False,recomputed
XYL,2,5.0,3.9,3.93,2.4,C,9,,Other / Unclassified,,neutral,0,0,none,simulated,simulated,neutral_default,False,False,recomputed
XYZ,3,5.56,6.7,6.77,83.9,B,8,Software - Infrastructure,"Fintech, Payments & Digital Assets",-10.3,neutral,7,7,high,simulated,simulated,neutral_default,False,False,recomputed
XZO,2,5.0,3.9,3.93,2.4,C,9,,Other / Unclassified,,neutral,0,0,none,simulated,simulated,neutral_default,False,False,recomputed
YCY,2,5.0,3.9,3.93,2.4,C,9,,Other / Unclassified,,neutral,0,0,none,simulated,simulated,neutral_default,False,False,recomputed
YDES,3,5.0,3.95,3.93,2.4,C,9,,Other / Unclassified,,neutral,0,0,none,finnhub,finnhub,stock_market_proxy,False,False,recomputed
YDKG,2,5.0,3.9,3.93,2.4,C,9,,Other / Unclassified,,neutral,0,0,none,simulated,simulated,neutral_default,False,False,recomputed
YEXT,3,5.0,3.95,3.93,2.4,C,9,,Other / Unclassified,,neutral,0,0,none,finnhub,finnhub,stock_market_proxy,False,False,recomputed
YI,3,5.59,6.85,6.93,84.8,B,9,Medical Distribution,Other / Unclassified,-62.4,low_volume,8,8,high,simulated,simulated,neutral_default,False,False,recomputed
YIBO,3,5.0,3.95,3.93,2.4,C,9,,Other / Unclassified,,neutral,0,0,none,finnhub,finnhub,stock_market_proxy,False,False,recomputed
YOOV,2,5.0,3.9,3.93,2.4,C,9,,Other / Unclassified,,neutral,0,0,none,simulated,simulated,neutral_default,False,False,recomputed
YORW,2,5.83,8.14,8.15,90.0,B,1,Utilities - Regulated Water,"Energy, Power & Utilities",-10.2,neutral,7,7,high,simulated,simulated,neutral_default,False,False,recomputed
YOUL,3,5.0,3.95,3.93,2.4,C,9,,Other / Unclassified,,neutral,0,0,none,polygon,polygon,stock_market_proxy,False,False,recomputed
YPF,2,6.19,9.98,9.98,96.2,B,1,Oil & Gas Integrated,"Energy, Power & Utilities",-14.1,neutral,7,7,high,simulated,simulated,neutral_default,False,False,recomputed
YSG,2,5.0,3.9,3.93,2.4,C,9,,Other / Unclassified,,neutral,0,0,none,simulated,simulated,neutral_default,False,False,recomputed
YSXT,2,5.42,6.05,6.06,80.5,B,9,Specialty Business Services,Other / Unclassified,-56.5,low_volume,8,8,high,simulated,simulated,neutral_default,False,False,recomputed
YTRA,2,5.85,8.25,8.25,90.6,B,9,Travel Services,Other / Unclassified,-54.7,neutral,7,7,high,simulated,simulated,neutral_default,False,False,recomputed
YUM,2,5.08,4.31,4.34,67.6,B,9,Restaurants,Other / Unclassified,-15.8,neutral,7,7,high,simulated,simulated,neutral_default,False,False,recomputed
YXT,2,5.0,3.9,3.93,2.4,C,9,,Other / Unclassified,,neutral,0,0,none,simulated,simulated,neutral_default,False,False,recomputed
Z,3,6.22,9.95,10.0,96.5,B,6,Internet Content & Information,"Enterprise Software, Services & Automation",-65.0,neutral,7,7,high,simulated,simulated,neutral_default,False,False,recomputed
ZBAO,3,5.0,3.95,3.93,2.4,C,9,,Other / Unclassified,,neutral,0,0,none,simulated,simulated,neutral_default,False,False,recomputed
ZBH,2,5.0,3.9,3.93,2.4,C,9,,Other / Unclassified,,neutral,0,0,none,simulated,simulated,neutral_default,False,False,recomputed
ZBRA,2,5.15,4.67,4.69,68.9,B,3,Communication Equipment,"Compute, Data Center & Network Infrastructure",0.0,neutral,7,7,high,simulated,simulated,neutral_default,False,False,recomputed
ZEOWW,2,5.0,3.9,3.93,2.4,C,9,,Other / Unclassified,,neutral,0,0,none,simulated,simulated,neutral_default,False,False,recomputed
ZION,2,5.44,6.15,6.16,81.1,B,9,Banks - Regional,Other / Unclassified,-15.0,neutral,6,6,high,simulated,simulated,neutral_default,False,False,recomputed
ZIONP,2,5.0,3.9,3.93,2.4,C,9,,Other / Unclassified,,neutral,0,0,none,simulated,simulated,neutral_default,False,False,recomputed
ZIP,2,4.85,3.14,3.17,0.5,B,9,Internet Content & Information,Other / Unclassified,-30.6,low_volume,7,7,high,simulated,simulated,neutral_default,False,False,recomputed
ZKPW,2,5.0,3.9,3.93,2.4,C,9,,Other / Unclassified,,neutral,0,0,none,simulated,simulated,neutral_default,False,False,recomputed
ZM,2,5.79,7.94,7.94,89.4,B,6,Software - Application,"Enterprise Software, Services & Automation",-15.3,neutral,6,6,high,simulated,simulated,neutral_default,False,False,recomputed
ZONE,3,5.0,3.95,3.93,2.4,C,9,,Other / Unclassified,,neutral,0,0,none,simulated,simulated,neutral_default,False,False,recomputed
ZOOZ,2,5.0,3.9,3.93,2.4,C,9,,Other / Unclassified,,neutral,0,0,none,simulated,simulated,neutral_default,False,False,recomputed
ZS,2,5.77,7.84,7.84,89.1,B,7,Software - Infrastructure,"Cybersecurity, Identity & Data Protection",-36.5,neutral,7,7,high,simulated,simulated,neutral_default,False,False,recomputed
ZTEK,2,5.0,3.9,3.93,2.4,C,9,Medical Instruments & Supplies,Other / Unclassified,,neutral,3,3,partial,simulated,simulated,neutral_default,False,False,recomputed
ZTR,2,5.0,3.9,3.93,2.4,C,9,,Other / Unclassified,,neutral,0,0,none,simulated,simulated,neutral_default,False,False,recomputed
ZTS,2,5.0,3.9,3.93,2.4,C,9,,Other / Unclassified,,neutral,0,0,none,simulated,simulated,neutral_default,False,False,recomputed
ZUMZ,3,6.06,9.16,9.32,94.1,A,9,Apparel Retail,Other / Unclassified,-53.9,neutral,6,6,high,finnhub,finnhub,stock_market_proxy,False,False,recomputed
ZYBT,3,5.0,3.95,3.93,2.4,C,9,,Other / Unclassified,,neutral,0,0,none,polygon,polygon,stock_market_proxy,False,False,recomputed
